n_features,features,silhouette,jacs_score,combined,k,best_cluster,best_n_good,best_n_jacs
10,"('InterPLM_esm2-650m_L24_mean_198', 'ESM2_295', 'ESM2_535', 'ESM2_403', 'ESM2_402', 'ESM2_102', 'ESM2_172', 'ESM2_43', 'ESM2_848', 'AAC_G')",0.3160492893162923,1.5,0.6712345025214046,2,1,89,90
10,"('InterPLM_esm2-650m_L24_mean_198', 'ESM2_295', 'ESM2_535', 'ESM2_403', 'ESM2_402', 'ESM2_102', 'ESM2_172', 'ESM2_43', 'AAC_G', 'ESM2_82')",0.31271532930694057,1.5,0.6689007305148583,2,0,89,91
10,"('InterPLM_esm2-650m_L24_mean_198', 'ESM2_295', 'ESM2_535', 'ESM2_403', 'ESM2_402', 'ESM2_102', 'ESM2_172', 'ESM2_43', 'AAC_G', 'ESM2_406')",0.311807230718007,1.5,0.6682650615026049,3,2,86,86
10,"('InterPLM_esm2-650m_L24_mean_198', 'ESM2_295', 'ESM2_535', 'ESM2_403', 'ESM2_402', 'ESM2_102', 'ESM2_172', 'ESM2_43', 'ESM2_3', 'AAC_G')",0.3115794415287733,1.5,0.6681056090701413,3,1,88,88
10,"('InterPLM_esm2-650m_L24_mean_198', 'ESM2_295', 'ESM2_535', 'ESM2_403', 'ESM2_402', 'ESM2_102', 'ESM2_172', 'ESM2_43', 'AAC_G', 'ESM2_276')",0.3057695761238972,1.5,0.664038703286728,2,1,88,90
10,"('InterPLM_esm2-650m_L24_mean_198', 'ESM2_295', 'ESM2_535', 'ESM2_403', 'ESM2_402', 'ESM2_102', 'ESM2_172', 'ESM2_43', 'InterPLM_esm2-650m_L24_mean_1917', 'AAC_G')",0.3044708747837084,1.5,0.6631296123485958,3,0,87,87
10,"('InterPLM_esm2-650m_L24_mean_198', 'ESM2_295', 'ESM2_535', 'ESM2_403', 'ESM2_402', 'ESM2_102', 'ESM2_172', 'InterPLM_esm2-650m_L24_mean_1917', 'InterPLM_esm2-650m_L24_mean_7025', 'AAC_G')",0.30336139243193794,1.5,0.6623529747023564,3,2,88,88
10,"('InterPLM_esm2-650m_L24_mean_198', 'ESM2_295', 'ESM2_535', 'ESM2_403', 'ESM2_402', 'ESM2_102', 'ESM2_172', 'ESM2_43', 'AAC_G', 'ESM2_574')",0.3021327192004209,1.5,0.6614929034402945,3,2,89,89
10,"('InterPLM_esm2-650m_L24_mean_198', 'ESM2_295', 'ESM2_535', 'ESM2_403', 'ESM2_402', 'ESM2_102', 'ESM2_172', 'ESM2_43', 'InterPLM_esm2-650m_L24_mean_7025', 'AAC_G')",0.30168129247006154,1.5,0.661176904729043,3,1,86,86
10,"('InterPLM_esm2-650m_L24_mean_198', 'ESM2_295', 'ESM2_535', 'ESM2_403', 'ESM2_402', 'ESM2_102', 'ESM2_172', 'ESM2_803', 'ESM2_3', 'AAC_G')",0.3013620768564441,1.5,0.6609534537995108,3,1,84,84
10,"('InterPLM_esm2-650m_L24_mean_198', 'ESM2_295', 'ESM2_535', 'ESM2_403', 'ESM2_402', 'ESM2_102', 'ESM2_172', 'InterPLM_esm2-650m_L24_mean_1917', 'ESM2_917', 'AAC_G')",0.3011118733056147,1.5,0.6607783113139303,3,0,84,84
10,"('InterPLM_esm2-650m_L24_mean_198', 'ESM2_295', 'ESM2_535', 'ESM2_403', 'ESM2_402', 'ESM2_102', 'ESM2_172', 'ESM2_43', 'ESM2_3', 'ESM2_406')",0.2995982503448097,1.5,0.6597187752413667,2,0,82,84
10,"('InterPLM_esm2-650m_L24_mean_198', 'ESM2_295', 'ESM2_535', 'ESM2_403', 'ESM2_402', 'ESM2_102', 'ESM2_172', 'InterPLM_esm2-650m_L24_mean_1917', 'ESM2_848', 'AAC_G')",0.29889824776090895,1.5,0.6592287734326362,3,2,84,84
10,"('InterPLM_esm2-650m_L24_mean_198', 'ESM2_295', 'ESM2_535', 'ESM2_403', 'ESM2_402', 'ESM2_102', 'ESM2_172', 'ESM2_43', 'AAC_G', 'ESM2_1271')",0.2986447310136628,1.5,0.6590513117095639,3,2,86,86
10,"('InterPLM_esm2-650m_L24_mean_198', 'ESM2_295', 'ESM2_535', 'ESM2_403', 'ESM2_402', 'ESM2_102', 'ESM2_172', 'ESM2_803', 'AAC_G', 'ESM2_406')",0.29847183579121167,1.5,0.6589302850538481,3,2,87,87
10,"('InterPLM_esm2-650m_L24_mean_198', 'ESM2_295', 'ESM2_535', 'ESM2_403', 'ESM2_402', 'ESM2_102', 'ESM2_172', 'ESM2_43', 'ESM2_917', 'AAC_G')",0.297581739964544,1.5,0.6583072179751808,3,2,80,80
10,"('InterPLM_esm2-650m_L24_mean_198', 'ESM2_295', 'ESM2_535', 'ESM2_403', 'ESM2_402', 'ESM2_102', 'ESM2_172', 'InterPLM_esm2-650m_L24_mean_1917', 'InterPLM_esm2-650m_L24_mean_6997', 'AAC_G')",0.2975062531485546,1.5,0.6582543772039882,3,2,85,85
10,"('InterPLM_esm2-650m_L24_mean_198', 'ESM2_295', 'ESM2_535', 'ESM2_403', 'ESM2_402', 'ESM2_102', 'ESM2_172', 'ESM2_43', 'AAC_G', 'ESM2_560')",0.29646975742200665,1.5,0.6575288301954045,3,2,83,83
10,"('InterPLM_esm2-650m_L24_mean_198', 'ESM2_295', 'ESM2_535', 'ESM2_403', 'ESM2_402', 'ESM2_102', 'ESM2_172', 'ESM2_43', 'InterPLM_esm2-650m_L24_mean_6997', 'AAC_G')",0.2963678679403898,1.5,0.6574575075582728,3,2,81,81
10,"('InterPLM_esm2-650m_L24_mean_198', 'ESM2_295', 'ESM2_535', 'ESM2_403', 'ESM2_402', 'ESM2_102', 'ESM2_172', 'ESM2_578', 'ESM2_3', 'AAC_G')",0.2958197630899012,1.5,0.6570738341629307,3,2,85,85
10,"('InterPLM_esm2-650m_L24_mean_198', 'ESM2_295', 'ESM2_535', 'ESM2_403', 'ESM2_402', 'ESM2_102', 'ESM2_172', 'ESM2_43', 'AAC_G', 'InterPLM_esm2-650m_L24_mean_1774')",0.2945143302217696,1.5,0.6561600311552387,3,1,85,85
10,"('InterPLM_esm2-650m_L24_mean_198', 'ESM2_295', 'ESM2_535', 'ESM2_403', 'ESM2_402', 'ESM2_102', 'ESM2_172', 'ESM2_43', 'AAC_G', 'MOL_WEIGHT')",0.294432283711645,1.5,0.6561025985981515,3,2,84,84
10,"('InterPLM_esm2-650m_L24_mean_198', 'ESM2_295', 'ESM2_535', 'ESM2_403', 'ESM2_402', 'ESM2_102', 'ESM2_172', 'ESM2_43', 'AAC_G', 'ESM2_518')",0.2944240196940014,1.5,0.656096813785801,3,0,87,87
10,"('InterPLM_esm2-650m_L24_mean_198', 'ESM2_295', 'ESM2_535', 'ESM2_403', 'ESM2_402', 'ESM2_102', 'ESM2_172', 'ESM2_43', 'AAC_G', 'ESM2_521')",0.29404113838622087,1.5,0.6558287968703546,3,0,84,84
10,"('InterPLM_esm2-650m_L24_mean_198', 'ESM2_295', 'ESM2_535', 'ESM2_403', 'ESM2_402', 'ESM2_102', 'ESM2_172', 'ESM2_578', 'AAC_G', 'ESM2_406')",0.29400058319170436,1.5,0.655800408234193,3,2,87,87
10,"('InterPLM_esm2-650m_L24_mean_198', 'ESM2_295', 'ESM2_535', 'ESM2_403', 'ESM2_402', 'ESM2_102', 'ESM2_172', 'ESM2_43', 'InterPLM_esm2-650m_L24_mean_949', 'AAC_G')",0.29391875807058937,1.5,0.6557431306494125,3,2,87,87
10,"('InterPLM_esm2-650m_L24_mean_198', 'ESM2_295', 'ESM2_535', 'ESM2_403', 'ESM2_402', 'ESM2_102', 'ESM2_172', 'ESM2_43', 'AAC_G', 'ESM2_2')",0.29277941239286526,1.5,0.6549455886750056,3,1,90,90
10,"('InterPLM_esm2-650m_L24_mean_198', 'ESM2_295', 'ESM2_535', 'ESM2_403', 'ESM2_402', 'ESM2_102', 'ESM2_172', 'ESM2_43', 'AAC_G', 'ESM2_48')",0.2927416892336959,1.5,0.6549191824635872,3,2,84,84
10,"('InterPLM_esm2-650m_L24_mean_198', 'ESM2_295', 'ESM2_535', 'ESM2_403', 'ESM2_402', 'ESM2_102', 'ESM2_172', 'ESM2_43', 'AAC_G', 'ESM2_776')",0.2921066140746913,1.5,0.6544746298522839,2,0,89,91
10,"('InterPLM_esm2-650m_L24_mean_198', 'ESM2_295', 'ESM2_535', 'ESM2_403', 'ESM2_402', 'ESM2_102', 'ESM2_172', 'ESM2_803', 'InterPLM_esm2-650m_L24_mean_1917', 'AAC_G')",0.29030554115799556,1.5,0.6532138788105968,3,2,89,89
10,"('InterPLM_esm2-650m_L24_mean_198', 'ESM2_295', 'ESM2_535', 'ESM2_403', 'ESM2_402', 'ESM2_102', 'ESM2_172', 'ESM2_578', 'AAC_G', 'ESM2_574')",0.28960644729137786,1.5,0.6527245131039645,3,0,92,92
10,"('InterPLM_esm2-650m_L24_mean_198', 'ESM2_295', 'ESM2_535', 'ESM2_403', 'ESM2_402', 'ESM2_102', 'ESM2_172', 'ESM2_43', 'ESM2_803', 'AAC_G')",0.2892964470286536,1.5,0.6525075129200575,3,0,86,86
10,"('InterPLM_esm2-650m_L24_mean_198', 'ESM2_295', 'ESM2_535', 'ESM2_403', 'ESM2_402', 'ESM2_102', 'ESM2_172', 'ESM2_43', 'ESM2_848', 'ESM2_3')",0.2889118799855993,1.5,0.6522383159899194,2,0,82,84
10,"('InterPLM_esm2-650m_L24_mean_198', 'ESM2_295', 'ESM2_535', 'ESM2_403', 'ESM2_402', 'ESM2_102', 'ESM2_172', 'ESM2_803', 'AAC_G', 'ESM2_276')",0.28883182777632216,1.5,0.6521822794434254,3,2,87,87
10,"('InterPLM_esm2-650m_L24_mean_198', 'ESM2_295', 'ESM2_535', 'ESM2_403', 'ESM2_402', 'ESM2_102', 'ESM2_172', 'ESM2_43', 'AAC_G', 'InterPLM_esm2-650m_L24_mean_10015')",0.2887872587810957,1.5,0.6521510811467669,3,1,86,86
10,"('InterPLM_esm2-650m_L24_mean_198', 'ESM2_295', 'ESM2_535', 'ESM2_403', 'ESM2_402', 'ESM2_102', 'ESM2_172', 'ESM2_43', 'AAC_G', 'ESM2_746')",0.28846710719751645,1.5,0.6519269750382615,3,1,89,89
10,"('InterPLM_esm2-650m_L24_mean_198', 'ESM2_295', 'ESM2_535', 'ESM2_403', 'ESM2_402', 'ESM2_102', 'ESM2_172', 'ESM2_43', 'AAC_G', 'ESM2_34')",0.2878329760798129,1.5,0.651483083255869,3,0,83,83
10,"('InterPLM_esm2-650m_L24_mean_198', 'ESM2_295', 'ESM2_535', 'ESM2_403', 'ESM2_402', 'ESM2_102', 'ESM2_172', 'ESM2_578', 'AAC_G', 'ESM2_1271')",0.2877669609586524,1.5,0.6514368726710567,3,2,84,84
10,"('InterPLM_esm2-650m_L24_mean_198', 'ESM2_295', 'ESM2_535', 'ESM2_403', 'ESM2_402', 'ESM2_102', 'ESM2_172', 'ESM2_43', 'AAC_G', 'InterPLM_esm2-650m_L24_mean_1356')",0.2872871133269546,1.5,0.6511009793288682,3,1,84,84
10,"('InterPLM_esm2-650m_L24_mean_198', 'ESM2_295', 'ESM2_535', 'ESM2_403', 'ESM2_402', 'ESM2_102', 'ESM2_172', 'ESM2_43', 'ESM2_848', 'ESM2_82')",0.287261532824113,1.5,0.6510830729768791,2,0,79,81
10,"('InterPLM_esm2-650m_L24_mean_198', 'ESM2_295', 'ESM2_535', 'ESM2_403', 'ESM2_402', 'ESM2_102', 'ESM2_172', 'ESM2_43', 'AAC_G', 'ESM2_1277')",0.2870040645083552,1.5,0.6509028451558486,3,2,85,85
10,"('InterPLM_esm2-650m_L24_mean_198', 'ESM2_295', 'ESM2_535', 'ESM2_403', 'ESM2_402', 'ESM2_102', 'ESM2_172', 'ESM2_43', 'ESM2_578', 'AAC_G')",0.28675628195565883,1.5,0.6507293973689612,3,2,85,85
10,"('InterPLM_esm2-650m_L24_mean_198', 'ESM2_295', 'ESM2_535', 'ESM2_403', 'ESM2_402', 'ESM2_102', 'ESM2_172', 'ESM2_43', 'ESM2_848', 'ESM2_406')",0.2866683204156826,1.5,0.6506678242909778,2,0,76,78
10,"('InterPLM_esm2-650m_L24_mean_198', 'ESM2_295', 'ESM2_535', 'ESM2_403', 'ESM2_402', 'ESM2_102', 'ESM2_172', 'ESM2_803', 'AAC_G', 'InterPLM_esm2-650m_L24_mean_1774')",0.28628591734475195,1.5,0.6504001421413264,3,2,86,86
10,"('InterPLM_esm2-650m_L24_mean_198', 'ESM2_295', 'ESM2_535', 'ESM2_403', 'ESM2_402', 'ESM2_102', 'ESM2_172', 'ESM2_803', 'InterPLM_esm2-650m_L24_mean_7025', 'AAC_G')",0.28627807279920525,1.5,0.6503946509594436,3,2,88,88
10,"('InterPLM_esm2-650m_L24_mean_198', 'ESM2_295', 'ESM2_535', 'ESM2_403', 'ESM2_402', 'ESM2_102', 'ESM2_172', 'ESM2_43', 'AAC_G', 'ESM2_80')",0.28626215043357983,1.5,0.6503835053035059,2,0,91,93
10,"('InterPLM_esm2-650m_L24_mean_198', 'ESM2_295', 'ESM2_535', 'ESM2_403', 'ESM2_402', 'ESM2_102', 'ESM2_172', 'ESM2_43', 'AAC_G', 'ESM2_960')",0.28624238517901957,1.5,0.6503696696253136,3,1,83,83
10,"('InterPLM_esm2-650m_L24_mean_198', 'ESM2_295', 'ESM2_535', 'ESM2_403', 'ESM2_402', 'ESM2_102', 'ESM2_172', 'ESM2_803', 'ESM2_848', 'AAC_G')",0.28606917720054215,1.5,0.6502484240403794,2,0,90,91
10,"('InterPLM_esm2-650m_L24_mean_198', 'ESM2_295', 'ESM2_535', 'ESM2_403', 'ESM2_402', 'ESM2_102', 'ESM2_172', 'ESM2_43', 'AAC_G', 'ESM2_40')",0.2857661033012664,1.5,0.6500362723108865,2,0,92,94
10,"('InterPLM_esm2-650m_L24_mean_198', 'ESM2_295', 'ESM2_535', 'ESM2_403', 'ESM2_402', 'ESM2_102', 'ESM2_172', 'ESM2_43', 'AAC_G', 'ESM2_1048')",0.28549554764083723,1.5,0.649846883348586,3,2,87,87
10,"('InterPLM_esm2-650m_L24_mean_198', 'ESM2_295', 'ESM2_535', 'ESM2_403', 'ESM2_402', 'ESM2_102', 'ESM2_172', 'ESM2_803', 'AAC_G', 'ESM2_1271')",0.2852587708891524,1.5,0.6496811396224067,3,2,86,86
10,"('InterPLM_esm2-650m_L24_mean_198', 'ESM2_295', 'ESM2_535', 'ESM2_403', 'ESM2_402', 'ESM2_102', 'ESM2_172', 'ESM2_578', 'InterPLM_esm2-650m_L24_mean_1917', 'AAC_G')",0.284864678496786,1.5,0.6494052749477501,3,0,90,90
10,"('InterPLM_esm2-650m_L24_mean_198', 'ESM2_295', 'ESM2_535', 'ESM2_403', 'ESM2_402', 'ESM2_102', 'ESM2_172', 'ESM2_578', 'AAC_G', 'ESM2_276')",0.28420778320387813,1.5,0.6489454482427146,3,2,85,85
10,"('InterPLM_esm2-650m_L24_mean_198', 'ESM2_295', 'ESM2_535', 'ESM2_403', 'ESM2_402', 'ESM2_102', 'ESM2_172', 'ESM2_803', 'AAC_G', 'ESM2_521')",0.28416657731380596,1.5,0.6489166041196641,3,2,87,87
10,"('InterPLM_esm2-650m_L24_mean_198', 'ESM2_295', 'ESM2_535', 'ESM2_403', 'ESM2_402', 'ESM2_102', 'ESM2_172', 'ESM2_803', 'ESM2_917', 'AAC_G')",0.284160808221878,1.5,0.6489125657553145,3,1,86,86
10,"('InterPLM_esm2-650m_L24_mean_198', 'ESM2_295', 'ESM2_535', 'ESM2_403', 'ESM2_402', 'ESM2_102', 'ESM2_172', 'ESM2_43', 'InterPLM_esm2-650m_L24_mean_7025', 'ESM2_3')",0.28363762008484494,1.5,0.6485463340593914,2,0,79,81
10,"('InterPLM_esm2-650m_L24_mean_198', 'ESM2_295', 'ESM2_535', 'ESM2_403', 'ESM2_402', 'ESM2_102', 'ESM2_172', 'ESM2_578', 'ESM2_848', 'AAC_G')",0.2835381250205838,1.5,0.6484766875144086,2,0,90,91
10,"('InterPLM_esm2-650m_L24_mean_198', 'ESM2_295', 'ESM2_535', 'ESM2_403', 'ESM2_402', 'ESM2_102', 'ESM2_172', 'ESM2_803', 'AAC_G', 'ESM2_2')",0.2824271452161695,1.5,0.6476990016513187,3,1,87,87
10,"('InterPLM_esm2-650m_L24_mean_198', 'ESM2_295', 'ESM2_535', 'ESM2_403', 'ESM2_402', 'ESM2_102', 'ESM2_172', 'ESM2_803', 'AAC_G', 'ESM2_82')",0.282363486515396,1.5,0.6476544405607771,2,1,93,95
10,"('InterPLM_esm2-650m_L24_mean_198', 'ESM2_295', 'ESM2_535', 'ESM2_403', 'ESM2_402', 'ESM2_102', 'ESM2_172', 'ESM2_803', 'ESM2_3', 'ESM2_406')",0.28221726158682653,1.5,0.6475520831107785,2,0,79,81
10,"('InterPLM_esm2-650m_L24_mean_198', 'ESM2_295', 'ESM2_535', 'ESM2_403', 'ESM2_402', 'ESM2_102', 'ESM2_172', 'ESM2_43', 'ESM2_3', 'InterPLM_esm2-650m_L24_mean_10015')",0.28185170370634105,1.5,0.6472961925944387,2,0,80,82
10,"('InterPLM_esm2-650m_L24_mean_198', 'ESM2_295', 'ESM2_535', 'ESM2_403', 'ESM2_402', 'ESM2_102', 'ESM2_172', 'ESM2_803', 'InterPLM_esm2-650m_L24_mean_6997', 'AAC_G')",0.2817758969495779,1.5,0.6472431278647045,3,2,85,85
10,"('InterPLM_esm2-650m_L24_mean_198', 'ESM2_295', 'ESM2_535', 'ESM2_403', 'ESM2_402', 'ESM2_102', 'ESM2_172', 'ESM2_803', 'AAC_G', 'ESM2_574')",0.281229032236493,1.5,0.646860322565545,3,1,92,92
10,"('InterPLM_esm2-650m_L24_mean_198', 'ESM2_295', 'ESM2_535', 'ESM2_403', 'ESM2_402', 'ESM2_102', 'ESM2_172', 'ESM2_43', 'ESM2_917', 'ESM2_3')",0.2811425992735009,1.5,0.6467998194914506,2,0,76,78
10,"('InterPLM_esm2-650m_L24_mean_198', 'ESM2_295', 'ESM2_535', 'ESM2_403', 'ESM2_402', 'ESM2_102', 'ESM2_172', 'ESM2_578', 'AAC_G', 'ESM2_560')",0.28109814850130715,1.5,0.6467687039509149,3,2,86,86
10,"('InterPLM_esm2-650m_L24_mean_198', 'ESM2_295', 'ESM2_535', 'ESM2_403', 'ESM2_402', 'ESM2_102', 'ESM2_172', 'ESM2_578', 'InterPLM_esm2-650m_L24_mean_7025', 'AAC_G')",0.28062610059329846,1.5,0.6464382704153089,3,0,89,89
10,"('InterPLM_esm2-650m_L24_mean_198', 'ESM2_295', 'ESM2_535', 'ESM2_403', 'ESM2_402', 'ESM2_102', 'ESM2_172', 'ESM2_43', 'ESM2_3', 'ESM2_82')",0.28030647798445474,1.5,0.6462145345891183,2,0,78,80
10,"('InterPLM_esm2-650m_L24_mean_198', 'ESM2_295', 'ESM2_535', 'ESM2_403', 'ESM2_402', 'ESM2_102', 'ESM2_172', 'ESM2_803', 'AAC_G', 'ESM2_560')",0.28008180349447903,1.5,0.6460572624461353,3,0,86,86
10,"('InterPLM_esm2-650m_L24_mean_198', 'ESM2_295', 'ESM2_535', 'ESM2_403', 'ESM2_402', 'ESM2_102', 'ESM2_172', 'ESM2_578', 'AAC_G', 'InterPLM_esm2-650m_L24_mean_1774')",0.27969528081363054,1.5,0.6457866965695414,3,2,86,86
10,"('InterPLM_esm2-650m_L24_mean_198', 'ESM2_295', 'ESM2_535', 'ESM2_403', 'ESM2_402', 'ESM2_102', 'ESM2_172', 'ESM2_578', 'ESM2_917', 'AAC_G')",0.2795835409240078,1.5,0.6457084786468054,3,1,85,85
10,"('InterPLM_esm2-650m_L24_mean_198', 'ESM2_295', 'ESM2_535', 'ESM2_403', 'ESM2_402', 'ESM2_102', 'ESM2_172', 'ESM2_803', 'AAC_G', 'ESM2_518')",0.27957142157447534,1.5,0.6456999951021327,3,2,88,88
10,"('InterPLM_esm2-650m_L24_mean_198', 'ESM2_295', 'ESM2_535', 'ESM2_403', 'ESM2_402', 'ESM2_102', 'ESM2_172', 'ESM2_803', 'InterPLM_esm2-650m_L24_mean_949', 'AAC_G')",0.27935167023209656,1.5,0.6455461691624675,3,2,88,88
10,"('InterPLM_esm2-650m_L24_mean_198', 'ESM2_295', 'ESM2_535', 'ESM2_403', 'ESM2_402', 'ESM2_102', 'ESM2_172', 'ESM2_578', 'AAC_G', 'MOL_WEIGHT')",0.2792180406778801,1.5,0.645452628474516,4,2,78,78
10,"('InterPLM_esm2-650m_L24_mean_198', 'ESM2_295', 'ESM2_535', 'ESM2_403', 'ESM2_402', 'ESM2_102', 'ESM2_172', 'ESM2_578', 'AAC_G', 'ESM2_2')",0.2790624012928102,1.5,0.6453436809049671,4,0,83,83
10,"('InterPLM_esm2-650m_L24_mean_198', 'ESM2_295', 'ESM2_535', 'ESM2_403', 'ESM2_402', 'ESM2_102', 'ESM2_172', 'ESM2_578', 'AAC_G', 'ESM2_521')",0.2782913229813028,1.5,0.644803926086912,3,2,87,87
10,"('InterPLM_esm2-650m_L24_mean_198', 'ESM2_295', 'ESM2_535', 'ESM2_403', 'ESM2_402', 'ESM2_102', 'ESM2_172', 'ESM2_578', 'AAC_G', 'ESM2_518')",0.27822972203851337,1.5,0.6447608054269593,3,2,87,87
10,"('InterPLM_esm2-650m_L24_mean_198', 'ESM2_295', 'ESM2_535', 'ESM2_403', 'ESM2_402', 'ESM2_102', 'ESM2_172', 'ESM2_803', 'AAC_G', 'ESM2_48')",0.277927518891418,1.5,0.6445492632239925,3,2,90,90
10,"('InterPLM_esm2-650m_L24_mean_198', 'ESM2_295', 'ESM2_535', 'ESM2_403', 'ESM2_402', 'ESM2_102', 'ESM2_172', 'ESM2_43', 'ESM2_3', 'ESM2_518')",0.27777449109469665,1.5,0.6444421437662876,2,0,76,78
10,"('InterPLM_esm2-650m_L24_mean_198', 'ESM2_295', 'ESM2_535', 'ESM2_403', 'ESM2_402', 'ESM2_102', 'ESM2_172', 'ESM2_578', 'InterPLM_esm2-650m_L24_mean_6997', 'AAC_G')",0.2777119733100703,1.5,0.6443983813170492,3,0,87,87
10,"('InterPLM_esm2-650m_L24_mean_198', 'ESM2_295', 'ESM2_535', 'ESM2_403', 'ESM2_402', 'ESM2_102', 'ESM2_172', 'ESM2_578', 'AAC_G', 'ESM2_82')",0.2774239302889768,1.5,0.6441967512022837,3,2,87,87
10,"('InterPLM_esm2-650m_L24_mean_198', 'ESM2_295', 'ESM2_535', 'ESM2_403', 'ESM2_402', 'ESM2_102', 'ESM2_172', 'ESM2_43', 'ESM2_848', 'ESM2_1271')",0.2768151086879047,1.5,0.6437705760815332,2,1,75,77
10,"('InterPLM_esm2-650m_L24_mean_198', 'ESM2_295', 'ESM2_535', 'ESM2_403', 'ESM2_402', 'ESM2_102', 'ESM2_172', 'ESM2_578', 'ESM2_3', 'ESM2_406')",0.2810619444843322,1.49,0.6437433611390325,2,0,74,76
10,"('InterPLM_esm2-650m_L24_mean_198', 'ESM2_295', 'ESM2_535', 'ESM2_403', 'ESM2_402', 'ESM2_102', 'ESM2_172', 'ESM2_43', 'InterPLM_esm2-650m_L24_mean_949', 'ESM2_3')",0.2765969193778455,1.5,0.6436178435644918,2,0,78,80
10,"('InterPLM_esm2-650m_L24_mean_198', 'ESM2_295', 'ESM2_535', 'ESM2_403', 'ESM2_402', 'ESM2_102', 'ESM2_172', 'ESM2_43', 'ESM2_3', 'ESM2_1271')",0.2761347037079561,1.5,0.6432942925955693,2,0,77,79
10,"('InterPLM_esm2-650m_L24_mean_198', 'ESM2_295', 'ESM2_535', 'ESM2_403', 'ESM2_402', 'ESM2_102', 'ESM2_172', 'ESM2_578', 'AAC_G', 'InterPLM_esm2-650m_L24_mean_10015')",0.275785291007629,1.5,0.6430497037053402,3,0,88,88
10,"('InterPLM_esm2-650m_L24_mean_198', 'ESM2_295', 'ESM2_535', 'ESM2_403', 'ESM2_402', 'ESM2_102', 'ESM2_172', 'ESM2_803', 'AAC_G', 'ESM2_776')",0.27556355199685817,1.5,0.6428944863978007,3,2,89,89
10,"('InterPLM_esm2-650m_L24_mean_198', 'ESM2_295', 'ESM2_535', 'ESM2_403', 'ESM2_402', 'ESM2_102', 'ESM2_172', 'ESM2_803', 'AAC_G', 'MOL_WEIGHT')",0.2755117487423323,1.5,0.6428582241196326,3,0,88,88
10,"('InterPLM_esm2-650m_L24_mean_198', 'ESM2_295', 'ESM2_535', 'ESM2_403', 'ESM2_402', 'ESM2_102', 'ESM2_172', 'ESM2_578', 'InterPLM_esm2-650m_L24_mean_949', 'AAC_G')",0.2751270888737867,1.5,0.6425889622116506,3,0,91,91
10,"('InterPLM_esm2-650m_L24_mean_198', 'ESM2_295', 'ESM2_535', 'ESM2_403', 'ESM2_402', 'ESM2_102', 'ESM2_172', 'ESM2_803', 'AAC_G', 'InterPLM_esm2-650m_L24_mean_10015')",0.27509981605007233,1.5,0.6425698712350506,3,2,87,87
10,"('InterPLM_esm2-650m_L24_mean_198', 'ESM2_295', 'ESM2_535', 'ESM2_403', 'ESM2_402', 'ESM2_102', 'ESM2_172', 'ESM2_578', 'AAC_G', 'ESM2_48')",0.27497746621368163,1.5,0.6424842263495771,3,2,90,90
10,"('InterPLM_esm2-650m_L24_mean_198', 'ESM2_295', 'ESM2_535', 'ESM2_403', 'ESM2_402', 'ESM2_102', 'ESM2_172', 'InterPLM_esm2-650m_L24_mean_1917', 'InterPLM_esm2-650m_L24_mean_6997', 'ESM2_521')",0.2745308841001619,1.5,0.6421716188701133,2,0,77,77
10,"('InterPLM_esm2-650m_L24_mean_198', 'ESM2_295', 'ESM2_535', 'ESM2_403', 'ESM2_402', 'ESM2_102', 'ESM2_172', 'ESM2_43', 'ESM2_848', 'ESM2_40')",0.274102388773232,1.5,0.6418716721412623,2,1,75,77
10,"('InterPLM_esm2-650m_L24_mean_198', 'ESM2_295', 'ESM2_535', 'ESM2_403', 'ESM2_402', 'ESM2_102', 'ESM2_172', 'ESM2_43', 'ESM2_3', 'ESM2_574')",0.2736966450369861,1.5,0.6415876515258903,2,0,79,81
10,"('InterPLM_esm2-650m_L24_mean_198', 'ESM2_295', 'ESM2_535', 'ESM2_403', 'ESM2_402', 'ESM2_102', 'ESM2_172', 'ESM2_578', 'AAC_G', 'ESM2_40')",0.2736834989090113,1.5,0.6415784492363078,3,0,87,87
10,"('InterPLM_esm2-650m_L24_mean_198', 'ESM2_295', 'ESM2_535', 'ESM2_403', 'ESM2_402', 'ESM2_102', 'ESM2_172', 'ESM2_43', 'ESM2_3', 'ESM2_276')",0.2736635686118066,1.5,0.6415644980282645,2,0,80,82
10,"('InterPLM_esm2-650m_L24_mean_198', 'ESM2_295', 'ESM2_535', 'ESM2_403', 'ESM2_402', 'ESM2_102', 'ESM2_172', 'ESM2_803', 'AAC_G', 'ESM2_960')",0.2730206654916775,1.5,0.6411144658441742,3,0,87,87
10,"('InterPLM_esm2-650m_L24_mean_198', 'ESM2_295', 'ESM2_535', 'ESM2_403', 'ESM2_402', 'ESM2_102', 'ESM2_172', 'ESM2_43', 'ESM2_848', 'ESM2_776')",0.27285261911137404,1.5,0.6409968333779618,2,0,76,77
10,"('InterPLM_esm2-650m_L24_mean_198', 'ESM2_295', 'ESM2_535', 'ESM2_403', 'ESM2_402', 'ESM2_102', 'ESM2_172', 'ESM2_803', 'ESM2_578', 'AAC_G')",0.27274590664482595,1.5,0.6409221346513782,3,1,88,88
10,"('InterPLM_esm2-650m_L24_mean_198', 'ESM2_295', 'ESM2_535', 'ESM2_403', 'ESM2_402', 'ESM2_102', 'ESM2_172', 'ESM2_803', 'AAC_G', 'InterPLM_esm2-650m_L24_mean_1356')",0.2727406560684466,1.5,0.6409184592479126,3,2,89,89
10,"('InterPLM_esm2-650m_L24_mean_198', 'ESM2_295', 'ESM2_535', 'ESM2_403', 'ESM2_402', 'ESM2_102', 'ESM2_172', 'ESM2_43', 'ESM2_3', 'ESM2_40')",0.27259167482650554,1.5,0.6408141723785539,2,0,80,82
10,"('InterPLM_esm2-650m_L24_mean_198', 'ESM2_295', 'ESM2_535', 'ESM2_403', 'ESM2_402', 'ESM2_102', 'ESM2_172', 'ESM2_43', 'ESM2_3', 'ESM2_960')",0.27253087718150726,1.5,0.640771614027055,2,0,79,81
10,"('InterPLM_esm2-650m_L24_mean_198', 'ESM2_295', 'ESM2_535', 'ESM2_403', 'ESM2_402', 'ESM2_102', 'ESM2_172', 'ESM2_43', 'ESM2_578', 'ESM2_3')",0.27234315333078873,1.5,0.640640207331552,2,0,78,80
10,"('InterPLM_esm2-650m_L24_mean_198', 'ESM2_295', 'ESM2_535', 'ESM2_403', 'ESM2_402', 'ESM2_102', 'ESM2_172', 'ESM2_43', 'InterPLM_esm2-650m_L24_mean_7025', 'ESM2_406')",0.2722800242299241,1.5,0.6405960169609468,2,1,75,77
10,"('InterPLM_esm2-650m_L24_mean_198', 'ESM2_295', 'ESM2_535', 'ESM2_403', 'ESM2_402', 'ESM2_102', 'ESM2_172', 'ESM2_578', 'AAC_G', 'ESM2_776')",0.27223195764158603,1.5,0.6405623703491101,3,1,89,89
10,"('InterPLM_esm2-650m_L24_mean_198', 'ESM2_295', 'ESM2_535', 'ESM2_403', 'ESM2_402', 'ESM2_102', 'ESM2_172', 'ESM2_43', 'InterPLM_esm2-650m_L24_mean_6997', 'ESM2_3')",0.27222903610201865,1.5,0.6405603252714129,2,1,78,80
10,"('InterPLM_esm2-650m_L24_mean_198', 'ESM2_295', 'ESM2_535', 'ESM2_403', 'ESM2_402', 'ESM2_102', 'ESM2_172', 'ESM2_43', 'ESM2_3', 'ESM2_80')",0.2720936862317859,1.5,0.6404655803622501,2,0,75,77
10,"('InterPLM_esm2-650m_L24_mean_198', 'ESM2_295', 'ESM2_535', 'ESM2_403', 'ESM2_402', 'ESM2_102', 'ESM2_172', 'ESM2_578', 'AAC_G', 'ESM2_746')",0.2720421612378962,1.5,0.6404295128665273,3,1,92,92
10,"('InterPLM_esm2-650m_L24_mean_198', 'ESM2_295', 'ESM2_535', 'ESM2_403', 'ESM2_402', 'ESM2_102', 'ESM2_172', 'ESM2_803', 'AAC_G', 'ESM2_34')",0.27176866694287494,1.5,0.6402380668600124,3,0,87,87
10,"('InterPLM_esm2-650m_L24_mean_198', 'ESM2_295', 'ESM2_535', 'ESM2_403', 'ESM2_402', 'ESM2_102', 'ESM2_172', 'ESM2_803', 'AAC_G', 'ESM2_1277')",0.27171230795891443,1.5,0.64019861557124,3,2,86,86
10,"('InterPLM_esm2-650m_L24_mean_198', 'ESM2_295', 'ESM2_535', 'ESM2_403', 'ESM2_402', 'ESM2_102', 'ESM2_172', 'ESM2_43', 'ESM2_848', 'ESM2_518')",0.27158223892727495,1.5,0.6401075672490923,2,0,75,77
10,"('InterPLM_esm2-650m_L24_mean_198', 'ESM2_295', 'ESM2_535', 'ESM2_403', 'ESM2_402', 'ESM2_102', 'ESM2_172', 'ESM2_803', 'AAC_G', 'ESM2_80')",0.27156340630378006,1.5,0.640094384412646,3,2,89,89
10,"('InterPLM_esm2-650m_L24_mean_198', 'ESM2_295', 'ESM2_535', 'ESM2_403', 'ESM2_402', 'ESM2_102', 'ESM2_172', 'ESM2_43', 'ESM2_3', 'InterPLM_esm2-650m_L24_mean_1356')",0.2713160284038467,1.5,0.6399212198826927,2,1,76,78
10,"('InterPLM_esm2-650m_L24_mean_198', 'ESM2_295', 'ESM2_535', 'ESM2_403', 'ESM2_402', 'ESM2_102', 'ESM2_172', 'ESM2_43', 'ESM2_803', 'ESM2_3')",0.2711657557894278,1.5,0.6398160290525994,2,0,80,82
10,"('InterPLM_esm2-650m_L24_mean_198', 'ESM2_295', 'ESM2_535', 'ESM2_403', 'ESM2_402', 'ESM2_102', 'ESM2_172', 'ESM2_43', 'ESM2_3', 'ESM2_776')",0.27112080109553616,1.5,0.6397845607668753,2,0,83,85
10,"('InterPLM_esm2-650m_L24_mean_198', 'ESM2_295', 'ESM2_535', 'ESM2_403', 'ESM2_402', 'ESM2_102', 'ESM2_172', 'ESM2_803', 'AAC_G', 'ESM2_40')",0.2710375160801136,1.5,0.6397262612560795,3,1,86,86
10,"('InterPLM_esm2-650m_L24_mean_198', 'ESM2_295', 'ESM2_535', 'ESM2_403', 'ESM2_402', 'ESM2_102', 'ESM2_172', 'ESM2_803', 'AAC_G', 'ESM2_1048')",0.27078100190899723,1.5,0.639546701336298,3,2,87,87
10,"('InterPLM_esm2-650m_L24_mean_198', 'ESM2_295', 'ESM2_535', 'ESM2_403', 'ESM2_402', 'ESM2_102', 'ESM2_172', 'ESM2_803', 'AAC_G', 'ESM2_746')",0.2702645574877334,1.5,0.6391851902414134,3,0,90,90
10,"('InterPLM_esm2-650m_L24_mean_198', 'ESM2_295', 'ESM2_535', 'ESM2_403', 'ESM2_402', 'ESM2_102', 'ESM2_172', 'ESM2_43', 'ESM2_917', 'ESM2_848')",0.26972064581630484,1.5,0.6388044520714133,2,0,75,77
10,"('InterPLM_esm2-650m_L24_mean_198', 'ESM2_295', 'ESM2_535', 'ESM2_403', 'ESM2_402', 'ESM2_102', 'ESM2_172', 'ESM2_578', 'AAC_G', 'ESM2_960')",0.2696444045578064,1.5,0.6387510831904645,3,2,88,88
10,"('InterPLM_esm2-650m_L24_mean_198', 'ESM2_295', 'ESM2_535', 'ESM2_403', 'ESM2_402', 'ESM2_102', 'ESM2_172', 'ESM2_43', 'ESM2_848', 'ESM2_276')",0.2696419652147493,1.5,0.6387493756503244,2,0,79,81
10,"('InterPLM_esm2-650m_L24_mean_198', 'ESM2_295', 'ESM2_535', 'ESM2_403', 'ESM2_402', 'ESM2_102', 'ESM2_172', 'ESM2_43', 'ESM2_82', 'ESM2_406')",0.2693312530701116,1.5,0.638531877149078,2,0,81,83
10,"('InterPLM_esm2-650m_L24_mean_198', 'ESM2_295', 'ESM2_535', 'ESM2_403', 'ESM2_402', 'ESM2_102', 'ESM2_172', 'ESM2_43', 'ESM2_3', 'ESM2_1048')",0.26903967902892606,1.5,0.6383277753202482,2,0,77,79
10,"('InterPLM_esm2-650m_L24_mean_198', 'ESM2_295', 'ESM2_535', 'ESM2_403', 'ESM2_402', 'ESM2_102', 'ESM2_172', 'ESM2_578', 'AAC_G', 'ESM2_1277')",0.26878585670597976,1.5,0.6381500996941858,3,2,90,90
10,"('InterPLM_esm2-650m_L24_mean_198', 'ESM2_295', 'ESM2_535', 'ESM2_403', 'ESM2_402', 'ESM2_102', 'ESM2_172', 'ESM2_43', 'ESM2_3', 'ESM2_560')",0.26847870151687464,1.5,0.6379350910618122,2,0,78,80
10,"('InterPLM_esm2-650m_L24_mean_198', 'ESM2_295', 'ESM2_535', 'ESM2_403', 'ESM2_402', 'ESM2_102', 'ESM2_172', 'ESM2_578', 'AAC_G', 'ESM2_34')",0.2681998618807825,1.5,0.6377399033165476,3,1,81,81
10,"('InterPLM_esm2-650m_L24_mean_198', 'ESM2_295', 'ESM2_535', 'ESM2_403', 'ESM2_402', 'ESM2_102', 'ESM2_172', 'ESM2_578', 'AAC_G', 'ESM2_1048')",0.267650665187686,1.5,0.6373554656313801,3,2,88,88
10,"('InterPLM_esm2-650m_L24_mean_198', 'ESM2_295', 'ESM2_535', 'ESM2_403', 'ESM2_402', 'ESM2_102', 'ESM2_172', 'ESM2_43', 'ESM2_3', 'ESM2_2')",0.267576493598231,1.5,0.6373035455187617,2,1,78,80
10,"('InterPLM_esm2-650m_L24_mean_198', 'ESM2_295', 'ESM2_535', 'ESM2_403', 'ESM2_402', 'ESM2_102', 'ESM2_172', 'ESM2_43', 'ESM2_3', 'ESM2_34')",0.27603057653152874,1.48,0.6372214035720701,2,0,73,75
10,"('InterPLM_esm2-650m_L24_mean_198', 'ESM2_295', 'ESM2_535', 'ESM2_403', 'ESM2_402', 'ESM2_102', 'ESM2_172', 'ESM2_43', 'ESM2_3', 'ESM2_746')",0.26736015166909516,1.5,0.6371521061683666,2,0,77,79
10,"('InterPLM_esm2-650m_L24_mean_198', 'ESM2_295', 'ESM2_535', 'ESM2_403', 'ESM2_402', 'ESM2_102', 'ESM2_172', 'ESM2_578', 'AAC_G', 'InterPLM_esm2-650m_L24_mean_1356')",0.267227466822719,1.5,0.6370592267759032,3,2,91,91
10,"('InterPLM_esm2-650m_L24_mean_198', 'ESM2_295', 'ESM2_535', 'ESM2_403', 'ESM2_402', 'ESM2_102', 'ESM2_172', 'ESM2_43', 'ESM2_848', 'InterPLM_esm2-650m_L24_mean_949')",0.2712615197627017,1.49,0.6368830638338911,2,0,74,76
10,"('InterPLM_esm2-650m_L24_mean_198', 'ESM2_295', 'ESM2_535', 'ESM2_403', 'ESM2_402', 'ESM2_102', 'ESM2_172', 'ESM2_803', 'ESM2_848', 'ESM2_3')",0.2667495405020829,1.5,0.636724678351458,2,1,77,79
10,"('InterPLM_esm2-650m_L24_mean_198', 'ESM2_295', 'ESM2_535', 'ESM2_403', 'ESM2_402', 'ESM2_102', 'ESM2_172', 'ESM2_578', 'AAC_G', 'ESM2_80')",0.2664576073538002,1.5,0.6365203251476601,3,2,90,90
10,"('InterPLM_esm2-650m_L24_mean_198', 'ESM2_295', 'ESM2_535', 'ESM2_403', 'ESM2_402', 'ESM2_102', 'ESM2_172', 'ESM2_43', 'ESM2_82', 'ESM2_1271')",0.26596058665902395,1.5,0.6361724106613167,2,0,78,80
10,"('InterPLM_esm2-650m_L24_mean_198', 'ESM2_295', 'ESM2_535', 'ESM2_403', 'ESM2_402', 'ESM2_102', 'ESM2_172', 'ESM2_43', 'ESM2_406', 'ESM2_1271')",0.26512943264913463,1.5,0.6355906028543942,2,0,81,83
10,"('InterPLM_esm2-650m_L24_mean_198', 'ESM2_295', 'ESM2_535', 'ESM2_403', 'ESM2_402', 'ESM2_102', 'ESM2_172', 'ESM2_43', 'InterPLM_esm2-650m_L24_mean_1917', 'ESM2_48')",0.2649141692779315,1.5,0.635439918494552,2,1,78,78
10,"('InterPLM_esm2-650m_L24_mean_198', 'ESM2_295', 'ESM2_535', 'ESM2_403', 'ESM2_402', 'ESM2_102', 'ESM2_172', 'ESM2_43', 'InterPLM_esm2-650m_L24_mean_7025', 'ESM2_82')",0.264854601944324,1.5,0.6353982213610267,2,0,75,77
10,"('InterPLM_esm2-650m_L24_mean_198', 'ESM2_295', 'ESM2_535', 'ESM2_403', 'ESM2_402', 'ESM2_102', 'ESM2_172', 'ESM2_43', 'ESM2_848', 'ESM2_1048')",0.2645118216842372,1.5,0.635158275178966,2,0,78,80
10,"('InterPLM_esm2-650m_L24_mean_198', 'ESM2_295', 'ESM2_535', 'ESM2_403', 'ESM2_402', 'ESM2_102', 'ESM2_172', 'ESM2_43', 'InterPLM_esm2-650m_L24_mean_6997', 'ESM2_848')",0.2641490593933319,1.5,0.6349043415753323,2,0,77,79
10,"('InterPLM_esm2-650m_L24_mean_198', 'ESM2_295', 'ESM2_535', 'ESM2_403', 'ESM2_402', 'ESM2_102', 'ESM2_172', 'ESM2_43', 'ESM2_82', 'ESM2_518')",0.2640309006736322,1.5,0.6348216304715425,2,0,80,82
10,"('InterPLM_esm2-650m_L24_mean_198', 'ESM2_295', 'ESM2_535', 'ESM2_403', 'ESM2_402', 'ESM2_102', 'ESM2_172', 'ESM2_43', 'ESM2_848', 'ESM2_2')",0.26311650503428585,1.5,0.6341815535240001,2,0,78,80
10,"('InterPLM_esm2-650m_L24_mean_198', 'ESM2_295', 'ESM2_535', 'ESM2_403', 'ESM2_402', 'ESM2_102', 'ESM2_172', 'InterPLM_esm2-650m_L24_mean_1917', 'InterPLM_esm2-650m_L24_mean_6997', 'ESM2_2')",0.26281548248288195,1.5,0.6339708377380173,2,0,77,77
10,"('InterPLM_esm2-650m_L24_mean_198', 'ESM2_295', 'ESM2_535', 'ESM2_403', 'ESM2_402', 'ESM2_102', 'ESM2_172', 'ESM2_803', 'ESM2_848', 'ESM2_406')",0.26258956562788704,1.5,0.6338126959395209,2,0,78,80
10,"('InterPLM_esm2-650m_L24_mean_198', 'ESM2_295', 'ESM2_535', 'ESM2_403', 'ESM2_402', 'ESM2_102', 'ESM2_172', 'ESM2_43', 'ESM2_3', 'MOL_WEIGHT')",0.27972953706255294,1.46,0.633810675943787,2,0,71,73
10,"('InterPLM_esm2-650m_L24_mean_198', 'ESM2_295', 'ESM2_535', 'ESM2_403', 'ESM2_402', 'ESM2_102', 'ESM2_172', 'ESM2_43', 'InterPLM_esm2-650m_L24_mean_7025', 'ESM2_848')",0.27526572283361045,1.47,0.6336860059835273,2,1,72,74
10,"('InterPLM_esm2-650m_L24_mean_198', 'ESM2_295', 'ESM2_535', 'ESM2_403', 'ESM2_402', 'ESM2_102', 'ESM2_172', 'ESM2_43', 'ESM2_917', 'ESM2_406')",0.26232955366003813,1.5,0.6336306875620267,2,0,75,77
10,"('InterPLM_esm2-650m_L24_mean_198', 'ESM2_295', 'ESM2_535', 'ESM2_403', 'ESM2_402', 'ESM2_102', 'ESM2_172', 'ESM2_43', 'ESM2_848', 'InterPLM_esm2-650m_L24_mean_1356')",0.2620616135521073,1.5,0.6334431294864751,2,0,75,77
10,"('InterPLM_esm2-650m_L24_mean_198', 'ESM2_295', 'ESM2_535', 'ESM2_403', 'ESM2_402', 'ESM2_102', 'ESM2_172', 'ESM2_43', 'ESM2_518', 'ESM2_406')",0.2620233210969628,1.5,0.6334163247678739,2,0,81,83
10,"('InterPLM_esm2-650m_L24_mean_198', 'ESM2_295', 'ESM2_535', 'ESM2_403', 'ESM2_402', 'ESM2_102', 'ESM2_172', 'ESM2_43', 'InterPLM_esm2-650m_L24_mean_949', 'ESM2_406')",0.2619380252677815,1.5,0.633356617687447,2,0,82,84
10,"('InterPLM_esm2-650m_L24_mean_198', 'ESM2_295', 'ESM2_535', 'ESM2_403', 'ESM2_402', 'ESM2_102', 'ESM2_172', 'ESM2_43', 'ESM2_82', 'ESM2_276')",0.26180233776856093,1.5,0.6332616364379926,2,0,83,85
10,"('InterPLM_esm2-650m_L24_mean_198', 'ESM2_295', 'ESM2_535', 'ESM2_403', 'ESM2_402', 'ESM2_102', 'ESM2_172', 'ESM2_43', 'ESM2_848', 'ESM2_1277')",0.26172437406524984,1.5,0.6332070618456749,2,0,75,77
10,"('InterPLM_esm2-650m_L24_mean_198', 'ESM2_295', 'ESM2_535', 'ESM2_403', 'ESM2_402', 'ESM2_102', 'ESM2_172', 'InterPLM_esm2-650m_L24_mean_1917', 'InterPLM_esm2-650m_L24_mean_6997', 'ESM2_276')",0.26169477789501994,1.5,0.6331863445265139,2,0,78,78
10,"('InterPLM_esm2-650m_L24_mean_198', 'ESM2_295', 'ESM2_535', 'ESM2_403', 'ESM2_402', 'ESM2_102', 'ESM2_172', 'ESM2_43', 'InterPLM_esm2-650m_L24_mean_949', 'ESM2_82')",0.26157036648772786,1.5,0.6330992565414094,2,0,79,81
10,"('InterPLM_esm2-650m_L24_mean_198', 'ESM2_295', 'ESM2_535', 'ESM2_403', 'ESM2_402', 'ESM2_102', 'ESM2_172', 'ESM2_43', 'ESM2_3', 'ESM2_1277')",0.27011215096392377,1.48,0.6330785056747467,2,1,73,75
10,"('InterPLM_esm2-650m_L24_mean_198', 'ESM2_295', 'ESM2_535', 'ESM2_403', 'ESM2_402', 'ESM2_102', 'ESM2_172', 'ESM2_803', 'ESM2_3', 'InterPLM_esm2-650m_L24_mean_10015')",0.26126895348989065,1.5,0.6328882674429234,2,0,76,78
10,"('InterPLM_esm2-650m_L24_mean_198', 'ESM2_295', 'ESM2_535', 'ESM2_403', 'ESM2_402', 'ESM2_102', 'ESM2_172', 'ESM2_43', 'ESM2_276', 'ESM2_406')",0.2604431490805106,1.5,0.6323102043563573,2,0,83,85
10,"('InterPLM_esm2-650m_L24_mean_198', 'ESM2_295', 'ESM2_535', 'ESM2_403', 'ESM2_402', 'ESM2_102', 'ESM2_172', 'InterPLM_esm2-650m_L24_mean_1917', 'ESM2_917', 'ESM2_48')",0.2689633837183815,1.48,0.6322743686028671,2,1,73,73
10,"('InterPLM_esm2-650m_L24_mean_198', 'ESM2_295', 'ESM2_535', 'ESM2_403', 'ESM2_402', 'ESM2_102', 'ESM2_172', 'ESM2_803', 'ESM2_848', 'ESM2_82')",0.26011844214580987,1.5,0.6320829095020668,2,0,78,80
10,"('InterPLM_esm2-650m_L24_mean_198', 'ESM2_295', 'ESM2_535', 'ESM2_403', 'ESM2_402', 'ESM2_102', 'ESM2_172', 'InterPLM_esm2-650m_L24_mean_1917', 'InterPLM_esm2-650m_L24_mean_7025', 'ESM2_48')",0.264192669156706,1.49,0.6319348684096942,2,1,74,74
10,"('InterPLM_esm2-650m_L24_mean_198', 'ESM2_295', 'ESM2_535', 'ESM2_403', 'ESM2_402', 'ESM2_102', 'ESM2_172', 'ESM2_578', 'ESM2_848', 'ESM2_3')",0.26846463403664594,1.48,0.6319252438256522,2,0,73,75
10,"('InterPLM_esm2-650m_L24_mean_198', 'ESM2_295', 'ESM2_535', 'ESM2_403', 'ESM2_402', 'ESM2_102', 'ESM2_172', 'ESM2_43', 'ESM2_917', 'ESM2_48')",0.25951313002012993,1.5,0.631659191014091,2,1,75,75
10,"('InterPLM_esm2-650m_L24_mean_198', 'ESM2_295', 'ESM2_535', 'ESM2_403', 'ESM2_402', 'ESM2_102', 'ESM2_172', 'ESM2_43', 'ESM2_82', 'MOL_WEIGHT')",0.25912082706387923,1.5,0.6313845789447154,2,0,76,78
10,"('InterPLM_esm2-650m_L24_mean_198', 'ESM2_295', 'ESM2_535', 'ESM2_403', 'ESM2_402', 'ESM2_102', 'ESM2_172', 'InterPLM_esm2-650m_L24_mean_1917', 'ESM2_848', 'ESM2_48')",0.267037930111169,1.48,0.6309265510778183,2,1,73,73
10,"('InterPLM_esm2-650m_L24_mean_198', 'ESM2_295', 'ESM2_535', 'ESM2_403', 'ESM2_402', 'ESM2_102', 'ESM2_172', 'InterPLM_esm2-650m_L24_mean_1917', 'InterPLM_esm2-650m_L24_mean_6997', 'ESM2_48')",0.2578721601169368,1.5,0.6305105120818557,2,1,84,84
10,"('InterPLM_esm2-650m_L24_mean_198', 'ESM2_295', 'ESM2_535', 'ESM2_403', 'ESM2_402', 'ESM2_102', 'ESM2_172', 'ESM2_43', 'ESM2_82', 'ESM2_776')",0.25764887518214524,1.5,0.6303542126275016,2,0,80,82
10,"('InterPLM_esm2-650m_L24_mean_198', 'ESM2_295', 'ESM2_535', 'ESM2_403', 'ESM2_402', 'ESM2_102', 'ESM2_172', 'ESM2_43', 'ESM2_82', 'ESM2_40')",0.2576290295293486,1.5,0.6303403206705439,2,0,76,78
10,"('InterPLM_esm2-650m_L24_mean_198', 'ESM2_295', 'ESM2_535', 'ESM2_403', 'ESM2_402', 'ESM2_102', 'ESM2_172', 'ESM2_43', 'InterPLM_esm2-650m_L24_mean_1917', 'ESM2_82')",0.2574817228607188,1.5,0.6302372060025031,2,1,75,77
10,"('InterPLM_esm2-650m_L24_mean_198', 'ESM2_295', 'ESM2_535', 'ESM2_403', 'ESM2_402', 'ESM2_102', 'ESM2_172', 'ESM2_43', 'ESM2_80', 'ESM2_406')",0.2574366909980226,1.5,0.6302056836986157,2,1,78,80
10,"('InterPLM_esm2-650m_L24_mean_198', 'ESM2_295', 'ESM2_535', 'ESM2_403', 'ESM2_402', 'ESM2_102', 'ESM2_172', 'ESM2_43', 'ESM2_960', 'ESM2_406')",0.2574166927796902,1.5,0.6301916849457831,2,0,78,80
10,"('InterPLM_esm2-650m_L24_mean_198', 'ESM2_295', 'ESM2_535', 'ESM2_403', 'ESM2_402', 'ESM2_102', 'ESM2_172', 'ESM2_43', 'ESM2_578', 'ESM2_82')",0.2573372177370174,1.5,0.6301360524159121,2,1,75,77
10,"('InterPLM_esm2-650m_L24_mean_198', 'ESM2_295', 'ESM2_535', 'ESM2_403', 'ESM2_402', 'ESM2_102', 'ESM2_172', 'ESM2_43', 'ESM2_848', 'ESM2_746')",0.26156629944576876,1.49,0.6300964096120382,2,0,74,76
10,"('InterPLM_esm2-650m_L24_mean_198', 'ESM2_295', 'ESM2_535', 'ESM2_403', 'ESM2_402', 'ESM2_102', 'ESM2_172', 'ESM2_43', 'ESM2_82', 'ESM2_80')",0.25726928076259153,1.5,0.630088496533814,2,0,79,81
10,"('InterPLM_esm2-650m_L24_mean_198', 'ESM2_295', 'ESM2_535', 'ESM2_403', 'ESM2_402', 'ESM2_102', 'ESM2_172', 'ESM2_578', 'ESM2_3', 'ESM2_82')",0.2567804670107371,1.5,0.6297463269075159,2,0,76,78
10,"('InterPLM_esm2-650m_L24_mean_198', 'ESM2_295', 'ESM2_535', 'ESM2_403', 'ESM2_402', 'ESM2_102', 'ESM2_172', 'ESM2_43', 'ESM2_48', 'ESM2_1271')",0.25660956073904095,1.5,0.6296266925173286,2,1,75,75
10,"('InterPLM_esm2-650m_L24_mean_198', 'ESM2_295', 'ESM2_535', 'ESM2_403', 'ESM2_402', 'ESM2_102', 'ESM2_172', 'ESM2_43', 'InterPLM_esm2-650m_L24_mean_6997', 'ESM2_406')",0.2565498997463189,1.5,0.6295849298224232,2,0,77,79
10,"('InterPLM_esm2-650m_L24_mean_198', 'ESM2_295', 'ESM2_535', 'ESM2_403', 'ESM2_402', 'ESM2_102', 'ESM2_172', 'ESM2_803', 'ESM2_3', 'ESM2_518')",0.26042824265394493,1.49,0.6292997698577615,2,0,74,76
10,"('InterPLM_esm2-650m_L24_mean_198', 'ESM2_295', 'ESM2_535', 'ESM2_403', 'ESM2_402', 'ESM2_102', 'ESM2_172', 'ESM2_43', 'InterPLM_esm2-650m_L24_mean_1356', 'ESM2_406')",0.2560522239133116,1.5,0.6292365567393181,2,0,80,82
10,"('InterPLM_esm2-650m_L24_mean_198', 'ESM2_295', 'ESM2_535', 'ESM2_403', 'ESM2_402', 'ESM2_102', 'ESM2_172', 'ESM2_43', 'ESM2_803', 'ESM2_406')",0.25587740204094794,1.5,0.6291141814286635,2,0,83,85
10,"('InterPLM_esm2-650m_L24_mean_198', 'ESM2_295', 'ESM2_535', 'ESM2_403', 'ESM2_402', 'ESM2_102', 'ESM2_172', 'ESM2_803', 'InterPLM_esm2-650m_L24_mean_1917', 'ESM2_521')",0.26444526423632925,1.48,0.6291116849654305,2,1,73,73
10,"('InterPLM_esm2-650m_L24_mean_198', 'ESM2_295', 'ESM2_535', 'ESM2_403', 'ESM2_402', 'ESM2_102', 'ESM2_172', 'ESM2_578', 'ESM2_3', 'ESM2_40')",0.25565276344890514,1.5,0.6289569344142335,2,0,79,81
10,"('InterPLM_esm2-650m_L24_mean_198', 'ESM2_295', 'ESM2_535', 'ESM2_403', 'ESM2_402', 'ESM2_102', 'ESM2_172', 'ESM2_43', 'ESM2_776', 'ESM2_406')",0.2556521086661214,1.5,0.6289564760662849,2,1,81,83
10,"('InterPLM_esm2-650m_L24_mean_198', 'ESM2_295', 'ESM2_535', 'ESM2_403', 'ESM2_402', 'ESM2_102', 'ESM2_172', 'ESM2_43', 'ESM2_2', 'ESM2_406')",0.25535951331620665,1.5,0.6287516593213446,2,1,77,79
10,"('InterPLM_esm2-650m_L24_mean_198', 'ESM2_295', 'ESM2_535', 'ESM2_403', 'ESM2_402', 'ESM2_102', 'ESM2_172', 'ESM2_43', 'ESM2_803', 'ESM2_848')",0.2680963040951267,1.47,0.6286674128665887,2,0,72,74
10,"('InterPLM_esm2-650m_L24_mean_198', 'ESM2_295', 'ESM2_535', 'ESM2_403', 'ESM2_402', 'ESM2_102', 'ESM2_172', 'ESM2_43', 'ESM2_803', 'ESM2_82')",0.25519460968222796,1.5,0.6286362267775595,2,0,78,80
10,"('InterPLM_esm2-650m_L24_mean_198', 'ESM2_295', 'ESM2_535', 'ESM2_403', 'ESM2_402', 'ESM2_102', 'ESM2_172', 'InterPLM_esm2-650m_L24_mean_1917', 'InterPLM_esm2-650m_L24_mean_6997', 'ESM2_560')",0.25512369629761816,1.5,0.6285865874083326,2,1,79,79
10,"('InterPLM_esm2-650m_L24_mean_198', 'ESM2_295', 'ESM2_535', 'ESM2_403', 'ESM2_402', 'ESM2_102', 'ESM2_172', 'ESM2_803', 'ESM2_848', 'ESM2_1271')",0.25509148831558975,1.5,0.6285640418209127,2,1,76,78
10,"('InterPLM_esm2-650m_L24_mean_198', 'ESM2_295', 'ESM2_535', 'ESM2_403', 'ESM2_402', 'ESM2_102', 'ESM2_172', 'ESM2_43', 'ESM2_917', 'ESM2_82')",0.25932763086046084,1.49,0.6285293416023225,2,0,74,76
10,"('InterPLM_esm2-650m_L24_mean_198', 'ESM2_295', 'ESM2_535', 'ESM2_403', 'ESM2_402', 'ESM2_102', 'ESM2_172', 'ESM2_578', 'ESM2_848', 'ESM2_40')",0.25502798324323056,1.5,0.6285195882702613,2,1,76,78
10,"('InterPLM_esm2-650m_L24_mean_198', 'ESM2_295', 'ESM2_535', 'ESM2_403', 'ESM2_402', 'ESM2_102', 'ESM2_172', 'ESM2_803', 'ESM2_3', 'MOL_WEIGHT')",0.2545258721920683,1.5,0.6281681105344478,2,0,76,78
10,"('InterPLM_esm2-650m_L24_mean_198', 'ESM2_295', 'ESM2_535', 'ESM2_403', 'ESM2_402', 'ESM2_102', 'ESM2_172', 'ESM2_43', 'InterPLM_esm2-650m_L24_mean_6997', 'ESM2_82')",0.25436967222557916,1.5,0.6280587705579054,2,0,77,79
10,"('InterPLM_esm2-650m_L24_mean_198', 'ESM2_295', 'ESM2_535', 'ESM2_403', 'ESM2_402', 'ESM2_102', 'ESM2_172', 'ESM2_43', 'ESM2_2', 'ESM2_82')",0.25420947029269925,1.5,0.6279466292048894,2,1,75,77
10,"('InterPLM_esm2-650m_L24_mean_198', 'ESM2_295', 'ESM2_535', 'ESM2_403', 'ESM2_402', 'ESM2_102', 'ESM2_172', 'ESM2_43', 'ESM2_560', 'ESM2_406')",0.25407667764188263,1.5,0.6278536743493178,2,1,79,81
10,"('InterPLM_esm2-650m_L24_mean_198', 'ESM2_295', 'ESM2_535', 'ESM2_403', 'ESM2_402', 'ESM2_102', 'ESM2_172', 'ESM2_43', 'InterPLM_esm2-650m_L24_mean_1774', 'ESM2_48')",0.27537387993566814,1.45,0.6277617159549677,2,1,70,70
10,"('InterPLM_esm2-650m_L24_mean_198', 'ESM2_295', 'ESM2_535', 'ESM2_403', 'ESM2_402', 'ESM2_102', 'ESM2_172', 'ESM2_803', 'ESM2_3', 'ESM2_82')",0.2539374779901012,1.5,0.6277562345930707,2,0,81,83
10,"('InterPLM_esm2-650m_L24_mean_198', 'ESM2_295', 'ESM2_535', 'ESM2_403', 'ESM2_402', 'ESM2_102', 'ESM2_172', 'ESM2_43', 'ESM2_1048', 'ESM2_406')",0.2538241386904693,1.5,0.6276768970833284,2,1,82,84
10,"('InterPLM_esm2-650m_L24_mean_198', 'ESM2_295', 'ESM2_535', 'ESM2_403', 'ESM2_402', 'ESM2_102', 'ESM2_172', 'InterPLM_esm2-650m_L24_mean_1917', 'InterPLM_esm2-650m_L24_mean_7025', 'ESM2_276')",0.25796902184530696,1.49,0.6275783152917149,2,1,74,74
10,"('InterPLM_esm2-650m_L24_mean_198', 'ESM2_295', 'ESM2_535', 'ESM2_403', 'ESM2_402', 'ESM2_102', 'ESM2_172', 'ESM2_43', 'InterPLM_esm2-650m_L24_mean_1356', 'ESM2_82')",0.2534489791389219,1.5,0.6274142853972453,2,0,78,80
10,"('InterPLM_esm2-650m_L24_mean_198', 'ESM2_295', 'ESM2_535', 'ESM2_403', 'ESM2_402', 'ESM2_102', 'ESM2_172', 'InterPLM_esm2-650m_L24_mean_1917', 'InterPLM_esm2-650m_L24_mean_6997', 'ESM2_80')",0.25341759475692927,1.5,0.6273923163298505,2,1,81,81
10,"('InterPLM_esm2-650m_L24_mean_198', 'ESM2_295', 'ESM2_535', 'ESM2_403', 'ESM2_402', 'ESM2_102', 'ESM2_172', 'ESM2_803', 'ESM2_3', 'ESM2_1271')",0.2533515994920394,1.5,0.6273461196444275,2,1,76,78
10,"('InterPLM_esm2-650m_L24_mean_198', 'ESM2_295', 'ESM2_535', 'ESM2_403', 'ESM2_402', 'ESM2_102', 'ESM2_172', 'ESM2_578', 'InterPLM_esm2-650m_L24_mean_1917', 'ESM2_48')",0.2533453775055827,1.5,0.6273417642539079,2,0,77,77
10,"('InterPLM_esm2-650m_L24_mean_198', 'ESM2_295', 'ESM2_535', 'ESM2_403', 'ESM2_402', 'ESM2_102', 'ESM2_172', 'ESM2_43', 'ESM2_3', 'ESM2_521')",0.27036139825102373,1.46,0.6272529787757166,2,0,71,73
10,"('InterPLM_esm2-650m_L24_mean_198', 'ESM2_295', 'ESM2_535', 'ESM2_403', 'ESM2_402', 'ESM2_102', 'ESM2_172', 'ESM2_803', 'InterPLM_esm2-650m_L24_mean_1917', 'ESM2_48')",0.253205045070437,1.5,0.6272435315493059,2,0,83,83
10,"('InterPLM_esm2-650m_L24_mean_198', 'ESM2_295', 'ESM2_535', 'ESM2_403', 'ESM2_402', 'ESM2_102', 'ESM2_172', 'ESM2_43', 'ESM2_848', 'ESM2_960')",0.2658498930835135,1.47,0.6270949251584594,2,1,72,74
10,"('InterPLM_esm2-650m_L24_mean_198', 'ESM2_295', 'ESM2_535', 'ESM2_403', 'ESM2_402', 'ESM2_102', 'ESM2_172', 'ESM2_43', 'ESM2_848', 'ESM2_560')",0.2615162801703388,1.48,0.6270613961192372,2,0,73,75
10,"('InterPLM_esm2-650m_L24_mean_198', 'ESM2_295', 'ESM2_535', 'ESM2_403', 'ESM2_402', 'ESM2_102', 'ESM2_172', 'ESM2_43', 'ESM2_406', 'ESM2_521')",0.25716859309397944,1.49,0.6270180151657856,2,0,74,76
10,"('InterPLM_esm2-650m_L24_mean_198', 'ESM2_295', 'ESM2_535', 'ESM2_403', 'ESM2_402', 'ESM2_102', 'ESM2_172', 'ESM2_43', 'ESM2_82', 'ESM2_960')",0.25696921361306907,1.49,0.6268784495291484,2,0,74,76
10,"('InterPLM_esm2-650m_L24_mean_198', 'ESM2_295', 'ESM2_535', 'ESM2_403', 'ESM2_402', 'ESM2_102', 'ESM2_172', 'ESM2_43', 'ESM2_1277', 'ESM2_48')",0.25264945506340114,1.5,0.6268546185443807,2,0,75,75
10,"('InterPLM_esm2-650m_L24_mean_198', 'ESM2_295', 'ESM2_535', 'ESM2_403', 'ESM2_402', 'ESM2_102', 'ESM2_172', 'ESM2_803', 'ESM2_3', 'ESM2_40')",0.2523895120540528,1.5,0.6266726584378369,2,1,82,84
10,"('InterPLM_esm2-650m_L24_mean_198', 'ESM2_295', 'ESM2_535', 'ESM2_403', 'ESM2_402', 'ESM2_102', 'ESM2_172', 'ESM2_43', 'ESM2_848', 'MOL_WEIGHT')",0.27372945464725507,1.45,0.6266106182530785,2,0,70,72
10,"('InterPLM_esm2-650m_L24_mean_198', 'ESM2_295', 'ESM2_535', 'ESM2_403', 'ESM2_402', 'ESM2_102', 'ESM2_172', 'InterPLM_esm2-650m_L24_mean_1917', 'InterPLM_esm2-650m_L24_mean_6997', 'ESM2_1277')",0.25196991148910547,1.5,0.6263789380423738,2,1,79,79
10,"('InterPLM_esm2-650m_L24_mean_198', 'ESM2_295', 'ESM2_535', 'ESM2_403', 'ESM2_402', 'ESM2_102', 'ESM2_172', 'ESM2_803', 'ESM2_848', 'ESM2_40')",0.2519106122527348,1.5,0.6263374285769143,2,1,77,79
10,"('InterPLM_esm2-650m_L24_mean_198', 'ESM2_295', 'ESM2_535', 'ESM2_403', 'ESM2_402', 'ESM2_102', 'ESM2_172', 'ESM2_43', 'ESM2_1048', 'ESM2_82')",0.25189006627981736,1.5,0.6263230463958721,2,1,78,80
10,"('InterPLM_esm2-650m_L24_mean_198', 'ESM2_295', 'ESM2_535', 'ESM2_403', 'ESM2_402', 'ESM2_102', 'ESM2_172', 'ESM2_43', 'ESM2_82', 'ESM2_746')",0.2518435593525512,1.5,0.6262904915467857,2,0,76,78
10,"('InterPLM_esm2-650m_L24_mean_198', 'ESM2_295', 'ESM2_535', 'ESM2_403', 'ESM2_402', 'ESM2_102', 'ESM2_172', 'ESM2_43', 'ESM2_82', 'ESM2_560')",0.25172000493960467,1.5,0.6262040034577232,2,0,77,79
10,"('InterPLM_esm2-650m_L24_mean_198', 'ESM2_295', 'ESM2_535', 'ESM2_403', 'ESM2_402', 'ESM2_102', 'ESM2_172', 'ESM2_43', 'ESM2_1277', 'ESM2_82')",0.2516679533166251,1.5,0.6261675673216376,2,0,76,78
10,"('InterPLM_esm2-650m_L24_mean_198', 'ESM2_295', 'ESM2_535', 'ESM2_403', 'ESM2_402', 'ESM2_102', 'ESM2_172', 'ESM2_43', 'ESM2_1277', 'ESM2_406')",0.25560585923883244,1.49,0.6259241014671827,2,1,74,76
10,"('InterPLM_esm2-650m_L24_mean_198', 'ESM2_295', 'ESM2_535', 'ESM2_403', 'ESM2_402', 'ESM2_102', 'ESM2_172', 'InterPLM_esm2-650m_L24_mean_1917', 'InterPLM_esm2-650m_L24_mean_6997', 'InterPLM_esm2-650m_L24_mean_949')",0.25092733389875227,1.5,0.6256491337291266,2,1,80,80
10,"('InterPLM_esm2-650m_L24_mean_198', 'ESM2_295', 'ESM2_535', 'ESM2_403', 'ESM2_402', 'ESM2_102', 'ESM2_172', 'ESM2_43', 'ESM2_276', 'ESM2_48')",0.2508568252242935,1.5,0.6255997776570054,2,1,75,75
10,"('InterPLM_esm2-650m_L24_mean_198', 'ESM2_295', 'ESM2_535', 'ESM2_403', 'ESM2_402', 'ESM2_102', 'ESM2_172', 'InterPLM_esm2-650m_L24_mean_1917', 'InterPLM_esm2-650m_L24_mean_6997', 'ESM2_82')",0.25048339435267647,1.5,0.6253383760468735,2,1,81,81
10,"('InterPLM_esm2-650m_L24_mean_198', 'ESM2_295', 'ESM2_535', 'ESM2_403', 'ESM2_402', 'ESM2_102', 'ESM2_172', 'ESM2_43', 'InterPLM_esm2-650m_L24_mean_10015', 'ESM2_82')",0.25900957759116866,1.48,0.6253067043138181,2,0,73,75
10,"('InterPLM_esm2-650m_L24_mean_198', 'ESM2_295', 'ESM2_535', 'ESM2_403', 'ESM2_402', 'ESM2_102', 'ESM2_172', 'ESM2_43', 'InterPLM_esm2-650m_L24_mean_6997', 'ESM2_48')",0.2503523036311156,1.5,0.6252466125417808,2,1,76,76
10,"('InterPLM_esm2-650m_L24_mean_198', 'ESM2_295', 'ESM2_535', 'ESM2_403', 'ESM2_402', 'ESM2_102', 'ESM2_172', 'InterPLM_esm2-650m_L24_mean_1917', 'InterPLM_esm2-650m_L24_mean_6997', 'InterPLM_esm2-650m_L24_mean_7025')",0.25024130649659637,1.5,0.6251689145476174,2,1,79,79
10,"('InterPLM_esm2-650m_L24_mean_198', 'ESM2_295', 'ESM2_535', 'ESM2_403', 'ESM2_402', 'ESM2_102', 'ESM2_172', 'ESM2_43', 'ESM2_82', 'ESM2_521')",0.2501835412353512,1.5,0.6251284788647458,2,0,76,78
10,"('InterPLM_esm2-650m_L24_mean_198', 'ESM2_295', 'ESM2_535', 'ESM2_403', 'ESM2_402', 'ESM2_102', 'ESM2_172', 'ESM2_803', 'ESM2_848', 'InterPLM_esm2-650m_L24_mean_949')",0.25014972814843495,1.5,0.6251048097039045,2,0,77,79
10,"('InterPLM_esm2-650m_L24_mean_198', 'ESM2_295', 'ESM2_535', 'ESM2_403', 'ESM2_402', 'ESM2_102', 'ESM2_172', 'ESM2_43', 'ESM2_406', 'ESM2_48')",0.2501304716813429,1.5,0.62509133017694,3,0,76,76
10,"('InterPLM_esm2-650m_L24_mean_198', 'ESM2_295', 'ESM2_535', 'ESM2_403', 'ESM2_402', 'ESM2_102', 'ESM2_172', 'ESM2_43', 'ESM2_560', 'ESM2_48')",0.2501205635125434,1.5,0.6250843944587803,2,1,76,76
10,"('InterPLM_esm2-650m_L24_mean_198', 'ESM2_295', 'ESM2_535', 'ESM2_403', 'ESM2_402', 'ESM2_102', 'ESM2_172', 'ESM2_43', 'ESM2_803', 'ESM2_48')",0.250088135551881,1.5,0.6250616948863166,2,0,76,76
10,"('InterPLM_esm2-650m_L24_mean_198', 'ESM2_295', 'ESM2_535', 'ESM2_403', 'ESM2_402', 'ESM2_102', 'ESM2_172', 'ESM2_43', 'ESM2_40', 'ESM2_518')",0.24998032600699466,1.5,0.6249862282048962,2,0,81,83
10,"('InterPLM_esm2-650m_L24_mean_198', 'ESM2_295', 'ESM2_535', 'ESM2_403', 'ESM2_402', 'ESM2_102', 'ESM2_172', 'ESM2_43', 'ESM2_776', 'ESM2_48')",0.24996263117463485,1.5,0.6249738418222444,2,1,76,76
10,"('InterPLM_esm2-650m_L24_mean_198', 'ESM2_295', 'ESM2_535', 'ESM2_403', 'ESM2_402', 'ESM2_102', 'ESM2_172', 'InterPLM_esm2-650m_L24_mean_1917', 'ESM2_917', 'ESM2_574')",0.2627929218895021,1.47,0.6249550453226514,2,1,72,72
10,"('InterPLM_esm2-650m_L24_mean_198', 'ESM2_295', 'ESM2_535', 'ESM2_403', 'ESM2_402', 'ESM2_102', 'ESM2_172', 'ESM2_803', 'ESM2_521', 'ESM2_48')",0.24982746302228495,1.5,0.6248792241155994,2,1,76,76
10,"('InterPLM_esm2-650m_L24_mean_198', 'ESM2_295', 'ESM2_535', 'ESM2_403', 'ESM2_402', 'ESM2_102', 'ESM2_172', 'ESM2_803', 'InterPLM_esm2-650m_L24_mean_949', 'ESM2_3')",0.2540226446891746,1.49,0.6248158512824222,2,0,74,76
10,"('InterPLM_esm2-650m_L24_mean_198', 'ESM2_295', 'ESM2_535', 'ESM2_403', 'ESM2_402', 'ESM2_102', 'ESM2_172', 'InterPLM_esm2-650m_L24_mean_1917', 'ESM2_848', 'ESM2_3')",0.24960517469398036,1.5,0.6247236222857862,3,0,75,75
10,"('InterPLM_esm2-650m_L24_mean_198', 'ESM2_295', 'ESM2_535', 'ESM2_403', 'ESM2_402', 'ESM2_102', 'ESM2_172', 'ESM2_803', 'ESM2_3', 'ESM2_776')",0.2494827651161615,1.5,0.624637935581313,2,0,77,79
10,"('InterPLM_esm2-650m_L24_mean_198', 'ESM2_295', 'ESM2_535', 'ESM2_403', 'ESM2_402', 'ESM2_102', 'ESM2_172', 'ESM2_803', 'ESM2_917', 'ESM2_406')",0.24940495022467948,1.5,0.6245834651572756,2,0,77,79
10,"('InterPLM_esm2-650m_L24_mean_198', 'ESM2_295', 'ESM2_535', 'ESM2_403', 'ESM2_402', 'ESM2_102', 'ESM2_172', 'ESM2_43', 'ESM2_40', 'ESM2_406')",0.2577916858804097,1.48,0.6244541801162868,2,0,73,75
10,"('InterPLM_esm2-650m_L24_mean_198', 'ESM2_295', 'ESM2_535', 'ESM2_403', 'ESM2_402', 'ESM2_102', 'ESM2_172', 'ESM2_803', 'ESM2_848', 'InterPLM_esm2-650m_L24_mean_10015')",0.2491081960209459,1.5,0.6243757372146621,2,0,75,77
10,"('InterPLM_esm2-650m_L24_mean_198', 'ESM2_295', 'ESM2_535', 'ESM2_403', 'ESM2_402', 'ESM2_102', 'ESM2_172', 'ESM2_578', 'ESM2_848', 'ESM2_406')",0.2619573942909713,1.47,0.6243701760036799,2,0,72,74
10,"('InterPLM_esm2-650m_L24_mean_198', 'ESM2_295', 'ESM2_535', 'ESM2_403', 'ESM2_402', 'ESM2_102', 'ESM2_172', 'ESM2_43', 'ESM2_521', 'ESM2_48')",0.253320207375099,1.49,0.6243241451625693,2,0,74,74
10,"('InterPLM_esm2-650m_L24_mean_198', 'ESM2_295', 'ESM2_535', 'ESM2_403', 'ESM2_402', 'ESM2_102', 'ESM2_172', 'ESM2_578', 'ESM2_574', 'ESM2_48')",0.2490281409313129,1.5,0.6243196986519189,2,0,76,76
10,"('InterPLM_esm2-650m_L24_mean_198', 'ESM2_295', 'ESM2_535', 'ESM2_403', 'ESM2_402', 'ESM2_102', 'ESM2_172', 'ESM2_803', 'InterPLM_esm2-650m_L24_mean_1917', 'InterPLM_esm2-650m_L24_mean_6997')",0.2489730591068465,1.5,0.6242811413747925,2,1,80,80
10,"('InterPLM_esm2-650m_L24_mean_198', 'ESM2_295', 'ESM2_535', 'ESM2_403', 'ESM2_402', 'ESM2_102', 'ESM2_172', 'InterPLM_esm2-650m_L24_mean_1917', 'InterPLM_esm2-650m_L24_mean_6997', 'ESM2_574')",0.2488718259637328,1.5,0.6242102781746129,2,1,78,78
10,"('InterPLM_esm2-650m_L24_mean_198', 'ESM2_295', 'ESM2_535', 'ESM2_403', 'ESM2_402', 'ESM2_102', 'ESM2_172', 'InterPLM_esm2-650m_L24_mean_1917', 'InterPLM_esm2-650m_L24_mean_6997', 'MOL_WEIGHT')",0.24881957390374856,1.5,0.6241737017326239,2,1,75,75
10,"('InterPLM_esm2-650m_L24_mean_198', 'ESM2_295', 'ESM2_535', 'ESM2_403', 'ESM2_402', 'ESM2_102', 'ESM2_172', 'InterPLM_esm2-650m_L24_mean_1917', 'InterPLM_esm2-650m_L24_mean_6997', 'InterPLM_esm2-650m_L24_mean_10015')",0.24873933708035945,1.5,0.6241175359562515,2,1,78,78
10,"('InterPLM_esm2-650m_L24_mean_198', 'ESM2_295', 'ESM2_535', 'ESM2_403', 'ESM2_402', 'ESM2_102', 'ESM2_172', 'ESM2_803', 'ESM2_2', 'ESM2_80')",0.2486787708456573,1.5,0.62407513959196,2,1,76,77
10,"('InterPLM_esm2-650m_L24_mean_198', 'ESM2_295', 'ESM2_535', 'ESM2_403', 'ESM2_402', 'ESM2_102', 'ESM2_172', 'ESM2_803', 'InterPLM_esm2-650m_L24_mean_1917', 'ESM2_276')",0.2572331571281688,1.48,0.6240632099897181,2,0,73,73
10,"('InterPLM_esm2-650m_L24_mean_198', 'ESM2_295', 'ESM2_535', 'ESM2_403', 'ESM2_402', 'ESM2_102', 'ESM2_172', 'ESM2_43', 'InterPLM_esm2-650m_L24_mean_1356', 'ESM2_48')",0.24861338500903246,1.5,0.6240293695063227,2,1,75,75
10,"('InterPLM_esm2-650m_L24_mean_198', 'ESM2_295', 'ESM2_535', 'ESM2_403', 'ESM2_402', 'ESM2_102', 'ESM2_172', 'ESM2_803', 'ESM2_3', 'ESM2_960')",0.24840514389411852,1.5,0.6238836007258829,2,0,77,79
10,"('InterPLM_esm2-650m_L24_mean_198', 'ESM2_295', 'ESM2_535', 'ESM2_403', 'ESM2_402', 'ESM2_102', 'ESM2_172', 'ESM2_803', 'ESM2_848', 'ESM2_518')",0.24810593015311244,1.5,0.6236741511071786,2,0,78,80
10,"('InterPLM_esm2-650m_L24_mean_198', 'ESM2_295', 'ESM2_535', 'ESM2_403', 'ESM2_402', 'ESM2_102', 'ESM2_172', 'InterPLM_esm2-650m_L24_mean_1917', 'InterPLM_esm2-650m_L24_mean_6997', 'InterPLM_esm2-650m_L24_mean_1356')",0.24803336207297477,1.5,0.6236233534510822,2,0,81,81
10,"('InterPLM_esm2-650m_L24_mean_198', 'ESM2_295', 'ESM2_535', 'ESM2_403', 'ESM2_402', 'ESM2_102', 'ESM2_172', 'ESM2_803', 'InterPLM_esm2-650m_L24_mean_1774', 'ESM2_48')",0.2651700636674625,1.46,0.6236190445672237,2,1,71,71
10,"('InterPLM_esm2-650m_L24_mean_198', 'ESM2_295', 'ESM2_535', 'ESM2_403', 'ESM2_402', 'ESM2_102', 'ESM2_172', 'ESM2_43', 'ESM2_518', 'ESM2_1271')",0.25220843204347854,1.49,0.623545902430435,2,0,74,76
10,"('InterPLM_esm2-650m_L24_mean_198', 'ESM2_295', 'ESM2_535', 'ESM2_403', 'ESM2_402', 'ESM2_102', 'ESM2_172', 'InterPLM_esm2-650m_L24_mean_1917', 'ESM2_917', 'ESM2_2')",0.269037208257563,1.45,0.623326045780294,2,1,70,70
10,"('InterPLM_esm2-650m_L24_mean_198', 'ESM2_295', 'ESM2_535', 'ESM2_403', 'ESM2_402', 'ESM2_102', 'ESM2_172', 'InterPLM_esm2-650m_L24_mean_1917', 'InterPLM_esm2-650m_L24_mean_6997', 'ESM2_518')",0.24758076750181157,1.5,0.6233065372512681,2,0,79,79
10,"('InterPLM_esm2-650m_L24_mean_198', 'ESM2_295', 'ESM2_535', 'ESM2_403', 'ESM2_402', 'ESM2_102', 'ESM2_172', 'ESM2_803', 'ESM2_917', 'ESM2_48')",0.24756425345511443,1.5,0.6232949774185801,2,1,77,77
10,"('InterPLM_esm2-650m_L24_mean_198', 'ESM2_295', 'ESM2_535', 'ESM2_403', 'ESM2_402', 'ESM2_102', 'ESM2_172', 'InterPLM_esm2-650m_L24_mean_1917', 'InterPLM_esm2-650m_L24_mean_6997', 'ESM2_960')",0.2473806525059415,1.5,0.623166456754159,2,1,81,81
10,"('InterPLM_esm2-650m_L24_mean_198', 'ESM2_295', 'ESM2_535', 'ESM2_403', 'ESM2_402', 'ESM2_102', 'ESM2_172', 'InterPLM_esm2-650m_L24_mean_1917', 'InterPLM_esm2-650m_L24_mean_7025', 'ESM2_521')",0.26871866107974895,1.45,0.6231030627558243,2,1,70,70
10,"('InterPLM_esm2-650m_L24_mean_198', 'ESM2_295', 'ESM2_535', 'ESM2_403', 'ESM2_402', 'ESM2_102', 'ESM2_172', 'ESM2_803', 'ESM2_406', 'ESM2_1271')",0.24722106068854946,1.5,0.6230547424819846,2,0,78,80
10,"('InterPLM_esm2-650m_L24_mean_198', 'ESM2_295', 'ESM2_535', 'ESM2_403', 'ESM2_402', 'ESM2_102', 'ESM2_172', 'ESM2_578', 'ESM2_848', 'ESM2_80')",0.24701359503530554,1.5,0.6229095165247138,2,0,75,77
10,"('InterPLM_esm2-650m_L24_mean_198', 'ESM2_295', 'ESM2_535', 'ESM2_403', 'ESM2_402', 'ESM2_102', 'ESM2_172', 'InterPLM_esm2-650m_L24_mean_1917', 'InterPLM_esm2-650m_L24_mean_6997', 'ESM2_40')",0.24693528172474924,1.5,0.6228546972073244,2,1,81,81
10,"('InterPLM_esm2-650m_L24_mean_198', 'ESM2_295', 'ESM2_535', 'ESM2_403', 'ESM2_402', 'ESM2_102', 'ESM2_172', 'ESM2_43', 'ESM2_2', 'ESM2_48')",0.25112849340004845,1.49,0.6227899453800338,2,1,74,74
10,"('InterPLM_esm2-650m_L24_mean_198', 'ESM2_295', 'ESM2_535', 'ESM2_403', 'ESM2_402', 'ESM2_102', 'ESM2_172', 'ESM2_803', 'InterPLM_esm2-650m_L24_mean_1917', 'ESM2_2')",0.2552033632045924,1.48,0.6226423542432147,2,1,73,73
10,"('InterPLM_esm2-650m_L24_mean_198', 'ESM2_295', 'ESM2_535', 'ESM2_403', 'ESM2_402', 'ESM2_102', 'ESM2_172', 'ESM2_803', 'InterPLM_esm2-650m_L24_mean_1917', 'ESM2_560')",0.24655761540485824,1.5,0.6225903307834006,2,1,75,75
10,"('InterPLM_esm2-650m_L24_mean_198', 'ESM2_295', 'ESM2_535', 'ESM2_403', 'ESM2_402', 'ESM2_102', 'ESM2_172', 'InterPLM_esm2-650m_L24_mean_1917', 'InterPLM_esm2-650m_L24_mean_6997', 'InterPLM_esm2-650m_L24_mean_1774')",0.2593341644275958,1.47,0.6225339150993171,2,1,72,72
10,"('InterPLM_esm2-650m_L24_mean_198', 'ESM2_295', 'ESM2_535', 'ESM2_403', 'ESM2_402', 'ESM2_102', 'ESM2_172', 'ESM2_803', 'ESM2_848', 'ESM2_1048')",0.24636669490867247,1.5,0.6224566864360707,2,0,75,77
10,"('InterPLM_esm2-650m_L24_mean_198', 'ESM2_295', 'ESM2_535', 'ESM2_403', 'ESM2_402', 'ESM2_102', 'ESM2_172', 'ESM2_43', 'ESM2_746', 'ESM2_406')",0.2548943805032675,1.48,0.6224260663522873,2,0,73,75
10,"('InterPLM_esm2-650m_L24_mean_198', 'ESM2_295', 'ESM2_535', 'ESM2_403', 'ESM2_402', 'ESM2_102', 'ESM2_172', 'ESM2_803', 'ESM2_848', 'ESM2_276')",0.24630110901141108,1.5,0.6224107763079877,2,0,81,83
10,"('InterPLM_esm2-650m_L24_mean_198', 'ESM2_295', 'ESM2_535', 'ESM2_403', 'ESM2_402', 'ESM2_102', 'ESM2_172', 'ESM2_578', 'ESM2_521', 'ESM2_48')",0.24628851713510266,1.5,0.6224019619945718,2,1,75,75
10,"('InterPLM_esm2-650m_L24_mean_198', 'ESM2_295', 'ESM2_535', 'ESM2_403', 'ESM2_402', 'ESM2_102', 'ESM2_172', 'InterPLM_esm2-650m_L24_mean_1917', 'InterPLM_esm2-650m_L24_mean_6997', 'ESM2_776')",0.24566870781335623,1.5,0.6219680954693493,2,1,81,81
10,"('InterPLM_esm2-650m_L24_mean_198', 'ESM2_295', 'ESM2_535', 'ESM2_403', 'ESM2_402', 'ESM2_102', 'ESM2_172', 'ESM2_803', 'ESM2_848', 'ESM2_776')",0.24985217649614475,1.49,0.6218965235473013,2,0,74,75
10,"('InterPLM_esm2-650m_L24_mean_198', 'ESM2_295', 'ESM2_535', 'ESM2_403', 'ESM2_402', 'ESM2_102', 'ESM2_172', 'ESM2_803', 'ESM2_848', 'ESM2_960')",0.24528642189956593,1.5,0.6217004953296961,2,0,80,81
10,"('InterPLM_esm2-650m_L24_mean_198', 'ESM2_295', 'ESM2_535', 'ESM2_403', 'ESM2_402', 'ESM2_102', 'ESM2_172', 'ESM2_803', 'InterPLM_esm2-650m_L24_mean_1917', 'ESM2_80')",0.24512032406562215,1.5,0.6215842268459355,2,1,77,77
10,"('InterPLM_esm2-650m_L24_mean_198', 'ESM2_295', 'ESM2_535', 'ESM2_403', 'ESM2_402', 'ESM2_102', 'ESM2_172', 'ESM2_803', 'ESM2_848', 'ESM2_80')",0.24507520389311604,1.5,0.6215526427251812,2,1,77,79
10,"('InterPLM_esm2-650m_L24_mean_198', 'ESM2_295', 'ESM2_535', 'ESM2_403', 'ESM2_402', 'ESM2_102', 'ESM2_172', 'InterPLM_esm2-650m_L24_mean_1917', 'InterPLM_esm2-650m_L24_mean_6997', 'ESM2_746')",0.24506282842849547,1.5,0.6215439798999468,2,1,78,78
10,"('InterPLM_esm2-650m_L24_mean_198', 'ESM2_295', 'ESM2_535', 'ESM2_403', 'ESM2_402', 'ESM2_102', 'ESM2_172', 'ESM2_578', 'ESM2_848', 'ESM2_276')",0.24504681524384883,1.5,0.6215327706706941,2,0,77,79
10,"('InterPLM_esm2-650m_L24_mean_198', 'ESM2_295', 'ESM2_535', 'ESM2_403', 'ESM2_402', 'ESM2_102', 'ESM2_172', 'ESM2_803', 'InterPLM_esm2-650m_L24_mean_7025', 'ESM2_3')",0.2620988178913343,1.46,0.6214691725239341,2,1,71,73
10,"('InterPLM_esm2-650m_L24_mean_198', 'ESM2_295', 'ESM2_535', 'ESM2_403', 'ESM2_402', 'ESM2_102', 'ESM2_172', 'ESM2_578', 'ESM2_848', 'ESM2_1048')",0.24492950789192638,1.5,0.6214506555243484,2,0,75,77
10,"('InterPLM_esm2-650m_L24_mean_198', 'ESM2_295', 'ESM2_535', 'ESM2_403', 'ESM2_402', 'ESM2_102', 'ESM2_172', 'InterPLM_esm2-650m_L24_mean_1917', 'InterPLM_esm2-650m_L24_mean_6997', 'ESM2_34')",0.2448813781450672,1.5,0.621416964701547,2,1,79,79
10,"('InterPLM_esm2-650m_L24_mean_198', 'ESM2_295', 'ESM2_535', 'ESM2_403', 'ESM2_402', 'ESM2_102', 'ESM2_172', 'ESM2_43', 'InterPLM_esm2-650m_L24_mean_1917', 'ESM2_3')",0.283437592995578,1.4100000000000001,0.6214063150969047,2,0,66,68
10,"('InterPLM_esm2-650m_L24_mean_198', 'ESM2_295', 'ESM2_535', 'ESM2_403', 'ESM2_402', 'ESM2_102', 'ESM2_172', 'ESM2_43', 'ESM2_1048', 'ESM2_48')",0.24910023642135673,1.49,0.6213701654949497,2,0,74,74
10,"('InterPLM_esm2-650m_L24_mean_198', 'ESM2_295', 'ESM2_535', 'ESM2_403', 'ESM2_402', 'ESM2_102', 'ESM2_172', 'ESM2_43', 'ESM2_82', 'ESM2_574')",0.26193966629347054,1.46,0.6213577664054294,2,0,71,73
10,"('InterPLM_esm2-650m_L24_mean_198', 'ESM2_295', 'ESM2_535', 'ESM2_403', 'ESM2_402', 'ESM2_102', 'ESM2_172', 'InterPLM_esm2-650m_L24_mean_1917', 'ESM2_917', 'ESM2_276')",0.2746851072689869,1.43,0.6212795750882908,2,1,68,68
10,"('InterPLM_esm2-650m_L24_mean_198', 'ESM2_295', 'ESM2_535', 'ESM2_403', 'ESM2_402', 'ESM2_102', 'ESM2_172', 'ESM2_803', 'InterPLM_esm2-650m_L24_mean_1917', 'InterPLM_esm2-650m_L24_mean_1774')",0.25741010181139834,1.47,0.6211870712679788,2,0,72,72
10,"('InterPLM_esm2-650m_L24_mean_198', 'ESM2_295', 'ESM2_535', 'ESM2_403', 'ESM2_402', 'ESM2_102', 'ESM2_172', 'InterPLM_esm2-650m_L24_mean_1917', 'InterPLM_esm2-650m_L24_mean_6997', 'ESM2_1271')",0.2529262297874175,1.48,0.6210483608511923,2,1,73,73
10,"('InterPLM_esm2-650m_L24_mean_198', 'ESM2_295', 'ESM2_535', 'ESM2_403', 'ESM2_402', 'ESM2_102', 'ESM2_172', 'ESM2_803', 'InterPLM_esm2-650m_L24_mean_7025', 'ESM2_848')",0.24861031691632776,1.49,0.6210272218414294,2,0,74,76
10,"('InterPLM_esm2-650m_L24_mean_198', 'ESM2_295', 'ESM2_535', 'ESM2_403', 'ESM2_402', 'ESM2_102', 'ESM2_172', 'ESM2_803', 'ESM2_848', 'ESM2_2')",0.2442871254836342,1.5,0.6210009878385438,2,0,76,78
10,"('InterPLM_esm2-650m_L24_mean_198', 'ESM2_295', 'ESM2_535', 'ESM2_403', 'ESM2_402', 'ESM2_102', 'ESM2_172', 'ESM2_43', 'ESM2_803', 'ESM2_518')",0.24427423458459152,1.5,0.620991964209214,2,0,76,78
10,"('InterPLM_esm2-650m_L24_mean_198', 'ESM2_295', 'ESM2_535', 'ESM2_403', 'ESM2_402', 'ESM2_102', 'ESM2_172', 'ESM2_43', 'ESM2_3', 'ESM2_48')",0.28279997589550326,1.4100000000000001,0.6209599831268523,2,1,66,68
10,"('InterPLM_esm2-650m_L24_mean_198', 'ESM2_295', 'ESM2_535', 'ESM2_403', 'ESM2_402', 'ESM2_102', 'ESM2_172', 'ESM2_43', 'ESM2_746', 'ESM2_48')",0.2481328147074655,1.49,0.6206929702952259,2,1,74,74
10,"('InterPLM_esm2-650m_L24_mean_198', 'ESM2_295', 'ESM2_535', 'ESM2_403', 'ESM2_402', 'ESM2_102', 'ESM2_172', 'InterPLM_esm2-650m_L24_mean_1917', 'InterPLM_esm2-650m_L24_mean_6997', 'ESM2_1048')",0.2435905112057699,1.5,0.6205133578440389,2,1,78,78
10,"('InterPLM_esm2-650m_L24_mean_198', 'ESM2_295', 'ESM2_535', 'ESM2_403', 'ESM2_402', 'ESM2_102', 'ESM2_172', 'ESM2_43', 'InterPLM_esm2-650m_L24_mean_6997', 'ESM2_518')",0.24345909601113475,1.5,0.6204213672077943,2,0,76,78
10,"('InterPLM_esm2-650m_L24_mean_198', 'ESM2_295', 'ESM2_535', 'ESM2_403', 'ESM2_402', 'ESM2_102', 'ESM2_172', 'ESM2_43', 'ESM2_574', 'ESM2_48')",0.2561916466314118,1.47,0.6203341526419883,2,1,72,72
10,"('InterPLM_esm2-650m_L24_mean_198', 'ESM2_295', 'ESM2_535', 'ESM2_403', 'ESM2_402', 'ESM2_102', 'ESM2_172', 'ESM2_803', 'InterPLM_esm2-650m_L24_mean_6997', 'ESM2_848')",0.24329327628132164,1.5,0.6203052933969251,2,0,77,79
10,"('InterPLM_esm2-650m_L24_mean_198', 'ESM2_295', 'ESM2_535', 'ESM2_403', 'ESM2_402', 'ESM2_102', 'ESM2_172', 'ESM2_578', 'InterPLM_esm2-650m_L24_mean_1774', 'ESM2_48')",0.26458251889772927,1.45,0.6202077632284104,2,1,70,70
10,"('InterPLM_esm2-650m_L24_mean_198', 'ESM2_295', 'ESM2_535', 'ESM2_403', 'ESM2_402', 'ESM2_102', 'ESM2_172', 'ESM2_43', 'ESM2_848', 'ESM2_521')",0.26432024932419157,1.45,0.6200241745269341,2,0,70,72
10,"('InterPLM_esm2-650m_L24_mean_198', 'ESM2_295', 'ESM2_535', 'ESM2_403', 'ESM2_402', 'ESM2_102', 'ESM2_172', 'ESM2_803', 'ESM2_48', 'ESM2_1271')",0.24284000000331454,1.5,0.6199880000023201,2,1,77,77
10,"('InterPLM_esm2-650m_L24_mean_198', 'ESM2_295', 'ESM2_535', 'ESM2_403', 'ESM2_402', 'ESM2_102', 'ESM2_172', 'ESM2_803', 'InterPLM_esm2-650m_L24_mean_1774', 'ESM2_2')",0.24256284830135225,1.5,0.6197939938109465,2,1,77,77
10,"('InterPLM_esm2-650m_L24_mean_198', 'ESM2_295', 'ESM2_535', 'ESM2_403', 'ESM2_402', 'ESM2_102', 'ESM2_172', 'ESM2_578', 'ESM2_848', 'ESM2_82')",0.2596817946547022,1.46,0.6197772562582915,2,0,71,73
10,"('InterPLM_esm2-650m_L24_mean_198', 'ESM2_295', 'ESM2_535', 'ESM2_403', 'ESM2_402', 'ESM2_102', 'ESM2_172', 'ESM2_578', 'ESM2_82', 'ESM2_406')",0.24241565057409567,1.5,0.6196909554018669,2,1,77,79
10,"('InterPLM_esm2-650m_L24_mean_198', 'ESM2_295', 'ESM2_535', 'ESM2_403', 'ESM2_402', 'ESM2_102', 'ESM2_172', 'ESM2_803', 'InterPLM_esm2-650m_L24_mean_1917', 'ESM2_3')",0.24240514334171237,1.5,0.6196836003391986,3,2,75,75
10,"('InterPLM_esm2-650m_L24_mean_198', 'ESM2_295', 'ESM2_535', 'ESM2_403', 'ESM2_402', 'ESM2_102', 'ESM2_172', 'ESM2_43', 'ESM2_574', 'ESM2_40')",0.24232705230275423,1.5,0.6196289366119279,3,2,77,77
10,"('InterPLM_esm2-650m_L24_mean_198', 'ESM2_295', 'ESM2_535', 'ESM2_403', 'ESM2_402', 'ESM2_102', 'ESM2_172', 'ESM2_803', 'ESM2_82', 'ESM2_406')",0.24219591907201077,1.5,0.6195371433504075,2,0,83,85
10,"('InterPLM_esm2-650m_L24_mean_198', 'ESM2_295', 'ESM2_535', 'ESM2_403', 'ESM2_402', 'ESM2_102', 'ESM2_172', 'ESM2_803', 'ESM2_848', 'InterPLM_esm2-650m_L24_mean_1356')",0.24205676524270045,1.5,0.6194397356698903,2,0,77,79
10,"('InterPLM_esm2-650m_L24_mean_198', 'ESM2_295', 'ESM2_535', 'ESM2_403', 'ESM2_402', 'ESM2_102', 'ESM2_172', 'ESM2_578', 'ESM2_3', 'InterPLM_esm2-650m_L24_mean_10015')",0.2676894765595687,1.44,0.6193826335916981,2,0,69,71
10,"('InterPLM_esm2-650m_L24_mean_198', 'ESM2_295', 'ESM2_535', 'ESM2_403', 'ESM2_402', 'ESM2_102', 'ESM2_172', 'ESM2_803', 'ESM2_848', 'ESM2_1277')",0.24182746200208438,1.5,0.619279223401459,2,0,76,78
10,"('InterPLM_esm2-650m_L24_mean_198', 'ESM2_295', 'ESM2_535', 'ESM2_403', 'ESM2_402', 'ESM2_102', 'ESM2_172', 'ESM2_578', 'ESM2_848', 'ESM2_1271')",0.2589628642446898,1.46,0.6192740049712828,2,1,71,73
10,"('InterPLM_esm2-650m_L24_mean_198', 'ESM2_295', 'ESM2_535', 'ESM2_403', 'ESM2_402', 'ESM2_102', 'ESM2_172', 'ESM2_803', 'InterPLM_esm2-650m_L24_mean_949', 'ESM2_48')",0.24163899247720216,1.5,0.6191472947340415,2,0,80,80
10,"('InterPLM_esm2-650m_L24_mean_198', 'ESM2_295', 'ESM2_535', 'ESM2_403', 'ESM2_402', 'ESM2_102', 'ESM2_172', 'ESM2_803', 'ESM2_848', 'ESM2_34')",0.24156157976995501,1.5,0.6190931058389685,2,1,76,78
10,"('InterPLM_esm2-650m_L24_mean_198', 'ESM2_295', 'ESM2_535', 'ESM2_403', 'ESM2_402', 'ESM2_102', 'ESM2_172', 'ESM2_803', 'ESM2_2', 'ESM2_48')",0.24155776771990622,1.5,0.6190904374039343,2,1,80,80
10,"('InterPLM_esm2-650m_L24_mean_198', 'ESM2_295', 'ESM2_535', 'ESM2_403', 'ESM2_402', 'ESM2_102', 'ESM2_172', 'ESM2_578', 'ESM2_917', 'ESM2_48')",0.25012206834839035,1.48,0.6190854478438732,2,1,73,73
10,"('InterPLM_esm2-650m_L24_mean_198', 'ESM2_295', 'ESM2_535', 'ESM2_403', 'ESM2_402', 'ESM2_102', 'ESM2_172', 'ESM2_803', 'ESM2_574', 'ESM2_48')",0.24150600292906438,1.5,0.619054202050345,2,1,79,79
10,"('InterPLM_esm2-650m_L24_mean_198', 'ESM2_295', 'ESM2_535', 'ESM2_403', 'ESM2_402', 'ESM2_102', 'ESM2_172', 'ESM2_578', 'InterPLM_esm2-650m_L24_mean_1917', 'InterPLM_esm2-650m_L24_mean_6997')",0.2414213062525439,1.5,0.6189949143767807,2,1,78,78
10,"('InterPLM_esm2-650m_L24_mean_198', 'ESM2_295', 'ESM2_535', 'ESM2_403', 'ESM2_402', 'ESM2_102', 'ESM2_172', 'ESM2_803', 'ESM2_578', 'ESM2_848')",0.24988298140609325,1.48,0.6189180869842652,2,0,73,74
10,"('InterPLM_esm2-650m_L24_mean_198', 'ESM2_295', 'ESM2_535', 'ESM2_403', 'ESM2_402', 'ESM2_102', 'ESM2_172', 'ESM2_803', 'ESM2_518', 'ESM2_406')",0.24130086662439706,1.5,0.6189106066370779,2,1,78,80
10,"('InterPLM_esm2-650m_L24_mean_198', 'ESM2_295', 'ESM2_535', 'ESM2_403', 'ESM2_402', 'ESM2_102', 'ESM2_172', 'ESM2_578', 'InterPLM_esm2-650m_L24_mean_1917', 'ESM2_2')",0.24970719132930055,1.48,0.6187950339305104,2,1,73,73
10,"('InterPLM_esm2-650m_L24_mean_198', 'ESM2_295', 'ESM2_535', 'ESM2_403', 'ESM2_402', 'ESM2_102', 'ESM2_172', 'ESM2_803', 'ESM2_848', 'MOL_WEIGHT')",0.24934076265350577,1.48,0.618538533857454,2,0,73,75
10,"('InterPLM_esm2-650m_L24_mean_198', 'ESM2_295', 'ESM2_535', 'ESM2_403', 'ESM2_402', 'ESM2_102', 'ESM2_172', 'ESM2_803', 'InterPLM_esm2-650m_L24_mean_1917', 'ESM2_574')",0.2406207013440006,1.5,0.6184344909408004,2,1,78,78
10,"('InterPLM_esm2-650m_L24_mean_198', 'ESM2_295', 'ESM2_535', 'ESM2_403', 'ESM2_402', 'ESM2_102', 'ESM2_172', 'InterPLM_esm2-650m_L24_mean_1917', 'InterPLM_esm2-650m_L24_mean_7025', 'ESM2_1277')",0.24900373274207505,1.48,0.6183026129194525,2,1,73,73
10,"('InterPLM_esm2-650m_L24_mean_198', 'ESM2_295', 'ESM2_535', 'ESM2_403', 'ESM2_402', 'ESM2_102', 'ESM2_172', 'ESM2_803', 'InterPLM_esm2-650m_L24_mean_1917', 'ESM2_518')",0.23995641324999425,1.5,0.617969489274996,2,0,75,75
10,"('InterPLM_esm2-650m_L24_mean_198', 'ESM2_295', 'ESM2_535', 'ESM2_403', 'ESM2_402', 'ESM2_102', 'ESM2_172', 'ESM2_803', 'ESM2_848', 'ESM2_560')",0.23993435911207195,1.5,0.6179540513784503,2,0,77,79
10,"('InterPLM_esm2-650m_L24_mean_198', 'ESM2_295', 'ESM2_535', 'ESM2_403', 'ESM2_402', 'ESM2_102', 'ESM2_172', 'ESM2_803', 'ESM2_276', 'ESM2_406')",0.25277515368342407,1.47,0.6179426075783968,3,1,72,72
10,"('InterPLM_esm2-650m_L24_mean_198', 'ESM2_295', 'ESM2_535', 'ESM2_403', 'ESM2_402', 'ESM2_102', 'ESM2_172', 'InterPLM_esm2-650m_L24_mean_1917', 'InterPLM_esm2-650m_L24_mean_7025', 'ESM2_560')",0.24845110120753447,1.48,0.6179157708452742,2,0,73,73
10,"('InterPLM_esm2-650m_L24_mean_198', 'ESM2_295', 'ESM2_535', 'ESM2_403', 'ESM2_402', 'ESM2_102', 'ESM2_172', 'ESM2_578', 'InterPLM_esm2-650m_L24_mean_7025', 'ESM2_848')",0.248207351804497,1.48,0.6177451462631479,2,0,73,75
10,"('InterPLM_esm2-650m_L24_mean_198', 'ESM2_295', 'ESM2_535', 'ESM2_403', 'ESM2_402', 'ESM2_102', 'ESM2_172', 'ESM2_803', 'ESM2_80', 'ESM2_521')",0.2394125273580564,1.5,0.6175887691506394,2,0,76,76
10,"('InterPLM_esm2-650m_L24_mean_198', 'ESM2_295', 'ESM2_535', 'ESM2_403', 'ESM2_402', 'ESM2_102', 'ESM2_172', 'ESM2_578', 'ESM2_848', 'ESM2_776')",0.2479704308723037,1.48,0.6175793016106126,2,0,73,74
10,"('InterPLM_esm2-650m_L24_mean_198', 'ESM2_295', 'ESM2_535', 'ESM2_403', 'ESM2_402', 'ESM2_102', 'ESM2_172', 'ESM2_43', 'InterPLM_esm2-650m_L24_mean_1917', 'ESM2_848')",0.2693346586070426,1.43,0.6175342610249298,2,1,68,70
10,"('InterPLM_esm2-650m_L24_mean_198', 'ESM2_295', 'ESM2_535', 'ESM2_403', 'ESM2_402', 'ESM2_102', 'ESM2_172', 'ESM2_578', 'InterPLM_esm2-650m_L24_mean_1917', 'ESM2_80')",0.23932694395537818,1.5,0.6175288607687647,2,0,77,77
10,"('InterPLM_esm2-650m_L24_mean_198', 'ESM2_295', 'ESM2_535', 'ESM2_403', 'ESM2_402', 'ESM2_102', 'ESM2_172', 'ESM2_803', 'InterPLM_esm2-650m_L24_mean_1917', 'ESM2_82')",0.2388263300414762,1.5,0.6171784310290332,2,1,76,76
10,"('InterPLM_esm2-650m_L24_mean_198', 'ESM2_295', 'ESM2_535', 'ESM2_403', 'ESM2_402', 'ESM2_102', 'ESM2_172', 'ESM2_803', 'ESM2_560', 'ESM2_48')",0.238705438654136,1.5,0.6170938070578951,2,1,78,78
10,"('InterPLM_esm2-650m_L24_mean_198', 'ESM2_295', 'ESM2_535', 'ESM2_403', 'ESM2_402', 'ESM2_102', 'ESM2_172', 'ESM2_578', 'InterPLM_esm2-650m_L24_mean_1917', 'ESM2_521')",0.2599812052512616,1.45,0.6169868436758831,2,1,70,70
10,"('InterPLM_esm2-650m_L24_mean_198', 'ESM2_295', 'ESM2_535', 'ESM2_403', 'ESM2_402', 'ESM2_102', 'ESM2_172', 'ESM2_803', 'ESM2_276', 'ESM2_48')",0.23829298093040782,1.5,0.6168050866512854,2,1,79,79
10,"('InterPLM_esm2-650m_L24_mean_198', 'ESM2_295', 'ESM2_535', 'ESM2_403', 'ESM2_402', 'ESM2_102', 'ESM2_172', 'ESM2_578', 'ESM2_3', 'ESM2_776')",0.2553813863502653,1.46,0.6167669704451857,2,0,71,73
10,"('InterPLM_esm2-650m_L24_mean_198', 'ESM2_295', 'ESM2_535', 'ESM2_403', 'ESM2_402', 'ESM2_102', 'ESM2_172', 'ESM2_43', 'ESM2_848', 'ESM2_80')",0.2681407508976876,1.43,0.6166985256283812,2,0,68,70
10,"('InterPLM_esm2-650m_L24_mean_198', 'ESM2_295', 'ESM2_535', 'ESM2_403', 'ESM2_402', 'ESM2_102', 'ESM2_172', 'ESM2_803', 'ESM2_2', 'ESM2_82')",0.23800626306529887,1.5,0.6166043841457092,2,1,78,78
10,"('InterPLM_esm2-650m_L24_mean_198', 'ESM2_295', 'ESM2_535', 'ESM2_403', 'ESM2_402', 'ESM2_102', 'ESM2_172', 'ESM2_578', 'InterPLM_esm2-650m_L24_mean_6997', 'ESM2_848')",0.24215699452576597,1.49,0.6165098961680362,2,0,74,76
10,"('InterPLM_esm2-650m_L24_mean_198', 'ESM2_295', 'ESM2_535', 'ESM2_403', 'ESM2_402', 'ESM2_102', 'ESM2_172', 'ESM2_803', 'ESM2_1277', 'ESM2_48')",0.23768157494387226,1.5,0.6163771024607105,2,0,78,78
10,"('InterPLM_esm2-650m_L24_mean_198', 'ESM2_295', 'ESM2_535', 'ESM2_403', 'ESM2_402', 'ESM2_102', 'ESM2_172', 'ESM2_803', 'InterPLM_esm2-650m_L24_mean_6997', 'ESM2_48')",0.23763849060106781,1.5,0.6163469434207474,2,1,82,82
10,"('InterPLM_esm2-650m_L24_mean_198', 'ESM2_295', 'ESM2_535', 'ESM2_403', 'ESM2_402', 'ESM2_102', 'ESM2_172', 'ESM2_43', 'ESM2_917', 'ESM2_960')",0.24190986204988266,1.49,0.6163369034349179,2,1,74,76
10,"('InterPLM_esm2-650m_L24_mean_198', 'ESM2_295', 'ESM2_535', 'ESM2_403', 'ESM2_402', 'ESM2_102', 'ESM2_172', 'ESM2_578', 'ESM2_1277', 'ESM2_48')",0.2418177403558164,1.49,0.6162724182490715,2,1,74,74
10,"('InterPLM_esm2-650m_L24_mean_198', 'ESM2_295', 'ESM2_535', 'ESM2_403', 'ESM2_402', 'ESM2_102', 'ESM2_172', 'InterPLM_esm2-650m_L24_mean_1917', 'InterPLM_esm2-650m_L24_mean_6997', 'ESM2_917')",0.2629523958838289,1.44,0.6160666771186802,2,1,69,69
10,"('InterPLM_esm2-650m_L24_mean_198', 'ESM2_295', 'ESM2_535', 'ESM2_403', 'ESM2_402', 'ESM2_102', 'ESM2_172', 'ESM2_803', 'ESM2_40', 'ESM2_48')",0.23721431878685084,1.5,0.6160500231507955,2,1,80,80
10,"('InterPLM_esm2-650m_L24_mean_198', 'ESM2_295', 'ESM2_535', 'ESM2_403', 'ESM2_402', 'ESM2_102', 'ESM2_172', 'ESM2_578', 'ESM2_2', 'ESM2_48')",0.236839674192907,1.5,0.6157877719350349,2,1,77,77
10,"('InterPLM_esm2-650m_L24_mean_198', 'ESM2_295', 'ESM2_535', 'ESM2_403', 'ESM2_402', 'ESM2_102', 'ESM2_172', 'ESM2_803', 'ESM2_40', 'ESM2_406')",0.23683964951419187,1.5,0.6157877546599343,2,0,76,78
10,"('InterPLM_esm2-650m_L24_mean_198', 'ESM2_295', 'ESM2_535', 'ESM2_403', 'ESM2_402', 'ESM2_102', 'ESM2_172', 'ESM2_578', 'InterPLM_esm2-650m_L24_mean_1917', 'ESM2_560')",0.2409478020552057,1.49,0.615663461438644,2,0,74,74
10,"('InterPLM_esm2-650m_L24_mean_198', 'ESM2_295', 'ESM2_535', 'ESM2_403', 'ESM2_402', 'ESM2_102', 'ESM2_172', 'ESM2_803', 'ESM2_48', 'MOL_WEIGHT')",0.2366392271694249,1.5,0.6156474590185974,2,0,77,77
10,"('InterPLM_esm2-650m_L24_mean_198', 'ESM2_295', 'ESM2_535', 'ESM2_403', 'ESM2_402', 'ESM2_102', 'ESM2_172', 'ESM2_43', 'InterPLM_esm2-650m_L24_mean_10015', 'ESM2_406')",0.2708315881181678,1.42,0.6155821116827175,2,0,67,69
10,"('InterPLM_esm2-650m_L24_mean_198', 'ESM2_295', 'ESM2_535', 'ESM2_403', 'ESM2_402', 'ESM2_102', 'ESM2_172', 'ESM2_43', 'InterPLM_esm2-650m_L24_mean_1917', 'ESM2_521')",0.2621685478630516,1.44,0.6155179835041361,2,1,69,69
10,"('InterPLM_esm2-650m_L24_mean_198', 'ESM2_295', 'ESM2_535', 'ESM2_403', 'ESM2_402', 'ESM2_102', 'ESM2_172', 'ESM2_803', 'InterPLM_esm2-650m_L24_mean_1356', 'ESM2_48')",0.23641692133207542,1.5,0.6154918449324527,2,1,80,80
10,"('InterPLM_esm2-650m_L24_mean_198', 'ESM2_295', 'ESM2_535', 'ESM2_403', 'ESM2_402', 'ESM2_102', 'ESM2_172', 'ESM2_578', 'ESM2_848', 'InterPLM_esm2-650m_L24_mean_949')",0.24921143117481553,1.47,0.6154480018223709,2,1,72,74
10,"('InterPLM_esm2-650m_L24_mean_198', 'ESM2_295', 'ESM2_535', 'ESM2_403', 'ESM2_402', 'ESM2_102', 'ESM2_172', 'ESM2_803', 'InterPLM_esm2-650m_L24_mean_1917', 'ESM2_1277')",0.24492539011811118,1.48,0.6154477730826778,2,0,73,73
10,"('InterPLM_esm2-650m_L24_mean_198', 'ESM2_295', 'ESM2_535', 'ESM2_403', 'ESM2_402', 'ESM2_102', 'ESM2_172', 'InterPLM_esm2-650m_L24_mean_1917', 'InterPLM_esm2-650m_L24_mean_7025', 'InterPLM_esm2-650m_L24_mean_1774')",0.26625883232628084,1.43,0.6153811826283966,2,1,68,68
10,"('InterPLM_esm2-650m_L24_mean_198', 'ESM2_295', 'ESM2_535', 'ESM2_403', 'ESM2_402', 'ESM2_102', 'ESM2_172', 'ESM2_803', 'InterPLM_esm2-650m_L24_mean_1774', 'ESM2_276')",0.23609126435830344,1.5,0.6152638850508123,2,1,81,81
10,"('InterPLM_esm2-650m_L24_mean_198', 'ESM2_295', 'ESM2_535', 'ESM2_403', 'ESM2_402', 'ESM2_102', 'ESM2_172', 'ESM2_803', 'ESM2_1048', 'ESM2_406')",0.23596261214896813,1.5,0.6151738285042776,2,0,75,77
10,"('InterPLM_esm2-650m_L24_mean_198', 'ESM2_295', 'ESM2_535', 'ESM2_403', 'ESM2_402', 'ESM2_102', 'ESM2_172', 'ESM2_803', 'InterPLM_esm2-650m_L24_mean_7025', 'ESM2_48')",0.2487785327839229,1.47,0.615144972948746,2,1,72,72
10,"('InterPLM_esm2-650m_L24_mean_198', 'ESM2_295', 'ESM2_535', 'ESM2_403', 'ESM2_402', 'ESM2_102', 'ESM2_172', 'ESM2_803', 'ESM2_776', 'ESM2_48')",0.23588867215158657,1.5,0.6151220705061106,2,1,80,80
10,"('InterPLM_esm2-650m_L24_mean_198', 'ESM2_295', 'ESM2_535', 'ESM2_403', 'ESM2_402', 'ESM2_102', 'ESM2_172', 'ESM2_43', 'ESM2_776', 'ESM2_276')",0.244323981665033,1.48,0.6150267871655231,2,0,73,75
10,"('InterPLM_esm2-650m_L24_mean_198', 'ESM2_295', 'ESM2_535', 'ESM2_403', 'ESM2_402', 'ESM2_102', 'ESM2_172', 'ESM2_803', 'ESM2_3', 'ESM2_574')",0.23572010968213608,1.5,0.6150040767774951,4,0,77,77
10,"('InterPLM_esm2-650m_L24_mean_198', 'ESM2_295', 'ESM2_535', 'ESM2_403', 'ESM2_402', 'ESM2_102', 'ESM2_172', 'ESM2_803', 'ESM2_848', 'ESM2_746')",0.23964728649986716,1.49,0.614753100549907,2,1,74,76
10,"('InterPLM_esm2-650m_L24_mean_198', 'ESM2_295', 'ESM2_535', 'ESM2_403', 'ESM2_402', 'ESM2_102', 'ESM2_172', 'ESM2_803', 'ESM2_917', 'ESM2_3')",0.26514500465668783,1.43,0.6146015032596814,2,0,68,70
10,"('InterPLM_esm2-650m_L24_mean_198', 'ESM2_295', 'ESM2_535', 'ESM2_403', 'ESM2_402', 'ESM2_102', 'ESM2_172', 'ESM2_803', 'ESM2_2', 'ESM2_40')",0.23508966321664249,1.5,0.6145627642516497,2,1,76,76
10,"('InterPLM_esm2-650m_L24_mean_198', 'ESM2_295', 'ESM2_535', 'ESM2_403', 'ESM2_402', 'ESM2_102', 'ESM2_172', 'ESM2_803', 'ESM2_1048', 'ESM2_48')",0.23499099562443482,1.5,0.6144936969371043,2,0,79,79
10,"('InterPLM_esm2-650m_L24_mean_198', 'ESM2_295', 'ESM2_535', 'ESM2_403', 'ESM2_402', 'ESM2_102', 'ESM2_172', 'ESM2_803', 'ESM2_560', 'ESM2_406')",0.23496453323851363,1.5,0.6144751732669596,2,0,75,77
10,"('InterPLM_esm2-650m_L24_mean_198', 'ESM2_295', 'ESM2_535', 'ESM2_403', 'ESM2_402', 'ESM2_102', 'ESM2_172', 'ESM2_803', 'ESM2_2', 'ESM2_276')",0.24773705636771867,1.47,0.614415939457403,2,1,72,72
10,"('InterPLM_esm2-650m_L24_mean_198', 'ESM2_295', 'ESM2_535', 'ESM2_403', 'ESM2_402', 'ESM2_102', 'ESM2_172', 'ESM2_43', 'ESM2_48', 'MOL_WEIGHT')",0.25626971594240605,1.45,0.6143888011596842,2,1,70,70
10,"('InterPLM_esm2-650m_L24_mean_198', 'ESM2_295', 'ESM2_535', 'ESM2_403', 'ESM2_402', 'ESM2_102', 'ESM2_172', 'ESM2_803', 'ESM2_746', 'ESM2_48')",0.2348142368834428,1.5,0.6143699658184099,2,1,79,79
10,"('InterPLM_esm2-650m_L24_mean_198', 'ESM2_295', 'ESM2_535', 'ESM2_403', 'ESM2_402', 'ESM2_102', 'ESM2_172', 'ESM2_43', 'InterPLM_esm2-650m_L24_mean_1917', 'ESM2_406')",0.26889052093882077,1.42,0.6142233646571745,2,0,67,69
10,"('InterPLM_esm2-650m_L24_mean_198', 'ESM2_295', 'ESM2_535', 'ESM2_403', 'ESM2_402', 'ESM2_102', 'ESM2_172', 'ESM2_803', 'InterPLM_esm2-650m_L24_mean_1356', 'ESM2_2')",0.23420454520965778,1.5,0.6139431816467604,2,1,75,75
10,"('InterPLM_esm2-650m_L24_mean_198', 'ESM2_295', 'ESM2_535', 'ESM2_403', 'ESM2_402', 'ESM2_102', 'ESM2_172', 'ESM2_578', 'InterPLM_esm2-650m_L24_mean_7025', 'ESM2_3')",0.2641531552855813,1.43,0.6139072086999069,2,1,68,70
10,"('InterPLM_esm2-650m_L24_mean_198', 'ESM2_295', 'ESM2_535', 'ESM2_403', 'ESM2_402', 'ESM2_102', 'ESM2_172', 'ESM2_803', 'ESM2_82', 'ESM2_518')",0.2340694333346137,1.5,0.6138486033342295,2,0,81,83
10,"('InterPLM_esm2-650m_L24_mean_198', 'ESM2_295', 'ESM2_535', 'ESM2_403', 'ESM2_402', 'ESM2_102', 'ESM2_172', 'ESM2_803', 'InterPLM_esm2-650m_L24_mean_949', 'ESM2_406')",0.24259201922469759,1.48,0.6138144134572883,2,1,73,75
10,"('InterPLM_esm2-650m_L24_mean_198', 'ESM2_295', 'ESM2_535', 'ESM2_403', 'ESM2_402', 'ESM2_102', 'ESM2_172', 'ESM2_803', 'ESM2_848', 'ESM2_574')",0.2468436648702245,1.47,0.6137905654091571,2,0,72,74
10,"('InterPLM_esm2-650m_L24_mean_198', 'ESM2_295', 'ESM2_535', 'ESM2_403', 'ESM2_402', 'ESM2_102', 'ESM2_172', 'ESM2_803', 'ESM2_80', 'ESM2_48')",0.23394256568219235,1.5,0.6137597959775346,2,1,80,80
10,"('InterPLM_esm2-650m_L24_mean_198', 'ESM2_295', 'ESM2_535', 'ESM2_403', 'ESM2_402', 'ESM2_102', 'ESM2_172', 'ESM2_803', 'ESM2_3', 'ESM2_521')",0.2636923347104448,1.43,0.6135846342973114,2,0,68,70
10,"('InterPLM_esm2-650m_L24_mean_198', 'ESM2_295', 'ESM2_535', 'ESM2_403', 'ESM2_402', 'ESM2_102', 'ESM2_172', 'ESM2_578', 'InterPLM_esm2-650m_L24_mean_1917', 'ESM2_276')",0.25073174452718966,1.46,0.6135122211690327,2,1,71,71
10,"('InterPLM_esm2-650m_L24_mean_198', 'ESM2_295', 'ESM2_535', 'ESM2_403', 'ESM2_402', 'ESM2_102', 'ESM2_172', 'ESM2_578', 'ESM2_276', 'ESM2_406')",0.23784699599947504,1.49,0.6134928971996325,2,0,74,76
10,"('InterPLM_esm2-650m_L24_mean_198', 'ESM2_295', 'ESM2_535', 'ESM2_403', 'ESM2_402', 'ESM2_102', 'ESM2_172', 'ESM2_803', 'ESM2_80', 'ESM2_406')",0.2377969535670422,1.49,0.6134578674969295,2,1,74,76
10,"('InterPLM_esm2-650m_L24_mean_198', 'ESM2_295', 'ESM2_535', 'ESM2_403', 'ESM2_402', 'ESM2_102', 'ESM2_172', 'ESM2_578', 'InterPLM_esm2-650m_L24_mean_6997', 'ESM2_574')",0.2334714391358132,1.5,0.6134300073950691,2,1,77,77
10,"('InterPLM_esm2-650m_L24_mean_198', 'ESM2_295', 'ESM2_535', 'ESM2_403', 'ESM2_402', 'ESM2_102', 'ESM2_172', 'ESM2_803', 'InterPLM_esm2-650m_L24_mean_10015', 'ESM2_48')",0.2419817935831622,1.48,0.6133872555082136,2,0,73,73
10,"('InterPLM_esm2-650m_L24_mean_198', 'ESM2_295', 'ESM2_535', 'ESM2_403', 'ESM2_402', 'ESM2_102', 'ESM2_172', 'ESM2_43', 'InterPLM_esm2-650m_L24_mean_7025', 'ESM2_1271')",0.25890490483653156,1.44,0.613233433385572,2,1,69,71
10,"('InterPLM_esm2-650m_L24_mean_198', 'ESM2_295', 'ESM2_535', 'ESM2_403', 'ESM2_402', 'ESM2_102', 'ESM2_172', 'ESM2_803', 'ESM2_1277', 'ESM2_2')",0.23740677141096528,1.49,0.6131847399876758,2,0,74,74
10,"('InterPLM_esm2-650m_L24_mean_198', 'ESM2_295', 'ESM2_535', 'ESM2_403', 'ESM2_402', 'ESM2_102', 'ESM2_172', 'ESM2_803', 'InterPLM_esm2-650m_L24_mean_949', 'ESM2_2')",0.23311758042173494,1.5,0.6131823062952144,2,1,76,76
10,"('InterPLM_esm2-650m_L24_mean_198', 'ESM2_295', 'ESM2_535', 'ESM2_403', 'ESM2_402', 'ESM2_102', 'ESM2_172', 'ESM2_803', 'ESM2_80', 'ESM2_276')",0.23289040003923692,1.5,0.6130232800274658,2,0,82,83
10,"('InterPLM_esm2-650m_L24_mean_198', 'ESM2_295', 'ESM2_535', 'ESM2_403', 'ESM2_402', 'ESM2_102', 'ESM2_172', 'ESM2_578', 'ESM2_848', 'ESM2_960')",0.24570169420453178,1.47,0.6129911859431723,2,0,72,73
10,"('InterPLM_esm2-650m_L24_mean_198', 'ESM2_295', 'ESM2_535', 'ESM2_403', 'ESM2_402', 'ESM2_102', 'ESM2_172', 'InterPLM_esm2-650m_L24_mean_1917', 'InterPLM_esm2-650m_L24_mean_7025', 'ESM2_574')",0.2456773750805816,1.47,0.6129741625564071,2,0,72,72
10,"('InterPLM_esm2-650m_L24_mean_198', 'ESM2_295', 'ESM2_535', 'ESM2_403', 'ESM2_402', 'ESM2_102', 'ESM2_172', 'ESM2_43', 'ESM2_578', 'ESM2_406')",0.2583752799280692,1.44,0.6128626959496484,2,1,69,71
10,"('InterPLM_esm2-650m_L24_mean_198', 'ESM2_295', 'ESM2_535', 'ESM2_403', 'ESM2_402', 'ESM2_102', 'ESM2_172', 'ESM2_43', 'ESM2_803', 'ESM2_1271')",0.24542219380707508,1.47,0.6127955356649526,2,1,72,74
10,"('InterPLM_esm2-650m_L24_mean_198', 'ESM2_295', 'ESM2_535', 'ESM2_403', 'ESM2_402', 'ESM2_102', 'ESM2_172', 'ESM2_803', 'InterPLM_esm2-650m_L24_mean_7025', 'ESM2_2')",0.2323339430775659,1.5,0.612633760154296,2,0,77,77
10,"('InterPLM_esm2-650m_L24_mean_198', 'ESM2_295', 'ESM2_535', 'ESM2_403', 'ESM2_402', 'ESM2_102', 'ESM2_172', 'ESM2_43', 'ESM2_960', 'ESM2_776')",0.24082749419396005,1.48,0.6125792459357721,2,0,73,75
10,"('InterPLM_esm2-650m_L24_mean_198', 'ESM2_295', 'ESM2_535', 'ESM2_403', 'ESM2_402', 'ESM2_102', 'ESM2_172', 'ESM2_578', 'ESM2_848', 'InterPLM_esm2-650m_L24_mean_1356')",0.24078438895024434,1.48,0.612549072265171,2,0,73,75
10,"('InterPLM_esm2-650m_L24_mean_198', 'ESM2_295', 'ESM2_535', 'ESM2_403', 'ESM2_402', 'ESM2_102', 'ESM2_172', 'ESM2_803', 'InterPLM_esm2-650m_L24_mean_1774', 'ESM2_80')",0.2321767911267391,1.5,0.6125237537887174,2,0,78,78
10,"('InterPLM_esm2-650m_L24_mean_198', 'ESM2_295', 'ESM2_535', 'ESM2_403', 'ESM2_402', 'ESM2_102', 'ESM2_172', 'ESM2_803', 'InterPLM_esm2-650m_L24_mean_6997', 'ESM2_276')",0.23215968194403186,1.5,0.6125117773608222,2,1,81,81
10,"('InterPLM_esm2-650m_L24_mean_198', 'ESM2_295', 'ESM2_535', 'ESM2_403', 'ESM2_402', 'ESM2_102', 'ESM2_172', 'ESM2_43', 'InterPLM_esm2-650m_L24_mean_7025', 'ESM2_776')",0.2321007817443804,1.5,0.6124705472210662,3,2,75,76
10,"('InterPLM_esm2-650m_L24_mean_198', 'ESM2_295', 'ESM2_535', 'ESM2_403', 'ESM2_402', 'ESM2_102', 'ESM2_172', 'ESM2_803', 'InterPLM_esm2-650m_L24_mean_6997', 'ESM2_80')",0.23190195148594644,1.5,0.6123313660401625,2,1,81,82
10,"('InterPLM_esm2-650m_L24_mean_198', 'ESM2_295', 'ESM2_535', 'ESM2_403', 'ESM2_402', 'ESM2_102', 'ESM2_172', 'ESM2_43', 'ESM2_803', 'ESM2_776')",0.2403060397578457,1.48,0.612214227830492,2,1,73,75
10,"('InterPLM_esm2-650m_L24_mean_198', 'ESM2_295', 'ESM2_535', 'ESM2_403', 'ESM2_402', 'ESM2_102', 'ESM2_172', 'ESM2_578', 'ESM2_406', 'ESM2_1271')",0.24850292501176938,1.46,0.6119520475082385,2,0,71,73
10,"('InterPLM_esm2-650m_L24_mean_198', 'ESM2_295', 'ESM2_535', 'ESM2_403', 'ESM2_402', 'ESM2_102', 'ESM2_172', 'ESM2_578', 'InterPLM_esm2-650m_L24_mean_1917', 'ESM2_518')",0.23553997300406068,1.49,0.6118779811028425,2,1,74,74
10,"('InterPLM_esm2-650m_L24_mean_198', 'ESM2_295', 'ESM2_535', 'ESM2_403', 'ESM2_402', 'ESM2_102', 'ESM2_172', 'InterPLM_esm2-650m_L24_mean_1917', 'ESM2_848', 'ESM2_574')",0.23545911183436274,1.49,0.6118213782840539,3,2,74,74
10,"('InterPLM_esm2-650m_L24_mean_198', 'ESM2_295', 'ESM2_535', 'ESM2_403', 'ESM2_402', 'ESM2_102', 'ESM2_172', 'ESM2_578', 'ESM2_848', 'ESM2_560')",0.23954957930247256,1.48,0.6116847055117308,2,0,73,75
10,"('InterPLM_esm2-650m_L24_mean_198', 'ESM2_295', 'ESM2_535', 'ESM2_403', 'ESM2_402', 'ESM2_102', 'ESM2_172', 'ESM2_43', 'ESM2_40', 'ESM2_48')",0.23946443950601742,1.48,0.6116251076542122,3,2,73,73
10,"('InterPLM_esm2-650m_L24_mean_198', 'ESM2_295', 'ESM2_535', 'ESM2_403', 'ESM2_402', 'ESM2_102', 'ESM2_172', 'ESM2_803', 'ESM2_1277', 'ESM2_276')",0.23080201603674852,1.5,0.6115614112257239,2,0,77,77
10,"('InterPLM_esm2-650m_L24_mean_198', 'ESM2_295', 'ESM2_535', 'ESM2_403', 'ESM2_402', 'ESM2_102', 'ESM2_172', 'ESM2_578', 'ESM2_848', 'ESM2_2')",0.2436148137770772,1.47,0.611530369643954,2,0,72,74
10,"('InterPLM_esm2-650m_L24_mean_198', 'ESM2_295', 'ESM2_535', 'ESM2_403', 'ESM2_402', 'ESM2_102', 'ESM2_172', 'ESM2_43', 'ESM2_82', 'ESM2_34')",0.25641974612990936,1.44,0.6114938222909365,2,1,69,71
10,"('InterPLM_esm2-650m_L24_mean_198', 'ESM2_295', 'ESM2_535', 'ESM2_403', 'ESM2_402', 'ESM2_102', 'ESM2_172', 'ESM2_578', 'ESM2_3', 'ESM2_521')",0.26070494016173573,1.43,0.611493458113215,2,0,68,70
10,"('InterPLM_esm2-650m_L24_mean_198', 'ESM2_295', 'ESM2_535', 'ESM2_403', 'ESM2_402', 'ESM2_102', 'ESM2_172', 'ESM2_43', 'ESM2_406', 'MOL_WEIGHT')",0.26489988068921727,1.42,0.611429916482452,2,1,67,69
10,"('InterPLM_esm2-650m_L24_mean_198', 'ESM2_295', 'ESM2_535', 'ESM2_403', 'ESM2_402', 'ESM2_102', 'ESM2_172', 'ESM2_578', 'ESM2_917', 'ESM2_574')",0.24339447716397966,1.47,0.6113761340147857,2,1,72,72
10,"('InterPLM_esm2-650m_L24_mean_198', 'ESM2_295', 'ESM2_535', 'ESM2_403', 'ESM2_402', 'ESM2_102', 'ESM2_172', 'ESM2_803', 'ESM2_2', 'ESM2_518')",0.2305074033225046,1.5,0.6113551823257531,2,1,80,80
10,"('InterPLM_esm2-650m_L24_mean_198', 'ESM2_295', 'ESM2_535', 'ESM2_403', 'ESM2_402', 'ESM2_102', 'ESM2_172', 'ESM2_578', 'ESM2_848', 'ESM2_574')",0.23473926968154757,1.49,0.6113174887770834,3,0,74,74
10,"('InterPLM_esm2-650m_L24_mean_198', 'ESM2_295', 'ESM2_535', 'ESM2_403', 'ESM2_402', 'ESM2_102', 'ESM2_172', 'ESM2_43', 'InterPLM_esm2-650m_L24_mean_1356', 'ESM2_518')",0.24330621399815047,1.47,0.6113143497987054,2,0,72,74
10,"('InterPLM_esm2-650m_L24_mean_198', 'ESM2_295', 'ESM2_535', 'ESM2_403', 'ESM2_402', 'ESM2_102', 'ESM2_172', 'ESM2_578', 'ESM2_2', 'ESM2_80')",0.24747907743579248,1.46,0.6112353542050547,2,1,71,72
10,"('InterPLM_esm2-650m_L24_mean_198', 'ESM2_295', 'ESM2_535', 'ESM2_403', 'ESM2_402', 'ESM2_102', 'ESM2_172', 'ESM2_803', 'ESM2_560', 'ESM2_276')",0.23458762172250203,1.49,0.6112113352057514,2,1,74,74
10,"('InterPLM_esm2-650m_L24_mean_198', 'ESM2_295', 'ESM2_535', 'ESM2_403', 'ESM2_402', 'ESM2_102', 'ESM2_172', 'ESM2_43', 'ESM2_1048', 'ESM2_276')",0.23861641051814975,1.48,0.6110314873627049,2,0,73,75
10,"('InterPLM_esm2-650m_L24_mean_198', 'ESM2_295', 'ESM2_535', 'ESM2_403', 'ESM2_402', 'ESM2_102', 'ESM2_172', 'ESM2_803', 'InterPLM_esm2-650m_L24_mean_6997', 'ESM2_2')",0.23855248964499037,1.48,0.6109867427514932,2,1,73,73
10,"('InterPLM_esm2-650m_L24_mean_198', 'ESM2_295', 'ESM2_535', 'ESM2_403', 'ESM2_402', 'ESM2_102', 'ESM2_172', 'InterPLM_esm2-650m_L24_mean_1917', 'ESM2_917', 'InterPLM_esm2-650m_L24_mean_949')",0.26423115863745583,1.42,0.610961811046219,2,0,67,67
10,"('InterPLM_esm2-650m_L24_mean_198', 'ESM2_295', 'ESM2_535', 'ESM2_403', 'ESM2_402', 'ESM2_102', 'ESM2_172', 'ESM2_803', 'ESM2_848', 'ESM2_48')",0.2556241428104894,1.44,0.6109368999673426,2,1,69,69
10,"('InterPLM_esm2-650m_L24_mean_198', 'ESM2_295', 'ESM2_535', 'ESM2_403', 'ESM2_402', 'ESM2_102', 'ESM2_172', 'ESM2_803', 'ESM2_2', 'ESM2_746')",0.22974135119146297,1.5,0.6108189458340241,2,0,75,75
10,"('InterPLM_esm2-650m_L24_mean_198', 'ESM2_295', 'ESM2_535', 'ESM2_403', 'ESM2_402', 'ESM2_102', 'ESM2_172', 'ESM2_803', 'InterPLM_esm2-650m_L24_mean_7025', 'ESM2_406')",0.2511140970747172,1.45,0.610779867952302,2,0,70,72
10,"('InterPLM_esm2-650m_L24_mean_198', 'ESM2_295', 'ESM2_535', 'ESM2_403', 'ESM2_402', 'ESM2_102', 'ESM2_172', 'ESM2_43', 'InterPLM_esm2-650m_L24_mean_949', 'ESM2_48')",0.2553103152853251,1.44,0.6107172206997276,2,1,69,69
10,"('InterPLM_esm2-650m_L24_mean_198', 'ESM2_295', 'ESM2_535', 'ESM2_403', 'ESM2_402', 'ESM2_102', 'ESM2_172', 'ESM2_803', 'ESM2_40', 'ESM2_80')",0.22955020696319742,1.5,0.6106851448742381,2,0,81,82
10,"('InterPLM_esm2-650m_L24_mean_198', 'ESM2_295', 'ESM2_535', 'ESM2_403', 'ESM2_402', 'ESM2_102', 'ESM2_172', 'InterPLM_esm2-650m_L24_mean_1917', 'ESM2_848', 'ESM2_276')",0.2551030317303958,1.44,0.610572122211277,2,1,69,69
10,"('InterPLM_esm2-650m_L24_mean_198', 'ESM2_295', 'ESM2_535', 'ESM2_403', 'ESM2_402', 'ESM2_102', 'ESM2_172', 'InterPLM_esm2-650m_L24_mean_1917', 'ESM2_917', 'ESM2_1277')",0.2635423527053071,1.42,0.610479646893715,2,0,67,67
10,"('InterPLM_esm2-650m_L24_mean_198', 'ESM2_295', 'ESM2_535', 'ESM2_403', 'ESM2_402', 'ESM2_102', 'ESM2_172', 'ESM2_578', 'ESM2_917', 'ESM2_3')",0.2677867570952765,1.4100000000000001,0.6104507299666936,2,1,66,68
10,"('InterPLM_esm2-650m_L24_mean_198', 'ESM2_295', 'ESM2_535', 'ESM2_403', 'ESM2_402', 'ESM2_102', 'ESM2_172', 'ESM2_43', 'ESM2_848', 'ESM2_48')",0.24202204929628693,1.47,0.6104154345074009,3,1,72,73
10,"('InterPLM_esm2-650m_L24_mean_198', 'ESM2_295', 'ESM2_535', 'ESM2_403', 'ESM2_402', 'ESM2_102', 'ESM2_172', 'ESM2_43', 'ESM2_276', 'ESM2_518')",0.25043718639687024,1.45,0.6103060304778092,2,0,70,72
10,"('InterPLM_esm2-650m_L24_mean_198', 'ESM2_295', 'ESM2_535', 'ESM2_403', 'ESM2_402', 'ESM2_102', 'ESM2_172', 'InterPLM_esm2-650m_L24_mean_1917', 'ESM2_848', 'ESM2_82')",0.24611612302696828,1.46,0.6102812861188778,3,0,71,71
10,"('InterPLM_esm2-650m_L24_mean_198', 'ESM2_295', 'ESM2_535', 'ESM2_403', 'ESM2_402', 'ESM2_102', 'ESM2_172', 'ESM2_803', 'InterPLM_esm2-650m_L24_mean_6997', 'ESM2_406')",0.23747852207108108,1.48,0.6102349654497567,2,1,73,75
10,"('InterPLM_esm2-650m_L24_mean_198', 'ESM2_295', 'ESM2_535', 'ESM2_403', 'ESM2_402', 'ESM2_102', 'ESM2_172', 'ESM2_578', 'ESM2_848', 'ESM2_518')",0.2502699887114169,1.45,0.6101889920979918,2,0,70,72
10,"('InterPLM_esm2-650m_L24_mean_198', 'ESM2_295', 'ESM2_535', 'ESM2_403', 'ESM2_402', 'ESM2_102', 'ESM2_172', 'ESM2_578', 'InterPLM_esm2-650m_L24_mean_7025', 'ESM2_48')",0.2502571810167798,1.45,0.6101800267117459,2,1,70,70
10,"('InterPLM_esm2-650m_L24_mean_198', 'ESM2_295', 'ESM2_535', 'ESM2_403', 'ESM2_402', 'ESM2_102', 'ESM2_172', 'ESM2_803', 'ESM2_2', 'ESM2_574')",0.22879089226366978,1.5,0.6101536245845688,2,1,81,81
10,"('InterPLM_esm2-650m_L24_mean_198', 'ESM2_295', 'ESM2_535', 'ESM2_403', 'ESM2_402', 'ESM2_102', 'ESM2_172', 'ESM2_803', 'ESM2_3', 'ESM2_80')",0.2500615415351414,1.45,0.610043079074599,2,0,70,72
10,"('InterPLM_esm2-650m_L24_mean_198', 'ESM2_295', 'ESM2_535', 'ESM2_403', 'ESM2_402', 'ESM2_102', 'ESM2_172', 'ESM2_43', 'InterPLM_esm2-650m_L24_mean_949', 'ESM2_518')",0.25001525465397256,1.45,0.6100106782577808,2,0,70,72
10,"('InterPLM_esm2-650m_L24_mean_198', 'ESM2_295', 'ESM2_535', 'ESM2_403', 'ESM2_402', 'ESM2_102', 'ESM2_172', 'InterPLM_esm2-650m_L24_mean_1917', 'ESM2_917', 'ESM2_1271')",0.27122236055804494,1.4,0.6098556523906314,2,1,65,65
10,"('InterPLM_esm2-650m_L24_mean_198', 'ESM2_295', 'ESM2_535', 'ESM2_403', 'ESM2_402', 'ESM2_102', 'ESM2_172', 'ESM2_803', 'ESM2_82', 'ESM2_1271')",0.22834305510050798,1.5,0.6098401385703556,2,0,85,87
10,"('InterPLM_esm2-650m_L24_mean_198', 'ESM2_295', 'ESM2_535', 'ESM2_403', 'ESM2_402', 'ESM2_102', 'ESM2_172', 'InterPLM_esm2-650m_L24_mean_1917', 'ESM2_848', 'ESM2_40')",0.24975282525515735,1.45,0.6098269776786102,2,0,70,72
10,"('InterPLM_esm2-650m_L24_mean_198', 'ESM2_295', 'ESM2_535', 'ESM2_403', 'ESM2_402', 'ESM2_102', 'ESM2_172', 'ESM2_803', 'ESM2_276', 'MOL_WEIGHT')",0.2325165335679306,1.49,0.6097615734975514,2,0,74,74
10,"('InterPLM_esm2-650m_L24_mean_198', 'ESM2_295', 'ESM2_535', 'ESM2_403', 'ESM2_402', 'ESM2_102', 'ESM2_172', 'ESM2_803', 'ESM2_960', 'ESM2_406')",0.23677578843308386,1.48,0.6097430519031587,2,0,73,75
10,"('InterPLM_esm2-650m_L24_mean_198', 'ESM2_295', 'ESM2_535', 'ESM2_403', 'ESM2_402', 'ESM2_102', 'ESM2_172', 'ESM2_803', 'ESM2_406', 'MOL_WEIGHT')",0.23673399660539793,1.48,0.6097137976237785,3,2,73,73
10,"('InterPLM_esm2-650m_L24_mean_198', 'ESM2_295', 'ESM2_535', 'ESM2_403', 'ESM2_402', 'ESM2_102', 'ESM2_172', 'ESM2_803', 'ESM2_2', 'ESM2_960')",0.22811784598226736,1.5,0.6096824921875871,2,0,79,79
10,"('InterPLM_esm2-650m_L24_mean_198', 'ESM2_295', 'ESM2_535', 'ESM2_403', 'ESM2_402', 'ESM2_102', 'ESM2_172', 'InterPLM_esm2-650m_L24_mean_1917', 'InterPLM_esm2-650m_L24_mean_7025', 'ESM2_2')",0.2580971936705454,1.43,0.6096680355693818,2,1,68,68
10,"('InterPLM_esm2-650m_L24_mean_198', 'ESM2_295', 'ESM2_535', 'ESM2_403', 'ESM2_402', 'ESM2_102', 'ESM2_172', 'ESM2_43', 'ESM2_34', 'ESM2_406')",0.2623184382977157,1.42,0.6096229068084009,2,1,67,69
10,"('InterPLM_esm2-650m_L24_mean_198', 'ESM2_295', 'ESM2_535', 'ESM2_403', 'ESM2_402', 'ESM2_102', 'ESM2_172', 'ESM2_803', 'InterPLM_esm2-650m_L24_mean_6997', 'ESM2_560')",0.23226755484102296,1.49,0.6095872883887161,2,0,74,74
10,"('InterPLM_esm2-650m_L24_mean_198', 'ESM2_295', 'ESM2_535', 'ESM2_403', 'ESM2_402', 'ESM2_102', 'ESM2_172', 'ESM2_43', 'ESM2_40', 'ESM2_1271')",0.2493313944675684,1.45,0.6095319761272979,2,1,70,72
10,"('InterPLM_esm2-650m_L24_mean_198', 'ESM2_295', 'ESM2_535', 'ESM2_403', 'ESM2_402', 'ESM2_102', 'ESM2_172', 'ESM2_803', 'ESM2_2', 'ESM2_776')",0.2278762124938927,1.5,0.6095133487457248,2,0,78,78
10,"('InterPLM_esm2-650m_L24_mean_198', 'ESM2_295', 'ESM2_535', 'ESM2_403', 'ESM2_402', 'ESM2_102', 'ESM2_172', 'ESM2_43', 'ESM2_848', 'InterPLM_esm2-650m_L24_mean_10015')",0.27053275586609205,1.4,0.6093729291062644,2,0,65,67
10,"('InterPLM_esm2-650m_L24_mean_198', 'ESM2_295', 'ESM2_535', 'ESM2_403', 'ESM2_402', 'ESM2_102', 'ESM2_172', 'ESM2_803', 'InterPLM_esm2-650m_L24_mean_1917', 'ESM2_960')",0.23622026079858421,1.48,0.609354182559009,2,1,73,73
10,"('InterPLM_esm2-650m_L24_mean_198', 'ESM2_295', 'ESM2_535', 'ESM2_403', 'ESM2_402', 'ESM2_102', 'ESM2_172', 'ESM2_43', 'ESM2_960', 'ESM2_1271')",0.24899946033456627,1.45,0.6092996222341964,2,0,70,72
10,"('InterPLM_esm2-650m_L24_mean_198', 'ESM2_295', 'ESM2_535', 'ESM2_403', 'ESM2_402', 'ESM2_102', 'ESM2_172', 'ESM2_578', 'ESM2_40', 'ESM2_1271')",0.2318108743427503,1.49,0.6092676120399252,2,0,74,76
10,"('InterPLM_esm2-650m_L24_mean_198', 'ESM2_295', 'ESM2_535', 'ESM2_403', 'ESM2_402', 'ESM2_102', 'ESM2_172', 'ESM2_43', 'ESM2_776', 'MOL_WEIGHT')",0.24894991803584215,1.45,0.6092649426250895,2,1,70,72
10,"('InterPLM_esm2-650m_L24_mean_198', 'ESM2_295', 'ESM2_535', 'ESM2_403', 'ESM2_402', 'ESM2_102', 'ESM2_172', 'ESM2_578', 'ESM2_48', 'MOL_WEIGHT')",0.24036582697495476,1.47,0.6092560788824684,2,1,72,72
10,"('InterPLM_esm2-650m_L24_mean_198', 'ESM2_295', 'ESM2_535', 'ESM2_403', 'ESM2_402', 'ESM2_102', 'ESM2_172', 'InterPLM_esm2-650m_L24_mean_1917', 'ESM2_917', 'ESM2_560')",0.2616691243864889,1.42,0.6091683870705422,2,1,67,67
10,"('InterPLM_esm2-650m_L24_mean_198', 'ESM2_295', 'ESM2_535', 'ESM2_403', 'ESM2_402', 'ESM2_102', 'ESM2_172', 'ESM2_578', 'ESM2_40', 'ESM2_776')",0.22731555745313062,1.5,0.6091208902171914,3,0,79,79
10,"('InterPLM_esm2-650m_L24_mean_198', 'ESM2_295', 'ESM2_535', 'ESM2_403', 'ESM2_402', 'ESM2_102', 'ESM2_172', 'ESM2_43', 'ESM2_2', 'ESM2_80')",0.2401448063468711,1.47,0.6091013644428098,2,1,72,73
10,"('InterPLM_esm2-650m_L24_mean_198', 'ESM2_295', 'ESM2_535', 'ESM2_403', 'ESM2_402', 'ESM2_102', 'ESM2_172', 'ESM2_803', 'ESM2_276', 'ESM2_518')",0.22725072415121386,1.5,0.6090755069058497,2,0,78,78
10,"('InterPLM_esm2-650m_L24_mean_198', 'ESM2_295', 'ESM2_535', 'ESM2_403', 'ESM2_402', 'ESM2_102', 'ESM2_172', 'ESM2_578', 'ESM2_848', 'ESM2_746')",0.2399199205504204,1.47,0.6089439443852943,2,0,72,74
10,"('InterPLM_esm2-650m_L24_mean_198', 'ESM2_295', 'ESM2_535', 'ESM2_403', 'ESM2_402', 'ESM2_102', 'ESM2_172', 'ESM2_803', 'ESM2_40', 'ESM2_276')",0.22677564096650618,1.5,0.6087429486765543,2,0,81,81
10,"('InterPLM_esm2-650m_L24_mean_198', 'ESM2_295', 'ESM2_535', 'ESM2_403', 'ESM2_402', 'ESM2_102', 'ESM2_172', 'ESM2_43', 'InterPLM_esm2-650m_L24_mean_1917', 'InterPLM_esm2-650m_L24_mean_6997')",0.2481969001669397,1.45,0.6087378301168578,2,1,70,70
10,"('InterPLM_esm2-650m_L24_mean_198', 'ESM2_295', 'ESM2_535', 'ESM2_403', 'ESM2_402', 'ESM2_102', 'ESM2_172', 'ESM2_43', 'InterPLM_esm2-650m_L24_mean_1917', 'ESM2_276')",0.2524456363478162,1.44,0.6087119454434713,2,1,69,69
10,"('InterPLM_esm2-650m_L24_mean_198', 'ESM2_295', 'ESM2_535', 'ESM2_403', 'ESM2_402', 'ESM2_102', 'ESM2_172', 'ESM2_803', 'ESM2_776', 'ESM2_406')",0.23523086172913907,1.48,0.6086616032103973,2,0,73,75
10,"('InterPLM_esm2-650m_L24_mean_198', 'ESM2_295', 'ESM2_535', 'ESM2_403', 'ESM2_402', 'ESM2_102', 'ESM2_172', 'ESM2_803', 'ESM2_1277', 'ESM2_80')",0.22657445796788772,1.5,0.6086021205775214,2,1,79,79
10,"('InterPLM_esm2-650m_L24_mean_198', 'ESM2_295', 'ESM2_535', 'ESM2_403', 'ESM2_402', 'ESM2_102', 'ESM2_172', 'ESM2_578', 'InterPLM_esm2-650m_L24_mean_949', 'ESM2_48')",0.24360505619351439,1.46,0.60852353933546,2,1,71,71
10,"('InterPLM_esm2-650m_L24_mean_198', 'ESM2_295', 'ESM2_535', 'ESM2_403', 'ESM2_402', 'ESM2_102', 'ESM2_172', 'ESM2_803', 'ESM2_40', 'ESM2_518')",0.2263164182849106,1.5,0.6084214927994374,2,0,83,85
10,"('InterPLM_esm2-650m_L24_mean_198', 'ESM2_295', 'ESM2_535', 'ESM2_403', 'ESM2_402', 'ESM2_102', 'ESM2_172', 'ESM2_803', 'InterPLM_esm2-650m_L24_mean_949', 'ESM2_276')",0.22628110301679666,1.5,0.6083967721117576,2,0,77,77
10,"('InterPLM_esm2-650m_L24_mean_198', 'ESM2_295', 'ESM2_535', 'ESM2_403', 'ESM2_402', 'ESM2_102', 'ESM2_172', 'ESM2_803', 'ESM2_2', 'ESM2_560')",0.23910376784583232,1.47,0.6083726374920826,2,1,72,72
10,"('InterPLM_esm2-650m_L24_mean_198', 'ESM2_295', 'ESM2_535', 'ESM2_403', 'ESM2_402', 'ESM2_102', 'ESM2_172', 'ESM2_43', 'ESM2_578', 'ESM2_48')",0.2519598027392599,1.44,0.6083718619174819,2,0,69,69
10,"('InterPLM_esm2-650m_L24_mean_198', 'ESM2_295', 'ESM2_535', 'ESM2_403', 'ESM2_402', 'ESM2_102', 'ESM2_172', 'ESM2_803', 'ESM2_3', 'ESM2_1048')",0.22620961142285026,1.5,0.6083467279959951,3,2,79,79
10,"('InterPLM_esm2-650m_L24_mean_198', 'ESM2_295', 'ESM2_535', 'ESM2_403', 'ESM2_402', 'ESM2_102', 'ESM2_172', 'ESM2_578', 'InterPLM_esm2-650m_L24_mean_949', 'ESM2_406')",0.24326133311025935,1.46,0.6082829331771815,2,0,71,73
10,"('InterPLM_esm2-650m_L24_mean_198', 'ESM2_295', 'ESM2_535', 'ESM2_403', 'ESM2_402', 'ESM2_102', 'ESM2_172', 'ESM2_803', 'ESM2_960', 'ESM2_48')",0.23455202067048236,1.48,0.6081864144693376,2,1,73,73
10,"('InterPLM_esm2-650m_L24_mean_198', 'ESM2_295', 'ESM2_535', 'ESM2_403', 'ESM2_402', 'ESM2_102', 'ESM2_172', 'ESM2_803', 'ESM2_574', 'ESM2_40')",0.22589096753323043,1.5,0.6081236772732612,3,2,79,79
10,"('InterPLM_esm2-650m_L24_mean_198', 'ESM2_295', 'ESM2_535', 'ESM2_403', 'ESM2_402', 'ESM2_102', 'ESM2_172', 'ESM2_578', 'InterPLM_esm2-650m_L24_mean_6997', 'ESM2_80')",0.22580709918725497,1.5,0.6080649694310785,2,0,77,78
10,"('InterPLM_esm2-650m_L24_mean_198', 'ESM2_295', 'ESM2_535', 'ESM2_403', 'ESM2_402', 'ESM2_102', 'ESM2_172', 'ESM2_43', 'ESM2_3', 'InterPLM_esm2-650m_L24_mean_1774')",0.2815140931572045,1.37,0.6080598652100432,2,1,62,64
10,"('InterPLM_esm2-650m_L24_mean_198', 'ESM2_295', 'ESM2_535', 'ESM2_403', 'ESM2_402', 'ESM2_102', 'ESM2_172', 'InterPLM_esm2-650m_L24_mean_1917', 'ESM2_917', 'ESM2_521')",0.28579387459514566,1.3599999999999999,0.6080557122166019,2,1,61,61
10,"('InterPLM_esm2-650m_L24_mean_198', 'ESM2_295', 'ESM2_535', 'ESM2_403', 'ESM2_402', 'ESM2_102', 'ESM2_172', 'InterPLM_esm2-650m_L24_mean_1917', 'ESM2_917', 'InterPLM_esm2-650m_L24_mean_10015')",0.2600277969131646,1.42,0.6080194578392152,2,0,67,67
10,"('InterPLM_esm2-650m_L24_mean_198', 'ESM2_295', 'ESM2_535', 'ESM2_403', 'ESM2_402', 'ESM2_102', 'ESM2_172', 'ESM2_803', 'InterPLM_esm2-650m_L24_mean_6997', 'ESM2_1277')",0.22565193429694957,1.5,0.6079563540078646,2,0,79,79
10,"('InterPLM_esm2-650m_L24_mean_198', 'ESM2_295', 'ESM2_535', 'ESM2_403', 'ESM2_402', 'ESM2_102', 'ESM2_172', 'ESM2_43', 'InterPLM_esm2-650m_L24_mean_949', 'ESM2_40')",0.23422156701755217,1.48,0.6079550969122866,3,0,73,73
10,"('InterPLM_esm2-650m_L24_mean_198', 'ESM2_295', 'ESM2_535', 'ESM2_403', 'ESM2_402', 'ESM2_102', 'ESM2_172', 'ESM2_803', 'ESM2_560', 'ESM2_40')",0.22563710536407847,1.5,0.6079459737548549,2,1,76,76
10,"('InterPLM_esm2-650m_L24_mean_198', 'ESM2_295', 'ESM2_535', 'ESM2_403', 'ESM2_402', 'ESM2_102', 'ESM2_172', 'ESM2_578', 'InterPLM_esm2-650m_L24_mean_1917', 'ESM2_82')",0.23402523656007793,1.48,0.6078176655920545,2,1,73,73
10,"('InterPLM_esm2-650m_L24_mean_198', 'ESM2_295', 'ESM2_535', 'ESM2_403', 'ESM2_402', 'ESM2_102', 'ESM2_172', 'ESM2_803', 'InterPLM_esm2-650m_L24_mean_1917', 'InterPLM_esm2-650m_L24_mean_949')",0.2425910078867717,1.46,0.6078137055207402,2,0,71,71
10,"('InterPLM_esm2-650m_L24_mean_198', 'ESM2_295', 'ESM2_535', 'ESM2_403', 'ESM2_402', 'ESM2_102', 'ESM2_172', 'InterPLM_esm2-650m_L24_mean_1917', 'InterPLM_esm2-650m_L24_mean_7025', 'ESM2_1271')",0.2425338263809544,1.46,0.6077736784666681,3,2,71,71
10,"('InterPLM_esm2-650m_L24_mean_198', 'ESM2_295', 'ESM2_535', 'ESM2_403', 'ESM2_402', 'ESM2_102', 'ESM2_172', 'ESM2_578', 'ESM2_3', 'ESM2_80')",0.25524886134073577,1.43,0.607674202938515,2,0,68,70
10,"('InterPLM_esm2-650m_L24_mean_198', 'ESM2_295', 'ESM2_535', 'ESM2_403', 'ESM2_402', 'ESM2_102', 'ESM2_172', 'ESM2_803', 'InterPLM_esm2-650m_L24_mean_7025', 'ESM2_276')",0.22516271149439504,1.5,0.6076138980460765,2,1,79,79
10,"('InterPLM_esm2-650m_L24_mean_198', 'ESM2_295', 'ESM2_535', 'ESM2_403', 'ESM2_402', 'ESM2_102', 'ESM2_172', 'ESM2_43', 'InterPLM_esm2-650m_L24_mean_6997', 'ESM2_40')",0.23370692967666484,1.48,0.6075948507736654,3,2,73,73
10,"('InterPLM_esm2-650m_L24_mean_198', 'ESM2_295', 'ESM2_535', 'ESM2_403', 'ESM2_402', 'ESM2_102', 'ESM2_172', 'ESM2_43', 'ESM2_2', 'ESM2_276')",0.23789491934675047,1.47,0.6075264435427253,2,0,72,72
10,"('InterPLM_esm2-650m_L24_mean_198', 'ESM2_295', 'ESM2_535', 'ESM2_403', 'ESM2_402', 'ESM2_102', 'ESM2_172', 'ESM2_43', 'ESM2_803', 'ESM2_276')",0.24212146636985274,1.46,0.6074850264588969,2,1,71,73
10,"('InterPLM_esm2-650m_L24_mean_198', 'ESM2_295', 'ESM2_535', 'ESM2_403', 'ESM2_402', 'ESM2_102', 'ESM2_172', 'ESM2_803', 'InterPLM_esm2-650m_L24_mean_6997', 'InterPLM_esm2-650m_L24_mean_949')",0.2249562543343987,1.5,0.607469378034079,2,1,75,75
10,"('InterPLM_esm2-650m_L24_mean_198', 'ESM2_295', 'ESM2_535', 'ESM2_403', 'ESM2_402', 'ESM2_102', 'ESM2_172', 'ESM2_578', 'InterPLM_esm2-650m_L24_mean_1917', 'ESM2_574')",0.2377685496667602,1.47,0.6074379847667322,2,1,72,72
10,"('InterPLM_esm2-650m_L24_mean_198', 'ESM2_295', 'ESM2_535', 'ESM2_403', 'ESM2_402', 'ESM2_102', 'ESM2_172', 'ESM2_803', 'InterPLM_esm2-650m_L24_mean_1356', 'ESM2_406')",0.23344370206155632,1.48,0.6074105914430894,3,1,73,73
10,"('InterPLM_esm2-650m_L24_mean_198', 'ESM2_295', 'ESM2_535', 'ESM2_403', 'ESM2_402', 'ESM2_102', 'ESM2_172', 'InterPLM_esm2-650m_L24_mean_1917', 'ESM2_917', 'ESM2_518')",0.2590271624304146,1.42,0.6073190137012903,2,0,67,67
10,"('InterPLM_esm2-650m_L24_mean_198', 'ESM2_295', 'ESM2_535', 'ESM2_403', 'ESM2_402', 'ESM2_102', 'ESM2_172', 'InterPLM_esm2-650m_L24_mean_1917', 'ESM2_917', 'MOL_WEIGHT')",0.2675447479093053,1.4,0.6072813235365138,2,1,65,65
10,"('InterPLM_esm2-650m_L24_mean_198', 'ESM2_295', 'ESM2_535', 'ESM2_403', 'ESM2_402', 'ESM2_102', 'ESM2_172', 'ESM2_803', 'InterPLM_esm2-650m_L24_mean_1917', 'ESM2_406')",0.24610668576732295,1.45,0.607274680037126,3,2,70,70
10,"('InterPLM_esm2-650m_L24_mean_198', 'ESM2_295', 'ESM2_535', 'ESM2_403', 'ESM2_402', 'ESM2_102', 'ESM2_172', 'ESM2_803', 'ESM2_82', 'ESM2_40')",0.22456378762825843,1.5,0.6071946513397808,2,1,85,87
10,"('InterPLM_esm2-650m_L24_mean_198', 'ESM2_295', 'ESM2_535', 'ESM2_403', 'ESM2_402', 'ESM2_102', 'ESM2_172', 'ESM2_578', 'ESM2_776', 'ESM2_48')",0.2373885025025122,1.47,0.6071719517517585,2,1,72,72
10,"('InterPLM_esm2-650m_L24_mean_198', 'ESM2_295', 'ESM2_535', 'ESM2_403', 'ESM2_402', 'ESM2_102', 'ESM2_172', 'ESM2_803', 'InterPLM_esm2-650m_L24_mean_1917', 'InterPLM_esm2-650m_L24_mean_1356')",0.2416696461726974,1.46,0.6071687523208882,2,1,71,71
10,"('InterPLM_esm2-650m_L24_mean_198', 'ESM2_295', 'ESM2_535', 'ESM2_403', 'ESM2_402', 'ESM2_102', 'ESM2_172', 'ESM2_803', 'InterPLM_esm2-650m_L24_mean_6997', 'ESM2_3')",0.24595439691001073,1.45,0.6071680778370074,3,2,70,70
10,"('InterPLM_esm2-650m_L24_mean_198', 'ESM2_295', 'ESM2_535', 'ESM2_403', 'ESM2_402', 'ESM2_102', 'ESM2_172', 'ESM2_803', 'ESM2_82', 'ESM2_560')",0.22450648603874857,1.5,0.6071545402271239,2,1,76,76
10,"('InterPLM_esm2-650m_L24_mean_198', 'ESM2_295', 'ESM2_535', 'ESM2_403', 'ESM2_402', 'ESM2_102', 'ESM2_172', 'ESM2_803', 'InterPLM_esm2-650m_L24_mean_1917', 'ESM2_917')",0.2587046511328499,1.42,0.6070932557929949,2,1,67,67
10,"('InterPLM_esm2-650m_L24_mean_198', 'ESM2_295', 'ESM2_535', 'ESM2_403', 'ESM2_402', 'ESM2_102', 'ESM2_172', 'InterPLM_esm2-650m_L24_mean_1917', 'ESM2_917', 'ESM2_776')",0.22439057996215744,1.5,0.6070734059735101,3,0,77,77
10,"('InterPLM_esm2-650m_L24_mean_198', 'ESM2_295', 'ESM2_535', 'ESM2_403', 'ESM2_402', 'ESM2_102', 'ESM2_172', 'ESM2_803', 'ESM2_518', 'ESM2_1271')",0.22431196328536532,1.5,0.6070183742997557,2,0,80,82
10,"('InterPLM_esm2-650m_L24_mean_198', 'ESM2_295', 'ESM2_535', 'ESM2_403', 'ESM2_402', 'ESM2_102', 'ESM2_172', 'ESM2_43', 'ESM2_848', 'ESM2_574')",0.24137318687165593,1.46,0.6069612308101592,3,2,71,71
10,"('InterPLM_esm2-650m_L24_mean_198', 'ESM2_295', 'ESM2_535', 'ESM2_403', 'ESM2_402', 'ESM2_102', 'ESM2_172', 'ESM2_43', 'ESM2_2', 'ESM2_574')",0.2412643010077752,1.46,0.6068850107054427,4,2,71,71
10,"('InterPLM_esm2-650m_L24_mean_198', 'ESM2_295', 'ESM2_535', 'ESM2_403', 'ESM2_402', 'ESM2_102', 'ESM2_172', 'ESM2_803', 'ESM2_40', 'ESM2_776')",0.22400409530905127,1.5,0.6068028667163359,3,2,77,77
10,"('InterPLM_esm2-650m_L24_mean_198', 'ESM2_295', 'ESM2_535', 'ESM2_403', 'ESM2_402', 'ESM2_102', 'ESM2_172', 'ESM2_43', 'ESM2_80', 'ESM2_1271')",0.24971197416018429,1.44,0.606798381912129,2,0,69,71
10,"('InterPLM_esm2-650m_L24_mean_198', 'ESM2_295', 'ESM2_535', 'ESM2_403', 'ESM2_402', 'ESM2_102', 'ESM2_172', 'ESM2_803', 'ESM2_1277', 'ESM2_82')",0.22392871838801076,1.5,0.6067501028716075,2,0,79,79
10,"('InterPLM_esm2-650m_L24_mean_198', 'ESM2_295', 'ESM2_535', 'ESM2_403', 'ESM2_402', 'ESM2_102', 'ESM2_172', 'ESM2_43', 'ESM2_276', 'ESM2_1271')",0.2495622465680163,1.44,0.6066935725976114,2,1,69,71
10,"('InterPLM_esm2-650m_L24_mean_198', 'ESM2_295', 'ESM2_535', 'ESM2_403', 'ESM2_402', 'ESM2_102', 'ESM2_172', 'ESM2_578', 'InterPLM_esm2-650m_L24_mean_1917', 'ESM2_1277')",0.24091834990120117,1.46,0.6066428449308408,2,1,71,71
10,"('InterPLM_esm2-650m_L24_mean_198', 'ESM2_295', 'ESM2_535', 'ESM2_403', 'ESM2_402', 'ESM2_102', 'ESM2_172', 'ESM2_803', 'InterPLM_esm2-650m_L24_mean_6997', 'InterPLM_esm2-650m_L24_mean_1356')",0.22374367202781476,1.5,0.6066205704194703,2,1,77,77
10,"('InterPLM_esm2-650m_L24_mean_198', 'ESM2_295', 'ESM2_535', 'ESM2_403', 'ESM2_402', 'ESM2_102', 'ESM2_172', 'ESM2_803', 'InterPLM_esm2-650m_L24_mean_6997', 'ESM2_574')",0.22368716511428682,1.5,0.6065810155800007,2,1,84,84
10,"('InterPLM_esm2-650m_L24_mean_198', 'ESM2_295', 'ESM2_535', 'ESM2_403', 'ESM2_402', 'ESM2_102', 'ESM2_172', 'ESM2_578', 'ESM2_848', 'ESM2_1277')",0.24076173664113998,1.46,0.6065332156487979,2,0,71,73
10,"('InterPLM_esm2-650m_L24_mean_198', 'ESM2_295', 'ESM2_535', 'ESM2_403', 'ESM2_402', 'ESM2_102', 'ESM2_172', 'ESM2_803', 'ESM2_82', 'ESM2_48')",0.240704628305665,1.46,0.6064932398139655,2,0,71,71
10,"('InterPLM_esm2-650m_L24_mean_198', 'ESM2_295', 'ESM2_535', 'ESM2_403', 'ESM2_402', 'ESM2_102', 'ESM2_172', 'ESM2_803', 'InterPLM_esm2-650m_L24_mean_10015', 'ESM2_2')",0.2277276882262735,1.49,0.6064093817583914,2,0,74,74
10,"('InterPLM_esm2-650m_L24_mean_198', 'ESM2_295', 'ESM2_535', 'ESM2_403', 'ESM2_402', 'ESM2_102', 'ESM2_172', 'InterPLM_esm2-650m_L24_mean_1917', 'ESM2_917', 'ESM2_80')",0.2577083557903238,1.42,0.6063958490532266,2,1,67,67
10,"('InterPLM_esm2-650m_L24_mean_198', 'ESM2_295', 'ESM2_535', 'ESM2_403', 'ESM2_402', 'ESM2_102', 'ESM2_172', 'ESM2_43', 'ESM2_40', 'ESM2_776')",0.2362339966814997,1.47,0.6063637976770497,3,0,72,72
10,"('InterPLM_esm2-650m_L24_mean_198', 'ESM2_295', 'ESM2_535', 'ESM2_403', 'ESM2_402', 'ESM2_102', 'ESM2_172', 'ESM2_803', 'InterPLM_esm2-650m_L24_mean_949', 'ESM2_82')",0.22326450554178848,1.5,0.6062851538792519,2,0,79,81
10,"('InterPLM_esm2-650m_L24_mean_198', 'ESM2_295', 'ESM2_535', 'ESM2_403', 'ESM2_402', 'ESM2_102', 'ESM2_172', 'ESM2_803', 'InterPLM_esm2-650m_L24_mean_1917', 'ESM2_1048')",0.236029184123711,1.47,0.6062204288865977,2,0,72,72
10,"('InterPLM_esm2-650m_L24_mean_198', 'ESM2_295', 'ESM2_535', 'ESM2_403', 'ESM2_402', 'ESM2_102', 'ESM2_172', 'InterPLM_esm2-650m_L24_mean_1917', 'ESM2_917', 'ESM2_40')",0.25737981849578123,1.42,0.6061658729470468,2,1,67,67
10,"('InterPLM_esm2-650m_L24_mean_198', 'ESM2_295', 'ESM2_535', 'ESM2_403', 'ESM2_402', 'ESM2_102', 'ESM2_172', 'ESM2_803', 'InterPLM_esm2-650m_L24_mean_6997', 'ESM2_82')",0.2230655110709592,1.5,0.6061458577496714,2,1,82,82
10,"('InterPLM_esm2-650m_L24_mean_198', 'ESM2_295', 'ESM2_535', 'ESM2_403', 'ESM2_402', 'ESM2_102', 'ESM2_172', 'ESM2_803', 'ESM2_2', 'MOL_WEIGHT')",0.23585116843886733,1.47,0.6060958179072071,2,0,72,72
10,"('InterPLM_esm2-650m_L24_mean_198', 'ESM2_295', 'ESM2_535', 'ESM2_403', 'ESM2_402', 'ESM2_102', 'ESM2_172', 'InterPLM_esm2-650m_L24_mean_1917', 'InterPLM_esm2-650m_L24_mean_7025', 'ESM2_40')",0.23579721835549616,1.47,0.6060580528488473,3,2,72,72
10,"('InterPLM_esm2-650m_L24_mean_198', 'ESM2_295', 'ESM2_535', 'ESM2_403', 'ESM2_402', 'ESM2_102', 'ESM2_172', 'ESM2_803', 'InterPLM_esm2-650m_L24_mean_1917', 'ESM2_40')",0.24006718286255263,1.46,0.6060470280037868,2,0,71,71
10,"('InterPLM_esm2-650m_L24_mean_198', 'ESM2_295', 'ESM2_535', 'ESM2_403', 'ESM2_402', 'ESM2_102', 'ESM2_172', 'ESM2_803', 'InterPLM_esm2-650m_L24_mean_1917', 'InterPLM_esm2-650m_L24_mean_10015')",0.23995262692432795,1.46,0.6059668388470296,2,1,71,71
10,"('InterPLM_esm2-650m_L24_mean_198', 'ESM2_295', 'ESM2_535', 'ESM2_403', 'ESM2_402', 'ESM2_102', 'ESM2_172', 'InterPLM_esm2-650m_L24_mean_1917', 'InterPLM_esm2-650m_L24_mean_7025', 'ESM2_3')",0.27843811499219717,1.37,0.6059066804945381,2,1,62,64
10,"('InterPLM_esm2-650m_L24_mean_198', 'ESM2_295', 'ESM2_535', 'ESM2_403', 'ESM2_402', 'ESM2_102', 'ESM2_172', 'ESM2_43', 'ESM2_1277', 'ESM2_276')",0.23977468893205145,1.46,0.605842282252436,2,0,71,73
10,"('InterPLM_esm2-650m_L24_mean_198', 'ESM2_295', 'ESM2_535', 'ESM2_403', 'ESM2_402', 'ESM2_102', 'ESM2_172', 'ESM2_803', 'ESM2_40', 'ESM2_1271')",0.22260967119860384,1.5,0.6058267698390226,2,1,75,77
10,"('InterPLM_esm2-650m_L24_mean_198', 'ESM2_295', 'ESM2_535', 'ESM2_403', 'ESM2_402', 'ESM2_102', 'ESM2_172', 'ESM2_43', 'InterPLM_esm2-650m_L24_mean_7025', 'ESM2_276')",0.2567650812469949,1.42,0.6057355568728964,2,0,67,69
10,"('InterPLM_esm2-650m_L24_mean_198', 'ESM2_295', 'ESM2_535', 'ESM2_403', 'ESM2_402', 'ESM2_102', 'ESM2_172', 'ESM2_803', 'InterPLM_esm2-650m_L24_mean_7025', 'ESM2_40')",0.22239194821219901,1.5,0.6056743637485392,3,0,77,77
10,"('InterPLM_esm2-650m_L24_mean_198', 'ESM2_295', 'ESM2_535', 'ESM2_403', 'ESM2_402', 'ESM2_102', 'ESM2_172', 'ESM2_803', 'ESM2_574', 'ESM2_276')",0.22236156103623594,1.5,0.6056530927253652,2,0,77,77
10,"('InterPLM_esm2-650m_L24_mean_198', 'ESM2_295', 'ESM2_535', 'ESM2_403', 'ESM2_402', 'ESM2_102', 'ESM2_172', 'ESM2_803', 'InterPLM_esm2-650m_L24_mean_6997', 'MOL_WEIGHT')",0.22232793697372122,1.5,0.6056295558816048,2,0,76,76
10,"('InterPLM_esm2-650m_L24_mean_198', 'ESM2_295', 'ESM2_535', 'ESM2_403', 'ESM2_402', 'ESM2_102', 'ESM2_172', 'ESM2_803', 'ESM2_776', 'ESM2_276')",0.22222174290240948,1.5,0.6055552200316866,2,0,79,79
10,"('InterPLM_esm2-650m_L24_mean_198', 'ESM2_295', 'ESM2_535', 'ESM2_403', 'ESM2_402', 'ESM2_102', 'ESM2_172', 'ESM2_578', 'ESM2_2', 'ESM2_40')",0.23072115219709163,1.48,0.6055048065379641,2,1,73,73
10,"('InterPLM_esm2-650m_L24_mean_198', 'ESM2_295', 'ESM2_535', 'ESM2_403', 'ESM2_402', 'ESM2_102', 'ESM2_172', 'ESM2_803', 'ESM2_82', 'ESM2_80')",0.22214176831493343,1.5,0.6054992378204533,2,1,82,83
10,"('InterPLM_esm2-650m_L24_mean_198', 'ESM2_295', 'ESM2_535', 'ESM2_403', 'ESM2_402', 'ESM2_102', 'ESM2_172', 'ESM2_803', 'ESM2_3', 'ESM2_1277')",0.25213600245768053,1.43,0.6054952017203763,2,0,68,70
10,"('InterPLM_esm2-650m_L24_mean_198', 'ESM2_295', 'ESM2_535', 'ESM2_403', 'ESM2_402', 'ESM2_102', 'ESM2_172', 'ESM2_803', 'ESM2_82', 'ESM2_276')",0.2306212859866445,1.48,0.6054349001906512,2,0,73,73
10,"('InterPLM_esm2-650m_L24_mean_198', 'ESM2_295', 'ESM2_535', 'ESM2_403', 'ESM2_402', 'ESM2_102', 'ESM2_172', 'ESM2_43', 'ESM2_917', 'ESM2_518')",0.2477267552337164,1.44,0.6054087286636014,2,1,69,71
10,"('InterPLM_esm2-650m_L24_mean_198', 'ESM2_295', 'ESM2_535', 'ESM2_403', 'ESM2_402', 'ESM2_102', 'ESM2_172', 'ESM2_803', 'InterPLM_esm2-650m_L24_mean_1917', 'MOL_WEIGHT')",0.2433825659485979,1.45,0.6053677961640185,2,1,70,70
10,"('InterPLM_esm2-650m_L24_mean_198', 'ESM2_295', 'ESM2_535', 'ESM2_403', 'ESM2_402', 'ESM2_102', 'ESM2_172', 'ESM2_803', 'ESM2_578', 'ESM2_48')",0.23897744774459007,1.46,0.6052842134212131,2,0,71,71
10,"('InterPLM_esm2-650m_L24_mean_198', 'ESM2_295', 'ESM2_535', 'ESM2_403', 'ESM2_402', 'ESM2_102', 'ESM2_172', 'ESM2_803', 'InterPLM_esm2-650m_L24_mean_949', 'ESM2_80')",0.22178237391251288,1.5,0.605247661738759,2,0,82,83
10,"('InterPLM_esm2-650m_L24_mean_198', 'ESM2_295', 'ESM2_535', 'ESM2_403', 'ESM2_402', 'ESM2_102', 'ESM2_172', 'ESM2_578', 'InterPLM_esm2-650m_L24_mean_6997', 'ESM2_2')",0.23033632485852665,1.48,0.6052354274009686,2,0,73,73
10,"('InterPLM_esm2-650m_L24_mean_198', 'ESM2_295', 'ESM2_535', 'ESM2_403', 'ESM2_402', 'ESM2_102', 'ESM2_172', 'ESM2_43', 'InterPLM_esm2-650m_L24_mean_1917', 'ESM2_776')",0.2299876278748071,1.48,0.604991339512365,3,2,73,73
10,"('InterPLM_esm2-650m_L24_mean_198', 'ESM2_295', 'ESM2_535', 'ESM2_403', 'ESM2_402', 'ESM2_102', 'ESM2_172', 'ESM2_578', 'InterPLM_esm2-650m_L24_mean_6997', 'ESM2_48')",0.23854551360990742,1.46,0.6049818595269352,2,1,71,71
10,"('InterPLM_esm2-650m_L24_mean_198', 'ESM2_295', 'ESM2_535', 'ESM2_403', 'ESM2_402', 'ESM2_102', 'ESM2_172', 'ESM2_803', 'ESM2_1277', 'ESM2_574')",0.22138474012086284,1.5,0.604969318084604,2,1,77,77
10,"('InterPLM_esm2-650m_L24_mean_198', 'ESM2_295', 'ESM2_535', 'ESM2_403', 'ESM2_402', 'ESM2_102', 'ESM2_172', 'ESM2_803', 'ESM2_518', 'ESM2_48')",0.24273585152306157,1.45,0.6049150960661431,2,1,70,70
10,"('InterPLM_esm2-650m_L24_mean_198', 'ESM2_295', 'ESM2_535', 'ESM2_403', 'ESM2_402', 'ESM2_102', 'ESM2_172', 'ESM2_803', 'ESM2_1048', 'ESM2_80')",0.22130425048956848,1.5,0.6049129753426978,2,1,79,80
10,"('InterPLM_esm2-650m_L24_mean_198', 'ESM2_295', 'ESM2_535', 'ESM2_403', 'ESM2_402', 'ESM2_102', 'ESM2_172', 'ESM2_803', 'ESM2_574', 'ESM2_406')",0.2383248059348372,1.46,0.604827364154386,2,1,71,73
10,"('InterPLM_esm2-650m_L24_mean_198', 'ESM2_295', 'ESM2_535', 'ESM2_403', 'ESM2_402', 'ESM2_102', 'ESM2_172', 'ESM2_43', 'ESM2_960', 'ESM2_40')",0.22973688727169103,1.48,0.6048158210901837,3,2,73,73
10,"('InterPLM_esm2-650m_L24_mean_198', 'ESM2_295', 'ESM2_535', 'ESM2_403', 'ESM2_402', 'ESM2_102', 'ESM2_172', 'ESM2_43', 'InterPLM_esm2-650m_L24_mean_1774', 'ESM2_406')",0.2682939301106309,1.3900000000000001,0.6048057510774416,2,0,64,66
10,"('InterPLM_esm2-650m_L24_mean_198', 'ESM2_295', 'ESM2_535', 'ESM2_403', 'ESM2_402', 'ESM2_102', 'ESM2_172', 'ESM2_803', 'InterPLM_esm2-650m_L24_mean_6997', 'ESM2_40')",0.2211179474783759,1.5,0.6047825632348631,2,1,80,80
10,"('InterPLM_esm2-650m_L24_mean_198', 'ESM2_295', 'ESM2_535', 'ESM2_403', 'ESM2_402', 'ESM2_102', 'ESM2_172', 'ESM2_43', 'ESM2_578', 'ESM2_848')",0.2679469583351277,1.3900000000000001,0.6045628708345894,2,1,64,66
10,"('InterPLM_esm2-650m_L24_mean_198', 'ESM2_295', 'ESM2_535', 'ESM2_403', 'ESM2_402', 'ESM2_102', 'ESM2_172', 'ESM2_578', 'InterPLM_esm2-650m_L24_mean_1917', 'InterPLM_esm2-650m_L24_mean_1774')",0.2550034848030807,1.42,0.6045024393621565,2,0,67,67
10,"('InterPLM_esm2-650m_L24_mean_198', 'ESM2_295', 'ESM2_535', 'ESM2_403', 'ESM2_402', 'ESM2_102', 'ESM2_172', 'ESM2_43', 'InterPLM_esm2-650m_L24_mean_10015', 'ESM2_48')",0.25928789649378403,1.4100000000000001,0.6045015275456489,2,1,66,66
10,"('InterPLM_esm2-650m_L24_mean_198', 'ESM2_295', 'ESM2_535', 'ESM2_403', 'ESM2_402', 'ESM2_102', 'ESM2_172', 'ESM2_803', 'ESM2_80', 'MOL_WEIGHT')",0.22065177749738807,1.5,0.6044562442481716,2,1,81,82
10,"('InterPLM_esm2-650m_L24_mean_198', 'ESM2_295', 'ESM2_535', 'ESM2_403', 'ESM2_402', 'ESM2_102', 'ESM2_172', 'ESM2_803', 'ESM2_960', 'ESM2_80')",0.2206036869268358,1.5,0.604422580848785,2,1,84,85
10,"('InterPLM_esm2-650m_L24_mean_198', 'ESM2_295', 'ESM2_535', 'ESM2_403', 'ESM2_402', 'ESM2_102', 'ESM2_172', 'InterPLM_esm2-650m_L24_mean_1917', 'InterPLM_esm2-650m_L24_mean_6997', 'ESM2_3')",0.2591400977592455,1.4100000000000001,0.6043980684314719,3,2,66,66
10,"('InterPLM_esm2-650m_L24_mean_198', 'ESM2_295', 'ESM2_535', 'ESM2_403', 'ESM2_402', 'ESM2_102', 'ESM2_172', 'ESM2_43', 'InterPLM_esm2-650m_L24_mean_1917', 'ESM2_1271')",0.23770681892213327,1.46,0.6043947732454933,3,2,71,71
10,"('InterPLM_esm2-650m_L24_mean_198', 'ESM2_295', 'ESM2_535', 'ESM2_403', 'ESM2_402', 'ESM2_102', 'ESM2_172', 'ESM2_578', 'ESM2_40', 'ESM2_48')",0.2332360899197016,1.47,0.6042652629437911,3,2,72,72
10,"('InterPLM_esm2-650m_L24_mean_198', 'ESM2_295', 'ESM2_535', 'ESM2_403', 'ESM2_402', 'ESM2_102', 'ESM2_172', 'ESM2_803', 'ESM2_578', 'ESM2_406')",0.23751620017941816,1.46,0.6042613401255927,2,1,71,73
10,"('InterPLM_esm2-650m_L24_mean_198', 'ESM2_295', 'ESM2_535', 'ESM2_403', 'ESM2_402', 'ESM2_102', 'ESM2_172', 'ESM2_803', 'ESM2_82', 'ESM2_776')",0.22036983529603693,1.5,0.6042588847072258,2,1,77,79
10,"('InterPLM_esm2-650m_L24_mean_198', 'ESM2_295', 'ESM2_535', 'ESM2_403', 'ESM2_402', 'ESM2_102', 'ESM2_172', 'ESM2_578', 'ESM2_34', 'ESM2_48')",0.250338690995998,1.43,0.6042370836971985,2,1,68,68
10,"('InterPLM_esm2-650m_L24_mean_198', 'ESM2_295', 'ESM2_535', 'ESM2_403', 'ESM2_402', 'ESM2_102', 'ESM2_172', 'ESM2_803', 'ESM2_518', 'ESM2_521')",0.23740881537955577,1.46,0.604186170765689,2,0,71,71
10,"('InterPLM_esm2-650m_L24_mean_198', 'ESM2_295', 'ESM2_535', 'ESM2_403', 'ESM2_402', 'ESM2_102', 'ESM2_172', 'ESM2_43', 'InterPLM_esm2-650m_L24_mean_1356', 'ESM2_276')",0.24167108784998695,1.45,0.6041697614949908,2,0,70,72
10,"('InterPLM_esm2-650m_L24_mean_198', 'ESM2_295', 'ESM2_535', 'ESM2_403', 'ESM2_402', 'ESM2_102', 'ESM2_172', 'ESM2_803', 'InterPLM_esm2-650m_L24_mean_6997', 'ESM2_518')",0.220225804111375,1.5,0.6041580628779625,2,1,77,77
10,"('InterPLM_esm2-650m_L24_mean_198', 'ESM2_295', 'ESM2_535', 'ESM2_403', 'ESM2_402', 'ESM2_102', 'ESM2_172', 'ESM2_803', 'InterPLM_esm2-650m_L24_mean_6997', 'InterPLM_esm2-650m_L24_mean_7025')",0.2244792741726439,1.49,0.6041354919208507,2,1,74,74
10,"('InterPLM_esm2-650m_L24_mean_198', 'ESM2_295', 'ESM2_535', 'ESM2_403', 'ESM2_402', 'ESM2_102', 'ESM2_172', 'ESM2_578', 'ESM2_40', 'ESM2_276')",0.22016323530188084,1.5,0.6041142647113166,2,1,77,77
10,"('InterPLM_esm2-650m_L24_mean_198', 'ESM2_295', 'ESM2_535', 'ESM2_403', 'ESM2_402', 'ESM2_102', 'ESM2_172', 'ESM2_803', 'ESM2_406', 'ESM2_48')",0.23728499167276626,1.46,0.6040994941709363,3,2,71,71
10,"('InterPLM_esm2-650m_L24_mean_198', 'ESM2_295', 'ESM2_535', 'ESM2_403', 'ESM2_402', 'ESM2_102', 'ESM2_172', 'ESM2_803', 'InterPLM_esm2-650m_L24_mean_1356', 'ESM2_276')",0.2328140956992958,1.47,0.603969866989507,2,1,72,72
10,"('InterPLM_esm2-650m_L24_mean_198', 'ESM2_295', 'ESM2_535', 'ESM2_403', 'ESM2_402', 'ESM2_102', 'ESM2_172', 'ESM2_578', 'ESM2_80', 'ESM2_406')",0.2413396429647523,1.45,0.6039377500753266,2,0,70,72
10,"('InterPLM_esm2-650m_L24_mean_198', 'ESM2_295', 'ESM2_535', 'ESM2_403', 'ESM2_402', 'ESM2_102', 'ESM2_172', 'ESM2_43', 'InterPLM_esm2-650m_L24_mean_949', 'ESM2_776')",0.24558292072749663,1.44,0.6039080445092476,2,0,69,71
10,"('InterPLM_esm2-650m_L24_mean_198', 'ESM2_295', 'ESM2_535', 'ESM2_403', 'ESM2_402', 'ESM2_102', 'ESM2_172', 'ESM2_803', 'InterPLM_esm2-650m_L24_mean_6997', 'ESM2_960')",0.21986332035791867,1.5,0.6039043242505431,2,1,78,78
10,"('InterPLM_esm2-650m_L24_mean_198', 'ESM2_295', 'ESM2_535', 'ESM2_403', 'ESM2_402', 'ESM2_102', 'ESM2_172', 'ESM2_43', 'ESM2_578', 'ESM2_1271')",0.25413499936978035,1.42,0.6038944995588462,2,0,67,69
10,"('InterPLM_esm2-650m_L24_mean_198', 'ESM2_295', 'ESM2_535', 'ESM2_403', 'ESM2_402', 'ESM2_102', 'ESM2_172', 'ESM2_803', 'InterPLM_esm2-650m_L24_mean_949', 'ESM2_574')",0.21979593327725186,1.5,0.6038571532940762,2,1,77,77
10,"('InterPLM_esm2-650m_L24_mean_198', 'ESM2_295', 'ESM2_535', 'ESM2_403', 'ESM2_402', 'ESM2_102', 'ESM2_172', 'ESM2_578', 'InterPLM_esm2-650m_L24_mean_6997', 'ESM2_1277')",0.2196931392169554,1.5,0.6037851974518688,2,0,75,75
10,"('InterPLM_esm2-650m_L24_mean_198', 'ESM2_295', 'ESM2_535', 'ESM2_403', 'ESM2_402', 'ESM2_102', 'ESM2_172', 'ESM2_803', 'InterPLM_esm2-650m_L24_mean_6997', 'ESM2_776')",0.2195642689151851,1.5,0.6036949882406295,2,0,83,83
10,"('InterPLM_esm2-650m_L24_mean_198', 'ESM2_295', 'ESM2_535', 'ESM2_403', 'ESM2_402', 'ESM2_102', 'ESM2_172', 'ESM2_803', 'ESM2_560', 'ESM2_574')",0.22812062672687747,1.48,0.6036844387088143,2,1,73,73
10,"('InterPLM_esm2-650m_L24_mean_198', 'ESM2_295', 'ESM2_535', 'ESM2_403', 'ESM2_402', 'ESM2_102', 'ESM2_172', 'ESM2_43', 'InterPLM_esm2-650m_L24_mean_1774', 'ESM2_82')",0.25810127499777547,1.4100000000000001,0.6036708924984429,2,0,66,68
10,"('InterPLM_esm2-650m_L24_mean_198', 'ESM2_295', 'ESM2_535', 'ESM2_403', 'ESM2_402', 'ESM2_102', 'ESM2_172', 'ESM2_803', 'ESM2_960', 'ESM2_276')",0.2195167263221386,1.5,0.6036617084254969,2,0,78,78
10,"('InterPLM_esm2-650m_L24_mean_198', 'ESM2_295', 'ESM2_535', 'ESM2_403', 'ESM2_402', 'ESM2_102', 'ESM2_172', 'InterPLM_esm2-650m_L24_mean_1917', 'ESM2_917', 'ESM2_82')",0.2580278926482628,1.4100000000000001,0.603619524853784,2,1,66,66
10,"('InterPLM_esm2-650m_L24_mean_198', 'ESM2_295', 'ESM2_535', 'ESM2_403', 'ESM2_402', 'ESM2_102', 'ESM2_172', 'ESM2_803', 'ESM2_82', 'ESM2_574')",0.21938516819771964,1.5,0.6035696177384037,3,0,82,82
10,"('InterPLM_esm2-650m_L24_mean_198', 'ESM2_295', 'ESM2_535', 'ESM2_403', 'ESM2_402', 'ESM2_102', 'ESM2_172', 'ESM2_578', 'ESM2_560', 'ESM2_40')",0.21935681568718152,1.5,0.603549770981027,2,1,75,75
10,"('InterPLM_esm2-650m_L24_mean_198', 'ESM2_295', 'ESM2_535', 'ESM2_403', 'ESM2_402', 'ESM2_102', 'ESM2_172', 'ESM2_43', 'InterPLM_esm2-650m_L24_mean_7025', 'ESM2_518')",0.2578145428231182,1.4100000000000001,0.6034701799761828,2,0,66,68
10,"('InterPLM_esm2-650m_L24_mean_198', 'ESM2_295', 'ESM2_535', 'ESM2_403', 'ESM2_402', 'ESM2_102', 'ESM2_172', 'ESM2_43', 'ESM2_960', 'ESM2_276')",0.24492016757316615,1.44,0.6034441173012163,2,0,69,71
10,"('InterPLM_esm2-650m_L24_mean_198', 'ESM2_295', 'ESM2_535', 'ESM2_403', 'ESM2_402', 'ESM2_102', 'ESM2_172', 'ESM2_43', 'InterPLM_esm2-650m_L24_mean_949', 'ESM2_560')",0.24057536976417396,1.45,0.6034027588349218,2,0,70,72
10,"('InterPLM_esm2-650m_L24_mean_198', 'ESM2_295', 'ESM2_535', 'ESM2_403', 'ESM2_402', 'ESM2_102', 'ESM2_172', 'ESM2_803', 'InterPLM_esm2-650m_L24_mean_7025', 'ESM2_80')",0.22342728464809336,1.49,0.6033990992536653,2,0,74,74
10,"('InterPLM_esm2-650m_L24_mean_198', 'ESM2_295', 'ESM2_535', 'ESM2_403', 'ESM2_402', 'ESM2_102', 'ESM2_172', 'ESM2_803', 'ESM2_3', 'ESM2_746')",0.2277094854222149,1.48,0.6033966397955504,3,2,73,73
10,"('InterPLM_esm2-650m_L24_mean_198', 'ESM2_295', 'ESM2_535', 'ESM2_403', 'ESM2_402', 'ESM2_102', 'ESM2_172', 'ESM2_578', 'InterPLM_esm2-650m_L24_mean_949', 'ESM2_40')",0.21907371379646023,1.5,0.603351599657522,2,0,82,84
10,"('InterPLM_esm2-650m_L24_mean_198', 'ESM2_295', 'ESM2_535', 'ESM2_403', 'ESM2_402', 'ESM2_102', 'ESM2_172', 'ESM2_803', 'ESM2_746', 'ESM2_80')",0.21903203232151167,1.5,0.6033224226250581,2,1,77,77
10,"('InterPLM_esm2-650m_L24_mean_198', 'ESM2_295', 'ESM2_535', 'ESM2_403', 'ESM2_402', 'ESM2_102', 'ESM2_172', 'ESM2_803', 'ESM2_2', 'ESM2_406')",0.2361698959374977,1.46,0.6033189271562484,2,0,71,73
10,"('InterPLM_esm2-650m_L24_mean_198', 'ESM2_295', 'ESM2_535', 'ESM2_403', 'ESM2_402', 'ESM2_102', 'ESM2_172', 'ESM2_803', 'ESM2_560', 'ESM2_518')",0.22325363969760254,1.49,0.6032775477883218,2,1,74,74
10,"('InterPLM_esm2-650m_L24_mean_198', 'ESM2_295', 'ESM2_535', 'ESM2_403', 'ESM2_402', 'ESM2_102', 'ESM2_172', 'ESM2_803', 'InterPLM_esm2-650m_L24_mean_1917', 'ESM2_34')",0.23599472365609103,1.46,0.6031963065592637,2,1,71,71
10,"('InterPLM_esm2-650m_L24_mean_198', 'ESM2_295', 'ESM2_535', 'ESM2_403', 'ESM2_402', 'ESM2_102', 'ESM2_172', 'ESM2_578', 'ESM2_80', 'ESM2_518')",0.24455963273094738,1.44,0.6031917429116631,2,0,69,71
10,"('InterPLM_esm2-650m_L24_mean_198', 'ESM2_295', 'ESM2_535', 'ESM2_403', 'ESM2_402', 'ESM2_102', 'ESM2_172', 'ESM2_803', 'ESM2_3', 'ESM2_2')",0.24877327050908615,1.43,0.6031412893563604,2,0,68,70
10,"('InterPLM_esm2-650m_L24_mean_198', 'ESM2_295', 'ESM2_535', 'ESM2_403', 'ESM2_402', 'ESM2_102', 'ESM2_172', 'ESM2_578', 'InterPLM_esm2-650m_L24_mean_6997', 'ESM2_40')",0.22727673661378575,1.48,0.6030937156296501,3,2,73,73
10,"('InterPLM_esm2-650m_L24_mean_198', 'ESM2_295', 'ESM2_535', 'ESM2_403', 'ESM2_402', 'ESM2_102', 'ESM2_172', 'ESM2_578', 'ESM2_776', 'ESM2_406')",0.23583396590601136,1.46,0.6030837761342079,2,0,71,73
10,"('InterPLM_esm2-650m_L24_mean_198', 'ESM2_295', 'ESM2_535', 'ESM2_403', 'ESM2_402', 'ESM2_102', 'ESM2_172', 'ESM2_803', 'ESM2_1277', 'ESM2_406')",0.23152117223556762,1.47,0.6030648205648973,3,2,72,72
10,"('InterPLM_esm2-650m_L24_mean_198', 'ESM2_295', 'ESM2_535', 'ESM2_403', 'ESM2_402', 'ESM2_102', 'ESM2_172', 'ESM2_803', 'ESM2_960', 'ESM2_40')",0.21848006896486205,1.5,0.6029360482754034,3,0,80,80
10,"('InterPLM_esm2-650m_L24_mean_198', 'ESM2_295', 'ESM2_535', 'ESM2_403', 'ESM2_402', 'ESM2_102', 'ESM2_172', 'ESM2_43', 'ESM2_776', 'ESM2_1271')",0.22699198880132637,1.48,0.6028943921609284,3,2,73,73
10,"('InterPLM_esm2-650m_L24_mean_198', 'ESM2_295', 'ESM2_535', 'ESM2_403', 'ESM2_402', 'ESM2_102', 'ESM2_172', 'ESM2_578', 'ESM2_276', 'ESM2_48')",0.23983607171498642,1.45,0.6028852502004904,2,1,70,70
10,"('InterPLM_esm2-650m_L24_mean_198', 'ESM2_295', 'ESM2_535', 'ESM2_403', 'ESM2_402', 'ESM2_102', 'ESM2_172', 'ESM2_43', 'ESM2_276', 'MOL_WEIGHT')",0.24840574219537417,1.43,0.602884019536762,2,0,68,70
10,"('InterPLM_esm2-650m_L24_mean_198', 'ESM2_295', 'ESM2_535', 'ESM2_403', 'ESM2_402', 'ESM2_102', 'ESM2_172', 'ESM2_43', 'ESM2_2', 'ESM2_518')",0.24407186137846798,1.44,0.6028503029649276,2,0,69,71
10,"('InterPLM_esm2-650m_L24_mean_198', 'ESM2_295', 'ESM2_535', 'ESM2_403', 'ESM2_402', 'ESM2_102', 'ESM2_172', 'ESM2_803', 'InterPLM_esm2-650m_L24_mean_6997', 'InterPLM_esm2-650m_L24_mean_1774')",0.23538815913528052,1.46,0.6027717113946963,2,1,71,71
10,"('InterPLM_esm2-650m_L24_mean_198', 'ESM2_295', 'ESM2_535', 'ESM2_403', 'ESM2_402', 'ESM2_102', 'ESM2_172', 'ESM2_43', 'InterPLM_esm2-650m_L24_mean_10015', 'ESM2_518')",0.26108386890187474,1.4,0.6027587082313123,2,1,65,67
10,"('InterPLM_esm2-650m_L24_mean_198', 'ESM2_295', 'ESM2_535', 'ESM2_403', 'ESM2_402', 'ESM2_102', 'ESM2_172', 'ESM2_43', 'ESM2_574', 'ESM2_406')",0.24815904812854303,1.43,0.6027113336899801,3,0,68,68
10,"('InterPLM_esm2-650m_L24_mean_198', 'ESM2_295', 'ESM2_535', 'ESM2_403', 'ESM2_402', 'ESM2_102', 'ESM2_172', 'ESM2_803', 'ESM2_574', 'ESM2_80')",0.21806083883197158,1.5,0.6026425871823801,2,1,75,75
10,"('InterPLM_esm2-650m_L24_mean_198', 'ESM2_295', 'ESM2_535', 'ESM2_403', 'ESM2_402', 'ESM2_102', 'ESM2_172', 'ESM2_803', 'InterPLM_esm2-650m_L24_mean_6997', 'ESM2_1048')",0.2180357510203166,1.5,0.6026250257142216,2,0,76,76
10,"('InterPLM_esm2-650m_L24_mean_198', 'ESM2_295', 'ESM2_535', 'ESM2_403', 'ESM2_402', 'ESM2_102', 'ESM2_172', 'ESM2_803', 'ESM2_574', 'MOL_WEIGHT')",0.21798201443564214,1.5,0.6025874101049494,2,0,75,75
10,"('InterPLM_esm2-650m_L24_mean_198', 'ESM2_295', 'ESM2_535', 'ESM2_403', 'ESM2_402', 'ESM2_102', 'ESM2_172', 'ESM2_803', 'InterPLM_esm2-650m_L24_mean_1917', 'ESM2_776')",0.2179649602837003,1.5,0.6025754721985901,3,0,78,78
10,"('InterPLM_esm2-650m_L24_mean_198', 'ESM2_295', 'ESM2_535', 'ESM2_403', 'ESM2_402', 'ESM2_102', 'ESM2_172', 'ESM2_803', 'InterPLM_esm2-650m_L24_mean_1356', 'ESM2_574')",0.21753178445411706,1.5,0.6022722491178819,2,1,76,76
10,"('InterPLM_esm2-650m_L24_mean_198', 'ESM2_295', 'ESM2_535', 'ESM2_403', 'ESM2_402', 'ESM2_102', 'ESM2_172', 'ESM2_803', 'ESM2_1277', 'ESM2_518')",0.21746992317872124,1.5,0.6022289462251048,2,0,79,79
10,"('InterPLM_esm2-650m_L24_mean_198', 'ESM2_295', 'ESM2_535', 'ESM2_403', 'ESM2_402', 'ESM2_102', 'ESM2_172', 'ESM2_43', 'InterPLM_esm2-650m_L24_mean_1917', 'ESM2_560')",0.2473651545347458,1.43,0.602155608174322,2,0,68,68
10,"('InterPLM_esm2-650m_L24_mean_198', 'ESM2_295', 'ESM2_535', 'ESM2_403', 'ESM2_402', 'ESM2_102', 'ESM2_172', 'ESM2_578', 'ESM2_1048', 'ESM2_48')",0.2387580722261811,1.45,0.6021306505583268,2,1,70,70
10,"('InterPLM_esm2-650m_L24_mean_198', 'ESM2_295', 'ESM2_535', 'ESM2_403', 'ESM2_402', 'ESM2_102', 'ESM2_172', 'InterPLM_esm2-650m_L24_mean_1917', 'InterPLM_esm2-650m_L24_mean_7025', 'ESM2_848')",0.2473086348693795,1.43,0.6021160444085656,3,2,68,68
10,"('InterPLM_esm2-650m_L24_mean_198', 'ESM2_295', 'ESM2_535', 'ESM2_403', 'ESM2_402', 'ESM2_102', 'ESM2_172', 'ESM2_803', 'InterPLM_esm2-650m_L24_mean_949', 'InterPLM_esm2-650m_L24_mean_1774')",0.23856464018188275,1.45,0.6019952481273179,2,1,70,70
10,"('InterPLM_esm2-650m_L24_mean_198', 'ESM2_295', 'ESM2_535', 'ESM2_403', 'ESM2_402', 'ESM2_102', 'ESM2_172', 'ESM2_803', 'ESM2_80', 'ESM2_776')",0.21701235735404328,1.5,0.6019086501478302,2,0,87,87
10,"('InterPLM_esm2-650m_L24_mean_198', 'ESM2_295', 'ESM2_535', 'ESM2_403', 'ESM2_402', 'ESM2_102', 'ESM2_172', 'ESM2_578', 'ESM2_2', 'ESM2_960')",0.22550906174745924,1.48,0.6018563432232215,4,3,73,73
10,"('InterPLM_esm2-650m_L24_mean_198', 'ESM2_295', 'ESM2_535', 'ESM2_403', 'ESM2_402', 'ESM2_102', 'ESM2_172', 'ESM2_803', 'InterPLM_esm2-650m_L24_mean_949', 'ESM2_1271')",0.22971913107086608,1.47,0.6018033917496063,2,0,72,74
10,"('InterPLM_esm2-650m_L24_mean_198', 'ESM2_295', 'ESM2_535', 'ESM2_403', 'ESM2_402', 'ESM2_102', 'ESM2_172', 'ESM2_803', 'ESM2_560', 'MOL_WEIGHT')",0.22109920755411486,1.49,0.6017694452878803,2,1,74,74
10,"('InterPLM_esm2-650m_L24_mean_198', 'ESM2_295', 'ESM2_535', 'ESM2_403', 'ESM2_402', 'ESM2_102', 'ESM2_172', 'ESM2_43', 'ESM2_1277', 'ESM2_518')",0.24235950052646565,1.44,0.601651650368526,2,0,69,71
10,"('InterPLM_esm2-650m_L24_mean_198', 'ESM2_295', 'ESM2_535', 'ESM2_403', 'ESM2_402', 'ESM2_102', 'ESM2_172', 'ESM2_578', 'InterPLM_esm2-650m_L24_mean_1917', 'ESM2_917')",0.2551718143495204,1.4100000000000001,0.6016202700446643,2,0,66,66
10,"('InterPLM_esm2-650m_L24_mean_198', 'ESM2_295', 'ESM2_535', 'ESM2_403', 'ESM2_402', 'ESM2_102', 'ESM2_172', 'ESM2_803', 'ESM2_578', 'ESM2_40')",0.2165744720991201,1.5,0.601602130469384,2,0,82,84
10,"('InterPLM_esm2-650m_L24_mean_198', 'ESM2_295', 'ESM2_535', 'ESM2_403', 'ESM2_402', 'ESM2_102', 'ESM2_172', 'ESM2_578', 'InterPLM_esm2-650m_L24_mean_1774', 'ESM2_276')",0.23367934891230807,1.46,0.6015755442386157,2,0,71,71
10,"('InterPLM_esm2-650m_L24_mean_198', 'ESM2_295', 'ESM2_535', 'ESM2_403', 'ESM2_402', 'ESM2_102', 'ESM2_172', 'ESM2_578', 'InterPLM_esm2-650m_L24_mean_1356', 'ESM2_48')",0.23790238916960288,1.45,0.601531672418722,2,1,70,70
10,"('InterPLM_esm2-650m_L24_mean_198', 'ESM2_295', 'ESM2_535', 'ESM2_403', 'ESM2_402', 'ESM2_102', 'ESM2_172', 'ESM2_803', 'ESM2_518', 'MOL_WEIGHT')",0.21645439121005525,1.5,0.6015180738470386,2,0,78,78
10,"('InterPLM_esm2-650m_L24_mean_198', 'ESM2_295', 'ESM2_535', 'ESM2_403', 'ESM2_402', 'ESM2_102', 'ESM2_172', 'ESM2_803', 'ESM2_80', 'ESM2_518')",0.2333765986807313,1.46,0.6013636190765119,2,0,71,73
10,"('InterPLM_esm2-650m_L24_mean_198', 'ESM2_295', 'ESM2_535', 'ESM2_403', 'ESM2_402', 'ESM2_102', 'ESM2_172', 'ESM2_43', 'ESM2_1048', 'ESM2_518')",0.24178992854811737,1.44,0.6012529499836822,2,0,69,71
10,"('InterPLM_esm2-650m_L24_mean_198', 'ESM2_295', 'ESM2_535', 'ESM2_403', 'ESM2_402', 'ESM2_102', 'ESM2_172', 'InterPLM_esm2-650m_L24_mean_1917', 'InterPLM_esm2-650m_L24_mean_7025', 'ESM2_80')",0.24604154722483604,1.43,0.6012290830573852,2,1,68,68
10,"('InterPLM_esm2-650m_L24_mean_198', 'ESM2_295', 'ESM2_535', 'ESM2_403', 'ESM2_402', 'ESM2_102', 'ESM2_172', 'ESM2_803', 'InterPLM_esm2-650m_L24_mean_6997', 'ESM2_1271')",0.22885725411387609,1.47,0.6012000778797133,2,0,72,72
10,"('InterPLM_esm2-650m_L24_mean_198', 'ESM2_295', 'ESM2_535', 'ESM2_403', 'ESM2_402', 'ESM2_102', 'ESM2_172', 'ESM2_578', 'ESM2_40', 'ESM2_406')",0.23742780894330737,1.45,0.6011994662603152,2,0,70,72
10,"('InterPLM_esm2-650m_L24_mean_198', 'ESM2_295', 'ESM2_535', 'ESM2_403', 'ESM2_402', 'ESM2_102', 'ESM2_172', 'ESM2_578', 'ESM2_3', 'ESM2_518')",0.2673959184808354,1.38,0.6011771429365848,2,0,63,65
10,"('InterPLM_esm2-650m_L24_mean_198', 'ESM2_295', 'ESM2_535', 'ESM2_403', 'ESM2_402', 'ESM2_102', 'ESM2_172', 'ESM2_803', 'InterPLM_esm2-650m_L24_mean_949', 'ESM2_40')",0.21593499868473454,1.5,0.6011544990793141,2,0,75,75
10,"('InterPLM_esm2-650m_L24_mean_198', 'ESM2_295', 'ESM2_535', 'ESM2_403', 'ESM2_402', 'ESM2_102', 'ESM2_172', 'ESM2_578', 'ESM2_560', 'ESM2_48')",0.2372316548568052,1.45,0.6010621583997636,2,0,70,70
10,"('InterPLM_esm2-650m_L24_mean_198', 'ESM2_295', 'ESM2_535', 'ESM2_403', 'ESM2_402', 'ESM2_102', 'ESM2_172', 'ESM2_803', 'InterPLM_esm2-650m_L24_mean_10015', 'ESM2_1271')",0.22428350048434278,1.48,0.60099845033904,2,0,73,75
10,"('InterPLM_esm2-650m_L24_mean_198', 'ESM2_295', 'ESM2_535', 'ESM2_403', 'ESM2_402', 'ESM2_102', 'ESM2_172', 'ESM2_578', 'InterPLM_esm2-650m_L24_mean_1917', 'InterPLM_esm2-650m_L24_mean_949')",0.2371322847737244,1.45,0.6009925993416071,2,0,70,70
10,"('InterPLM_esm2-650m_L24_mean_198', 'ESM2_295', 'ESM2_535', 'ESM2_403', 'ESM2_402', 'ESM2_102', 'ESM2_172', 'ESM2_803', 'ESM2_848', 'InterPLM_esm2-650m_L24_mean_1774')",0.2585539839629314,1.4,0.600987788774052,2,0,65,67
10,"('InterPLM_esm2-650m_L24_mean_198', 'ESM2_295', 'ESM2_535', 'ESM2_403', 'ESM2_402', 'ESM2_102', 'ESM2_172', 'ESM2_43', 'ESM2_82', 'ESM2_48')",0.22410958559975266,1.48,0.6008767099198269,4,3,73,73
10,"('InterPLM_esm2-650m_L24_mean_198', 'ESM2_295', 'ESM2_535', 'ESM2_403', 'ESM2_402', 'ESM2_102', 'ESM2_172', 'ESM2_578', 'ESM2_746', 'ESM2_48')",0.23685584089697242,1.45,0.6007990886278807,2,0,70,70
10,"('InterPLM_esm2-650m_L24_mean_198', 'ESM2_295', 'ESM2_535', 'ESM2_403', 'ESM2_402', 'ESM2_102', 'ESM2_172', 'ESM2_803', 'InterPLM_esm2-650m_L24_mean_1356', 'ESM2_518')",0.21535643174063118,1.5,0.6007495022184418,2,1,75,75
10,"('InterPLM_esm2-650m_L24_mean_198', 'ESM2_295', 'ESM2_535', 'ESM2_403', 'ESM2_402', 'ESM2_102', 'ESM2_172', 'ESM2_803', 'ESM2_574', 'ESM2_776')",0.21535424911321577,1.5,0.600747974379251,2,0,82,82
10,"('InterPLM_esm2-650m_L24_mean_198', 'ESM2_295', 'ESM2_535', 'ESM2_403', 'ESM2_402', 'ESM2_102', 'ESM2_172', 'InterPLM_esm2-650m_L24_mean_1917', 'ESM2_917', 'ESM2_34')",0.2581239027818561,1.4,0.6006867319472993,2,1,65,65
10,"('InterPLM_esm2-650m_L24_mean_198', 'ESM2_295', 'ESM2_535', 'ESM2_403', 'ESM2_402', 'ESM2_102', 'ESM2_172', 'ESM2_803', 'ESM2_574', 'ESM2_746')",0.21517212078734824,1.5,0.6006204845511437,2,0,76,76
10,"('InterPLM_esm2-650m_L24_mean_198', 'ESM2_295', 'ESM2_535', 'ESM2_403', 'ESM2_402', 'ESM2_102', 'ESM2_172', 'ESM2_578', 'ESM2_917', 'InterPLM_esm2-650m_L24_mean_1774')",0.24498878933131074,1.43,0.6004921525319176,2,1,68,68
10,"('InterPLM_esm2-650m_L24_mean_198', 'ESM2_295', 'ESM2_535', 'ESM2_403', 'ESM2_402', 'ESM2_102', 'ESM2_172', 'ESM2_803', 'InterPLM_esm2-650m_L24_mean_7025', 'ESM2_776')",0.2192597405129225,1.49,0.6004818183590457,3,0,74,74
10,"('InterPLM_esm2-650m_L24_mean_198', 'ESM2_295', 'ESM2_535', 'ESM2_403', 'ESM2_402', 'ESM2_102', 'ESM2_172', 'InterPLM_esm2-650m_L24_mean_1917', 'ESM2_917', 'InterPLM_esm2-650m_L24_mean_7025')",0.2620487666393638,1.3900000000000001,0.6004341366475546,2,0,64,64
10,"('InterPLM_esm2-650m_L24_mean_198', 'ESM2_295', 'ESM2_535', 'ESM2_403', 'ESM2_402', 'ESM2_102', 'ESM2_172', 'ESM2_578', 'ESM2_406', 'MOL_WEIGHT')",0.24058953872611677,1.44,0.6004126771082817,2,0,69,71
10,"('InterPLM_esm2-650m_L24_mean_198', 'ESM2_295', 'ESM2_535', 'ESM2_403', 'ESM2_402', 'ESM2_102', 'ESM2_172', 'ESM2_803', 'InterPLM_esm2-650m_L24_mean_10015', 'ESM2_406')",0.24905369119182078,1.42,0.6003375838342745,2,0,67,69
10,"('InterPLM_esm2-650m_L24_mean_198', 'ESM2_295', 'ESM2_535', 'ESM2_403', 'ESM2_402', 'ESM2_102', 'ESM2_172', 'ESM2_803', 'ESM2_3', 'InterPLM_esm2-650m_L24_mean_1356')",0.2490249728302878,1.42,0.6003174809812014,2,1,67,69
10,"('InterPLM_esm2-650m_L24_mean_198', 'ESM2_295', 'ESM2_535', 'ESM2_403', 'ESM2_402', 'ESM2_102', 'ESM2_172', 'ESM2_578', 'InterPLM_esm2-650m_L24_mean_1356', 'ESM2_40')",0.21458126399553296,1.5,0.600206884796873,2,0,79,81
10,"('InterPLM_esm2-650m_L24_mean_198', 'ESM2_295', 'ESM2_535', 'ESM2_403', 'ESM2_402', 'ESM2_102', 'ESM2_172', 'ESM2_803', 'InterPLM_esm2-650m_L24_mean_1356', 'ESM2_82')",0.2188076168955751,1.49,0.6001653318269026,2,0,74,74
10,"('InterPLM_esm2-650m_L24_mean_198', 'ESM2_295', 'ESM2_535', 'ESM2_403', 'ESM2_402', 'ESM2_102', 'ESM2_172', 'ESM2_43', 'ESM2_960', 'ESM2_48')",0.24874356996372748,1.42,0.6001204989746092,2,1,67,67
10,"('InterPLM_esm2-650m_L24_mean_198', 'ESM2_295', 'ESM2_535', 'ESM2_403', 'ESM2_402', 'ESM2_102', 'ESM2_172', 'ESM2_803', 'InterPLM_esm2-650m_L24_mean_1917', 'InterPLM_esm2-650m_L24_mean_7025')",0.24433336249373078,1.43,0.6000333537456115,2,1,68,68
10,"('InterPLM_esm2-650m_L24_mean_198', 'ESM2_295', 'ESM2_535', 'ESM2_403', 'ESM2_402', 'ESM2_102', 'ESM2_172', 'ESM2_578', 'ESM2_560', 'ESM2_574')",0.23575313551847715,1.45,0.600027194862934,2,0,70,70
10,"('InterPLM_esm2-650m_L24_mean_198', 'ESM2_295', 'ESM2_535', 'ESM2_403', 'ESM2_402', 'ESM2_102', 'ESM2_172', 'ESM2_578', 'ESM2_848', 'ESM2_48')",0.26143040749936874,1.3900000000000001,0.6000012852495582,2,0,64,64
10,"('InterPLM_esm2-650m_L24_mean_198', 'ESM2_295', 'ESM2_535', 'ESM2_403', 'ESM2_402', 'ESM2_102', 'ESM2_172', 'ESM2_803', 'ESM2_1048', 'ESM2_574')",0.21385973380814582,1.5,0.599701813665702,2,0,80,80
10,"('InterPLM_esm2-650m_L24_mean_198', 'ESM2_295', 'ESM2_535', 'ESM2_403', 'ESM2_402', 'ESM2_102', 'ESM2_172', 'ESM2_578', 'ESM2_48', 'ESM2_1271')",0.24799037621634448,1.42,0.5995932633514411,2,1,67,67
10,"('InterPLM_esm2-650m_L24_mean_198', 'ESM2_295', 'ESM2_535', 'ESM2_403', 'ESM2_402', 'ESM2_102', 'ESM2_172', 'InterPLM_esm2-650m_L24_mean_1917', 'ESM2_917', 'ESM2_960')",0.2565155438400805,1.4,0.5995608806880564,2,0,65,65
10,"('InterPLM_esm2-650m_L24_mean_198', 'ESM2_295', 'ESM2_535', 'ESM2_403', 'ESM2_402', 'ESM2_102', 'ESM2_172', 'ESM2_803', 'ESM2_1048', 'ESM2_82')",0.21362466991181825,1.5,0.5995372689382727,2,0,79,81
10,"('InterPLM_esm2-650m_L24_mean_198', 'ESM2_295', 'ESM2_535', 'ESM2_403', 'ESM2_402', 'ESM2_102', 'ESM2_172', 'ESM2_43', 'ESM2_848', 'ESM2_34')",0.26489305378319256,1.38,0.5994251376482348,2,0,63,65
10,"('InterPLM_esm2-650m_L24_mean_198', 'ESM2_295', 'ESM2_535', 'ESM2_403', 'ESM2_402', 'ESM2_102', 'ESM2_172', 'ESM2_43', 'ESM2_578', 'ESM2_518')",0.2520328358121829,1.4100000000000001,0.5994229850685281,2,1,66,68
10,"('InterPLM_esm2-650m_L24_mean_198', 'ESM2_295', 'ESM2_535', 'ESM2_403', 'ESM2_402', 'ESM2_102', 'ESM2_172', 'ESM2_43', 'InterPLM_esm2-650m_L24_mean_1917', 'ESM2_2')",0.23050676752791027,1.46,0.5993547372695371,4,0,71,71
10,"('InterPLM_esm2-650m_L24_mean_198', 'ESM2_295', 'ESM2_535', 'ESM2_403', 'ESM2_402', 'ESM2_102', 'ESM2_172', 'InterPLM_esm2-650m_L24_mean_1917', 'InterPLM_esm2-650m_L24_mean_7025', 'InterPLM_esm2-650m_L24_mean_949')",0.24761950028347976,1.42,0.5993336501984359,2,0,67,67
10,"('InterPLM_esm2-650m_L24_mean_198', 'ESM2_295', 'ESM2_535', 'ESM2_403', 'ESM2_402', 'ESM2_102', 'ESM2_172', 'ESM2_803', 'ESM2_776', 'ESM2_1271')",0.21316229431417735,1.5,0.5992136060199241,3,0,75,75
10,"('InterPLM_esm2-650m_L24_mean_198', 'ESM2_295', 'ESM2_535', 'ESM2_403', 'ESM2_402', 'ESM2_102', 'ESM2_172', 'ESM2_578', 'ESM2_80', 'ESM2_1271')",0.23456290772435168,1.45,0.5991940354070462,2,0,70,72
10,"('InterPLM_esm2-650m_L24_mean_198', 'ESM2_295', 'ESM2_535', 'ESM2_403', 'ESM2_402', 'ESM2_102', 'ESM2_172', 'InterPLM_esm2-650m_L24_mean_1917', 'ESM2_917', 'InterPLM_esm2-650m_L24_mean_1356')",0.26023311342371575,1.3900000000000001,0.599163179396601,2,1,64,64
10,"('InterPLM_esm2-650m_L24_mean_198', 'ESM2_295', 'ESM2_535', 'ESM2_403', 'ESM2_402', 'ESM2_102', 'ESM2_172', 'ESM2_578', 'ESM2_1277', 'ESM2_80')",0.22165395508185032,1.48,0.5991577685572952,2,0,73,74
10,"('InterPLM_esm2-650m_L24_mean_198', 'ESM2_295', 'ESM2_535', 'ESM2_403', 'ESM2_402', 'ESM2_102', 'ESM2_172', 'ESM2_803', 'ESM2_1277', 'ESM2_560')",0.2258694420852113,1.47,0.599108609459648,2,0,72,72
10,"('InterPLM_esm2-650m_L24_mean_198', 'ESM2_295', 'ESM2_535', 'ESM2_403', 'ESM2_402', 'ESM2_102', 'ESM2_172', 'ESM2_803', 'ESM2_578', 'InterPLM_esm2-650m_L24_mean_1917')",0.23431295978575342,1.45,0.5990190718500275,2,0,70,70
10,"('InterPLM_esm2-650m_L24_mean_198', 'ESM2_295', 'ESM2_535', 'ESM2_403', 'ESM2_402', 'ESM2_102', 'ESM2_172', 'ESM2_803', 'ESM2_917', 'ESM2_560')",0.2342522794724111,1.45,0.5989765956306877,2,1,70,70
10,"('InterPLM_esm2-650m_L24_mean_198', 'ESM2_295', 'ESM2_535', 'ESM2_403', 'ESM2_402', 'ESM2_102', 'ESM2_172', 'ESM2_578', 'ESM2_560', 'ESM2_276')",0.22991838421094804,1.46,0.5989428689476637,2,1,71,71
10,"('InterPLM_esm2-650m_L24_mean_198', 'ESM2_295', 'ESM2_535', 'ESM2_403', 'ESM2_402', 'ESM2_102', 'ESM2_172', 'ESM2_43', 'InterPLM_esm2-650m_L24_mean_7025', 'ESM2_48')",0.26400179463455087,1.38,0.5988012562441856,2,1,63,63
10,"('InterPLM_esm2-650m_L24_mean_198', 'ESM2_295', 'ESM2_535', 'ESM2_403', 'ESM2_402', 'ESM2_102', 'ESM2_172', 'ESM2_803', 'ESM2_574', 'ESM2_960')",0.21253651067970006,1.5,0.59877555747579,2,1,80,80
10,"('InterPLM_esm2-650m_L24_mean_198', 'ESM2_295', 'ESM2_535', 'ESM2_403', 'ESM2_402', 'ESM2_102', 'ESM2_172', 'ESM2_803', 'ESM2_746', 'ESM2_776')",0.21253419266087933,1.5,0.5987739348626155,2,0,76,76
10,"('InterPLM_esm2-650m_L24_mean_198', 'ESM2_295', 'ESM2_535', 'ESM2_403', 'ESM2_402', 'ESM2_102', 'ESM2_172', 'ESM2_803', 'ESM2_1048', 'ESM2_40')",0.2124684704981383,1.5,0.5987279293486968,2,1,75,75
10,"('InterPLM_esm2-650m_L24_mean_198', 'ESM2_295', 'ESM2_535', 'ESM2_403', 'ESM2_402', 'ESM2_102', 'ESM2_172', 'ESM2_578', 'InterPLM_esm2-650m_L24_mean_1917', 'ESM2_40')",0.23378075826848002,1.45,0.5986465307879361,2,1,70,70
10,"('InterPLM_esm2-650m_L24_mean_198', 'ESM2_295', 'ESM2_535', 'ESM2_403', 'ESM2_402', 'ESM2_102', 'ESM2_172', 'ESM2_803', 'InterPLM_esm2-650m_L24_mean_1917', 'ESM2_746')",0.23803286890193467,1.44,0.5986230082313543,2,1,69,69
10,"('InterPLM_esm2-650m_L24_mean_198', 'ESM2_295', 'ESM2_535', 'ESM2_403', 'ESM2_402', 'ESM2_102', 'ESM2_172', 'ESM2_43', 'InterPLM_esm2-650m_L24_mean_1356', 'ESM2_960')",0.2380055655246717,1.44,0.5986038958672701,2,0,69,71
10,"('InterPLM_esm2-650m_L24_mean_198', 'ESM2_295', 'ESM2_535', 'ESM2_403', 'ESM2_402', 'ESM2_102', 'ESM2_172', 'ESM2_578', 'ESM2_40', 'ESM2_80')",0.22938260615643716,1.46,0.5985678243095061,2,0,71,73
10,"('InterPLM_esm2-650m_L24_mean_198', 'ESM2_295', 'ESM2_535', 'ESM2_403', 'ESM2_402', 'ESM2_102', 'ESM2_172', 'ESM2_43', 'InterPLM_esm2-650m_L24_mean_1917', 'ESM2_917')",0.2593731216514853,1.3900000000000001,0.5985611851560397,2,1,64,64
10,"('InterPLM_esm2-650m_L24_mean_198', 'ESM2_295', 'ESM2_535', 'ESM2_403', 'ESM2_402', 'ESM2_102', 'ESM2_172', 'ESM2_578', 'InterPLM_esm2-650m_L24_mean_949', 'ESM2_3')",0.25932924988624606,1.3900000000000001,0.5985304749203723,2,0,64,66
10,"('InterPLM_esm2-650m_L24_mean_198', 'ESM2_295', 'ESM2_535', 'ESM2_403', 'ESM2_402', 'ESM2_102', 'ESM2_172', 'ESM2_803', 'InterPLM_esm2-650m_L24_mean_1774', 'ESM2_776')",0.23353981712238617,1.45,0.5984778719856703,2,1,70,70
10,"('InterPLM_esm2-650m_L24_mean_198', 'ESM2_295', 'ESM2_535', 'ESM2_403', 'ESM2_402', 'ESM2_102', 'ESM2_172', 'ESM2_803', 'InterPLM_esm2-650m_L24_mean_949', 'ESM2_960')",0.21209977204425412,1.5,0.5984698404309778,2,1,75,75
10,"('InterPLM_esm2-650m_L24_mean_198', 'ESM2_295', 'ESM2_535', 'ESM2_403', 'ESM2_402', 'ESM2_102', 'ESM2_172', 'InterPLM_esm2-650m_L24_mean_1917', 'InterPLM_esm2-650m_L24_mean_7025', 'ESM2_776')",0.24207651520019585,1.43,0.5984535606401371,2,0,68,68
10,"('InterPLM_esm2-650m_L24_mean_198', 'ESM2_295', 'ESM2_535', 'ESM2_403', 'ESM2_402', 'ESM2_102', 'ESM2_172', 'ESM2_43', 'ESM2_80', 'ESM2_276')",0.24614074045296652,1.42,0.5982985183170766,2,0,67,69
10,"('InterPLM_esm2-650m_L24_mean_198', 'ESM2_295', 'ESM2_535', 'ESM2_403', 'ESM2_402', 'ESM2_102', 'ESM2_172', 'ESM2_578', 'ESM2_1277', 'ESM2_40')",0.2161096194296219,1.49,0.5982767336007353,2,1,74,74
10,"('InterPLM_esm2-650m_L24_mean_198', 'ESM2_295', 'ESM2_535', 'ESM2_403', 'ESM2_402', 'ESM2_102', 'ESM2_172', 'ESM2_578', 'InterPLM_esm2-650m_L24_mean_6997', 'ESM2_560')",0.22887536461418975,1.46,0.5982127552299328,2,1,71,71
10,"('InterPLM_esm2-650m_L24_mean_198', 'ESM2_295', 'ESM2_535', 'ESM2_403', 'ESM2_402', 'ESM2_102', 'ESM2_172', 'ESM2_43', 'InterPLM_esm2-650m_L24_mean_1917', 'InterPLM_esm2-650m_L24_mean_1774')",0.2630103922474375,1.38,0.5981072745732062,2,1,63,63
10,"('InterPLM_esm2-650m_L24_mean_198', 'ESM2_295', 'ESM2_535', 'ESM2_403', 'ESM2_402', 'ESM2_102', 'ESM2_172', 'ESM2_803', 'InterPLM_esm2-650m_L24_mean_1356', 'ESM2_40')",0.2201426954614124,1.48,0.5980998868229886,2,1,73,73
10,"('InterPLM_esm2-650m_L24_mean_198', 'ESM2_295', 'ESM2_535', 'ESM2_403', 'ESM2_402', 'ESM2_102', 'ESM2_172', 'ESM2_578', 'InterPLM_esm2-650m_L24_mean_6997', 'InterPLM_esm2-650m_L24_mean_1774')",0.23299814376239553,1.45,0.5980987006336769,2,1,70,70
10,"('InterPLM_esm2-650m_L24_mean_198', 'ESM2_295', 'ESM2_535', 'ESM2_403', 'ESM2_402', 'ESM2_102', 'ESM2_172', 'ESM2_803', 'ESM2_574', 'ESM2_521')",0.24156490856803542,1.43,0.5980954359976247,2,0,68,68
10,"('InterPLM_esm2-650m_L24_mean_198', 'ESM2_295', 'ESM2_535', 'ESM2_403', 'ESM2_402', 'ESM2_102', 'ESM2_172', 'ESM2_803', 'InterPLM_esm2-650m_L24_mean_6997', 'ESM2_746')",0.21998957264637928,1.48,0.5979927008524655,2,1,73,73
10,"('InterPLM_esm2-650m_L24_mean_198', 'ESM2_295', 'ESM2_535', 'ESM2_403', 'ESM2_402', 'ESM2_102', 'ESM2_172', 'InterPLM_esm2-650m_L24_mean_1917', 'ESM2_917', 'InterPLM_esm2-650m_L24_mean_1774')",0.27133205926032467,1.3599999999999999,0.5979324414822272,2,1,61,61
10,"('InterPLM_esm2-650m_L24_mean_198', 'ESM2_295', 'ESM2_535', 'ESM2_403', 'ESM2_402', 'ESM2_102', 'ESM2_172', 'ESM2_803', 'InterPLM_esm2-650m_L24_mean_10015', 'ESM2_776')",0.22417980765969134,1.47,0.5979258653617839,2,0,72,74
10,"('InterPLM_esm2-650m_L24_mean_198', 'ESM2_295', 'ESM2_535', 'ESM2_403', 'ESM2_402', 'ESM2_102', 'ESM2_172', 'ESM2_578', 'InterPLM_esm2-650m_L24_mean_1774', 'ESM2_2')",0.23687349257593943,1.44,0.5978114448031576,2,1,69,69
10,"('InterPLM_esm2-650m_L24_mean_198', 'ESM2_295', 'ESM2_535', 'ESM2_403', 'ESM2_402', 'ESM2_102', 'ESM2_172', 'InterPLM_esm2-650m_L24_mean_1917', 'ESM2_917', 'ESM2_848')",0.27115675888398166,1.3599999999999999,0.5978097312187871,2,1,61,61
10,"('InterPLM_esm2-650m_L24_mean_198', 'ESM2_295', 'ESM2_535', 'ESM2_403', 'ESM2_402', 'ESM2_102', 'ESM2_172', 'ESM2_803', 'InterPLM_esm2-650m_L24_mean_1774', 'ESM2_560')",0.23256681450205208,1.45,0.5977967701514364,2,1,70,70
10,"('InterPLM_esm2-650m_L24_mean_198', 'ESM2_295', 'ESM2_535', 'ESM2_403', 'ESM2_402', 'ESM2_102', 'ESM2_172', 'ESM2_803', 'ESM2_1277', 'ESM2_40')",0.22367538505693674,1.47,0.5975727695398557,2,1,72,72
10,"('InterPLM_esm2-650m_L24_mean_198', 'ESM2_295', 'ESM2_535', 'ESM2_403', 'ESM2_402', 'ESM2_102', 'ESM2_172', 'ESM2_803', 'ESM2_82', 'ESM2_746')",0.21504096096573494,1.49,0.5975286726760145,2,0,74,76
10,"('InterPLM_esm2-650m_L24_mean_198', 'ESM2_295', 'ESM2_535', 'ESM2_403', 'ESM2_402', 'ESM2_102', 'ESM2_172', 'ESM2_578', 'ESM2_406', 'ESM2_48')",0.25354749161295265,1.4,0.5974832441290668,2,1,65,65
10,"('InterPLM_esm2-650m_L24_mean_198', 'ESM2_295', 'ESM2_535', 'ESM2_403', 'ESM2_402', 'ESM2_102', 'ESM2_172', 'ESM2_43', 'ESM2_1277', 'ESM2_960')",0.2362743779657045,1.44,0.5973920645759931,2,0,69,71
10,"('InterPLM_esm2-650m_L24_mean_198', 'ESM2_295', 'ESM2_535', 'ESM2_403', 'ESM2_402', 'ESM2_102', 'ESM2_172', 'ESM2_578', 'InterPLM_esm2-650m_L24_mean_1774', 'ESM2_776')",0.23198705322217744,1.45,0.5973909372555242,2,0,70,70
10,"('InterPLM_esm2-650m_L24_mean_198', 'ESM2_295', 'ESM2_535', 'ESM2_403', 'ESM2_402', 'ESM2_102', 'ESM2_172', 'ESM2_803', 'ESM2_3', 'ESM2_48')",0.2319856105948341,1.45,0.5973899274163839,3,2,70,70
10,"('InterPLM_esm2-650m_L24_mean_198', 'ESM2_295', 'ESM2_535', 'ESM2_403', 'ESM2_402', 'ESM2_102', 'ESM2_172', 'ESM2_43', 'ESM2_803', 'ESM2_960')",0.24038091262067213,1.43,0.5972666388344705,2,0,68,70
10,"('InterPLM_esm2-650m_L24_mean_198', 'ESM2_295', 'ESM2_535', 'ESM2_403', 'ESM2_402', 'ESM2_102', 'ESM2_172', 'ESM2_43', 'InterPLM_esm2-650m_L24_mean_7025', 'ESM2_960')",0.25317923298935796,1.4,0.5972254630925505,2,0,65,67
10,"('InterPLM_esm2-650m_L24_mean_198', 'ESM2_295', 'ESM2_535', 'ESM2_403', 'ESM2_402', 'ESM2_102', 'ESM2_172', 'ESM2_43', 'ESM2_80', 'ESM2_518')",0.2531150009221492,1.4,0.5971805006455044,2,0,65,67
10,"('InterPLM_esm2-650m_L24_mean_198', 'ESM2_295', 'ESM2_535', 'ESM2_403', 'ESM2_402', 'ESM2_102', 'ESM2_172', 'InterPLM_esm2-650m_L24_mean_1917', 'ESM2_917', 'ESM2_1048')",0.257295033273472,1.3900000000000001,0.5971065232914304,2,1,64,64
10,"('InterPLM_esm2-650m_L24_mean_198', 'ESM2_295', 'ESM2_535', 'ESM2_403', 'ESM2_402', 'ESM2_102', 'ESM2_172', 'ESM2_803', 'ESM2_276', 'ESM2_1271')",0.2315372440117288,1.45,0.5970760708082101,2,1,70,70
10,"('InterPLM_esm2-650m_L24_mean_198', 'ESM2_295', 'ESM2_535', 'ESM2_403', 'ESM2_402', 'ESM2_102', 'ESM2_172', 'InterPLM_esm2-650m_L24_mean_1917', 'ESM2_917', 'ESM2_3')",0.2871565577128499,1.32,0.5970095903989949,2,0,57,57
10,"('InterPLM_esm2-650m_L24_mean_198', 'ESM2_295', 'ESM2_535', 'ESM2_403', 'ESM2_402', 'ESM2_102', 'ESM2_172', 'ESM2_578', 'ESM2_776', 'ESM2_1271')",0.23129103661313685,1.45,0.5969037256291958,2,1,70,72
10,"('InterPLM_esm2-650m_L24_mean_198', 'ESM2_295', 'ESM2_535', 'ESM2_403', 'ESM2_402', 'ESM2_102', 'ESM2_172', 'ESM2_803', 'InterPLM_esm2-650m_L24_mean_1774', 'ESM2_1048')",0.2312827913796659,1.45,0.5968979539657662,2,1,70,70
10,"('InterPLM_esm2-650m_L24_mean_198', 'ESM2_295', 'ESM2_535', 'ESM2_403', 'ESM2_402', 'ESM2_102', 'ESM2_172', 'ESM2_578', 'ESM2_2', 'MOL_WEIGHT')",0.2398508674988776,1.43,0.5968956072492143,4,0,68,68
10,"('InterPLM_esm2-650m_L24_mean_198', 'ESM2_295', 'ESM2_535', 'ESM2_403', 'ESM2_402', 'ESM2_102', 'ESM2_172', 'ESM2_803', 'ESM2_2', 'ESM2_521')",0.25261656009492717,1.4,0.596831592066449,2,0,65,65
10,"('InterPLM_esm2-650m_L24_mean_198', 'ESM2_295', 'ESM2_535', 'ESM2_403', 'ESM2_402', 'ESM2_102', 'ESM2_172', 'ESM2_803', 'ESM2_2', 'ESM2_1271')",0.23102804991363804,1.45,0.5967196349395466,2,0,70,70
10,"('InterPLM_esm2-650m_L24_mean_198', 'ESM2_295', 'ESM2_535', 'ESM2_403', 'ESM2_402', 'ESM2_102', 'ESM2_172', 'ESM2_803', 'ESM2_34', 'ESM2_48')",0.24387458932204725,1.42,0.596712212525433,2,0,67,67
10,"('InterPLM_esm2-650m_L24_mean_198', 'ESM2_295', 'ESM2_535', 'ESM2_403', 'ESM2_402', 'ESM2_102', 'ESM2_172', 'ESM2_803', 'InterPLM_esm2-650m_L24_mean_7025', 'InterPLM_esm2-650m_L24_mean_1774')",0.24386659765452504,1.42,0.5967066183581675,2,0,67,67
10,"('InterPLM_esm2-650m_L24_mean_198', 'ESM2_295', 'ESM2_535', 'ESM2_403', 'ESM2_402', 'ESM2_102', 'ESM2_172', 'ESM2_578', 'InterPLM_esm2-650m_L24_mean_1917', 'ESM2_960')",0.2309016218523945,1.45,0.5966311352966761,2,1,70,70
10,"('InterPLM_esm2-650m_L24_mean_198', 'ESM2_295', 'ESM2_535', 'ESM2_403', 'ESM2_402', 'ESM2_102', 'ESM2_172', 'ESM2_43', 'ESM2_917', 'ESM2_776')",0.243690195758807,1.42,0.5965831370311648,2,0,67,69
10,"('InterPLM_esm2-650m_L24_mean_198', 'ESM2_295', 'ESM2_535', 'ESM2_403', 'ESM2_402', 'ESM2_102', 'ESM2_172', 'ESM2_43', 'ESM2_560', 'ESM2_776')",0.2393950621287658,1.43,0.596576543490136,2,0,68,70
10,"('InterPLM_esm2-650m_L24_mean_198', 'ESM2_295', 'ESM2_535', 'ESM2_403', 'ESM2_402', 'ESM2_102', 'ESM2_172', 'ESM2_578', 'InterPLM_esm2-650m_L24_mean_1917', 'MOL_WEIGHT')",0.2393470837724774,1.43,0.5965429586407341,2,1,68,68
10,"('InterPLM_esm2-650m_L24_mean_198', 'ESM2_295', 'ESM2_535', 'ESM2_403', 'ESM2_402', 'ESM2_102', 'ESM2_172', 'ESM2_803', 'InterPLM_esm2-650m_L24_mean_949', 'ESM2_776')",0.20925976449124026,1.5,0.5964818351438681,3,1,80,80
10,"('InterPLM_esm2-650m_L24_mean_198', 'ESM2_295', 'ESM2_535', 'ESM2_403', 'ESM2_402', 'ESM2_102', 'ESM2_172', 'ESM2_43', 'InterPLM_esm2-650m_L24_mean_949', 'ESM2_1271')",0.2520383532103607,1.4,0.5964268472472525,2,0,65,67
10,"('InterPLM_esm2-650m_L24_mean_198', 'ESM2_295', 'ESM2_535', 'ESM2_403', 'ESM2_402', 'ESM2_102', 'ESM2_172', 'ESM2_578', 'ESM2_1277', 'ESM2_574')",0.23042490963073378,1.45,0.5962974367415137,2,1,70,70
10,"('InterPLM_esm2-650m_L24_mean_198', 'ESM2_295', 'ESM2_535', 'ESM2_403', 'ESM2_402', 'ESM2_102', 'ESM2_172', 'ESM2_578', 'ESM2_2', 'ESM2_406')",0.2389120974286257,1.43,0.596238468200038,4,1,68,68
10,"('InterPLM_esm2-650m_L24_mean_198', 'ESM2_295', 'ESM2_535', 'ESM2_403', 'ESM2_402', 'ESM2_102', 'ESM2_172', 'ESM2_578', 'ESM2_1277', 'ESM2_2')",0.2303373582918494,1.45,0.5962361508042946,2,1,70,70
10,"('InterPLM_esm2-650m_L24_mean_198', 'ESM2_295', 'ESM2_535', 'ESM2_403', 'ESM2_402', 'ESM2_102', 'ESM2_172', 'ESM2_43', 'ESM2_917', 'InterPLM_esm2-650m_L24_mean_949')",0.24736382905186233,1.4100000000000001,0.5961546803363037,2,0,66,68
10,"('InterPLM_esm2-650m_L24_mean_198', 'ESM2_295', 'ESM2_535', 'ESM2_403', 'ESM2_402', 'ESM2_102', 'ESM2_172', 'ESM2_578', 'ESM2_848', 'InterPLM_esm2-650m_L24_mean_10015')",0.2515653864805605,1.4,0.5960957705363923,2,1,65,66
10,"('InterPLM_esm2-650m_L24_mean_198', 'ESM2_295', 'ESM2_535', 'ESM2_403', 'ESM2_402', 'ESM2_102', 'ESM2_172', 'ESM2_43', 'ESM2_848', 'InterPLM_esm2-650m_L24_mean_1774')",0.27726684871845336,1.34,0.5960867941029173,2,0,59,61
10,"('InterPLM_esm2-650m_L24_mean_198', 'ESM2_295', 'ESM2_535', 'ESM2_403', 'ESM2_402', 'ESM2_102', 'ESM2_172', 'InterPLM_esm2-650m_L24_mean_1917', 'InterPLM_esm2-650m_L24_mean_7025', 'MOL_WEIGHT')",0.24719498843256524,1.4100000000000001,0.5960364919027957,2,1,66,66
10,"('InterPLM_esm2-650m_L24_mean_198', 'ESM2_295', 'ESM2_535', 'ESM2_403', 'ESM2_402', 'ESM2_102', 'ESM2_172', 'ESM2_43', 'InterPLM_esm2-650m_L24_mean_10015', 'ESM2_40')",0.2257599567198522,1.46,0.5960319697038965,3,0,71,71
10,"('InterPLM_esm2-650m_L24_mean_198', 'ESM2_295', 'ESM2_535', 'ESM2_403', 'ESM2_402', 'ESM2_102', 'ESM2_172', 'ESM2_43', 'ESM2_34', 'ESM2_1271')",0.2470557107032495,1.4100000000000001,0.5959389974922746,2,1,66,68
10,"('InterPLM_esm2-650m_L24_mean_198', 'ESM2_295', 'ESM2_535', 'ESM2_403', 'ESM2_402', 'ESM2_102', 'ESM2_172', 'ESM2_578', 'ESM2_276', 'MOL_WEIGHT')",0.22987163154410886,1.45,0.5959101420808762,2,1,70,70
10,"('InterPLM_esm2-650m_L24_mean_198', 'ESM2_295', 'ESM2_535', 'ESM2_403', 'ESM2_402', 'ESM2_102', 'ESM2_172', 'ESM2_578', 'InterPLM_esm2-650m_L24_mean_6997', 'MOL_WEIGHT')",0.2168480158917942,1.48,0.5957936111242559,2,1,73,73
10,"('InterPLM_esm2-650m_L24_mean_198', 'ESM2_295', 'ESM2_535', 'ESM2_403', 'ESM2_402', 'ESM2_102', 'ESM2_172', 'ESM2_803', 'InterPLM_esm2-650m_L24_mean_1774', 'InterPLM_esm2-650m_L24_mean_1356')",0.23398538247773615,1.44,0.5957897677344153,2,1,69,69
10,"('InterPLM_esm2-650m_L24_mean_198', 'ESM2_295', 'ESM2_535', 'ESM2_403', 'ESM2_402', 'ESM2_102', 'ESM2_172', 'ESM2_803', 'InterPLM_esm2-650m_L24_mean_949', 'ESM2_746')",0.21678357637922216,1.48,0.5957485034654555,2,1,73,73
10,"('InterPLM_esm2-650m_L24_mean_198', 'ESM2_295', 'ESM2_535', 'ESM2_403', 'ESM2_402', 'ESM2_102', 'ESM2_172', 'ESM2_578', 'ESM2_1277', 'ESM2_276')",0.22526258472741206,1.46,0.5956838093091884,2,0,71,71
10,"('InterPLM_esm2-650m_L24_mean_198', 'ESM2_295', 'ESM2_535', 'ESM2_403', 'ESM2_402', 'ESM2_102', 'ESM2_172', 'ESM2_803', 'ESM2_3', 'ESM2_276')",0.2509436622412334,1.4,0.5956605635688633,2,0,65,67
10,"('InterPLM_esm2-650m_L24_mean_198', 'ESM2_295', 'ESM2_535', 'ESM2_403', 'ESM2_402', 'ESM2_102', 'ESM2_172', 'ESM2_43', 'ESM2_803', 'InterPLM_esm2-650m_L24_mean_949')",0.24233824109136076,1.42,0.5956367687639526,2,1,67,69
10,"('InterPLM_esm2-650m_L24_mean_198', 'ESM2_295', 'ESM2_535', 'ESM2_403', 'ESM2_402', 'ESM2_102', 'ESM2_172', 'ESM2_803', 'InterPLM_esm2-650m_L24_mean_1917', 'ESM2_1271')",0.2251856276495746,1.46,0.5956299393547022,3,2,71,71
10,"('InterPLM_esm2-650m_L24_mean_198', 'ESM2_295', 'ESM2_535', 'ESM2_403', 'ESM2_402', 'ESM2_102', 'ESM2_172', 'InterPLM_esm2-650m_L24_mean_1917', 'ESM2_848', 'ESM2_406')",0.272207905292683,1.35,0.5955455337048781,2,1,60,62
10,"('InterPLM_esm2-650m_L24_mean_198', 'ESM2_295', 'ESM2_535', 'ESM2_403', 'ESM2_402', 'ESM2_102', 'ESM2_172', 'ESM2_803', 'ESM2_3', 'ESM2_560')",0.24643454819279673,1.4100000000000001,0.5955041837349577,2,1,66,68
10,"('InterPLM_esm2-650m_L24_mean_198', 'ESM2_295', 'ESM2_535', 'ESM2_403', 'ESM2_402', 'ESM2_102', 'ESM2_172', 'ESM2_578', 'InterPLM_esm2-650m_L24_mean_6997', 'InterPLM_esm2-650m_L24_mean_1356')",0.21638918474397179,1.48,0.5954724293207803,2,0,73,73
10,"('InterPLM_esm2-650m_L24_mean_198', 'ESM2_295', 'ESM2_535', 'ESM2_403', 'ESM2_402', 'ESM2_102', 'ESM2_172', 'ESM2_43', 'ESM2_80', 'ESM2_48')",0.22065999180829357,1.47,0.5954619942658055,4,0,72,72
10,"('InterPLM_esm2-650m_L24_mean_198', 'ESM2_295', 'ESM2_535', 'ESM2_403', 'ESM2_402', 'ESM2_102', 'ESM2_172', 'ESM2_803', 'ESM2_960', 'ESM2_1271')",0.22062587199137298,1.47,0.5954381103939611,3,0,72,72
10,"('InterPLM_esm2-650m_L24_mean_198', 'ESM2_295', 'ESM2_535', 'ESM2_403', 'ESM2_402', 'ESM2_102', 'ESM2_172', 'ESM2_803', 'ESM2_960', 'ESM2_776')",0.20776068417411467,1.5,0.5954324789218802,2,1,83,83
10,"('InterPLM_esm2-650m_L24_mean_198', 'ESM2_295', 'ESM2_535', 'ESM2_403', 'ESM2_402', 'ESM2_102', 'ESM2_172', 'ESM2_43', 'ESM2_2', 'ESM2_776')",0.23774992840541778,1.43,0.5954249498837925,2,0,68,70
10,"('InterPLM_esm2-650m_L24_mean_198', 'ESM2_295', 'ESM2_535', 'ESM2_403', 'ESM2_402', 'ESM2_102', 'ESM2_172', 'ESM2_578', 'InterPLM_esm2-650m_L24_mean_1917', 'ESM2_34')",0.23767841929993086,1.43,0.5953748935099517,2,1,68,68
10,"('InterPLM_esm2-650m_L24_mean_198', 'ESM2_295', 'ESM2_535', 'ESM2_403', 'ESM2_402', 'ESM2_102', 'ESM2_172', 'ESM2_803', 'ESM2_40', 'ESM2_521')",0.22878905402380065,1.45,0.5951523378166604,3,2,70,70
10,"('InterPLM_esm2-650m_L24_mean_198', 'ESM2_295', 'ESM2_535', 'ESM2_403', 'ESM2_402', 'ESM2_102', 'ESM2_172', 'ESM2_578', 'InterPLM_esm2-650m_L24_mean_1917', 'ESM2_776')",0.23300884532889699,1.44,0.5951061917302278,2,0,69,69
10,"('InterPLM_esm2-650m_L24_mean_198', 'ESM2_295', 'ESM2_535', 'ESM2_403', 'ESM2_402', 'ESM2_102', 'ESM2_172', 'ESM2_803', 'ESM2_960', 'MOL_WEIGHT')",0.2112095761631231,1.49,0.5948467033141862,2,1,74,74
10,"('InterPLM_esm2-650m_L24_mean_198', 'ESM2_295', 'ESM2_535', 'ESM2_403', 'ESM2_402', 'ESM2_102', 'ESM2_172', 'InterPLM_esm2-650m_L24_mean_1917', 'ESM2_917', 'ESM2_746')",0.25826058010127556,1.38,0.5947824060708928,2,1,63,63
10,"('InterPLM_esm2-650m_L24_mean_198', 'ESM2_295', 'ESM2_535', 'ESM2_403', 'ESM2_402', 'ESM2_102', 'ESM2_172', 'ESM2_43', 'ESM2_560', 'ESM2_40')",0.23678032213052952,1.43,0.5947462254913707,3,2,68,68
10,"('InterPLM_esm2-650m_L24_mean_198', 'ESM2_295', 'ESM2_535', 'ESM2_403', 'ESM2_402', 'ESM2_102', 'ESM2_172', 'ESM2_578', 'InterPLM_esm2-650m_L24_mean_1774', 'InterPLM_esm2-650m_L24_mean_1356')",0.23243392393319204,1.44,0.5947037467532345,2,1,69,69
10,"('InterPLM_esm2-650m_L24_mean_198', 'ESM2_295', 'ESM2_535', 'ESM2_403', 'ESM2_402', 'ESM2_102', 'ESM2_172', 'ESM2_803', 'ESM2_1277', 'InterPLM_esm2-650m_L24_mean_1356')",0.22371181157204836,1.46,0.5945982681004338,2,1,71,71
10,"('InterPLM_esm2-650m_L24_mean_198', 'ESM2_295', 'ESM2_535', 'ESM2_403', 'ESM2_402', 'ESM2_102', 'ESM2_172', 'ESM2_43', 'ESM2_518', 'ESM2_48')",0.21935810688421406,1.47,0.5945506748189499,4,2,72,72
10,"('InterPLM_esm2-650m_L24_mean_198', 'ESM2_295', 'ESM2_535', 'ESM2_403', 'ESM2_402', 'ESM2_102', 'ESM2_172', 'ESM2_803', 'ESM2_1277', 'ESM2_776')",0.21502739807934879,1.48,0.5945191786555442,2,0,73,73
10,"('InterPLM_esm2-650m_L24_mean_198', 'ESM2_295', 'ESM2_535', 'ESM2_403', 'ESM2_402', 'ESM2_102', 'ESM2_172', 'ESM2_803', 'InterPLM_esm2-650m_L24_mean_1774', 'ESM2_574')",0.23635455636431205,1.43,0.5944481894550184,2,1,68,68
10,"('InterPLM_esm2-650m_L24_mean_198', 'ESM2_295', 'ESM2_535', 'ESM2_403', 'ESM2_402', 'ESM2_102', 'ESM2_172', 'ESM2_578', 'ESM2_917', 'ESM2_406')",0.24905457993255242,1.4,0.5943382059527866,2,0,65,67
10,"('InterPLM_esm2-650m_L24_mean_198', 'ESM2_295', 'ESM2_535', 'ESM2_403', 'ESM2_402', 'ESM2_102', 'ESM2_172', 'InterPLM_esm2-650m_L24_mean_1917', 'ESM2_848', 'ESM2_518')",0.24903484549156726,1.4,0.594324391844097,2,0,65,67
10,"('InterPLM_esm2-650m_L24_mean_198', 'ESM2_295', 'ESM2_535', 'ESM2_403', 'ESM2_402', 'ESM2_102', 'ESM2_172', 'ESM2_43', 'ESM2_1048', 'ESM2_776')",0.23612405038064502,1.43,0.5942868352664514,2,1,68,70
10,"('InterPLM_esm2-650m_L24_mean_198', 'ESM2_295', 'ESM2_535', 'ESM2_403', 'ESM2_402', 'ESM2_102', 'ESM2_172', 'ESM2_803', 'ESM2_848', 'ESM2_521')",0.24036954924354464,1.42,0.5942586844704812,3,1,67,67
10,"('InterPLM_esm2-650m_L24_mean_198', 'ESM2_295', 'ESM2_535', 'ESM2_403', 'ESM2_402', 'ESM2_102', 'ESM2_172', 'ESM2_578', 'InterPLM_esm2-650m_L24_mean_6997', 'InterPLM_esm2-650m_L24_mean_949')",0.21890541125760743,1.47,0.5942337878803252,2,1,72,72
10,"('InterPLM_esm2-650m_L24_mean_198', 'ESM2_295', 'ESM2_535', 'ESM2_403', 'ESM2_402', 'ESM2_102', 'ESM2_172', 'ESM2_43', 'InterPLM_esm2-650m_L24_mean_949', 'ESM2_960')",0.24418118001011382,1.4100000000000001,0.5939268260070797,2,1,66,68
10,"('InterPLM_esm2-650m_L24_mean_198', 'ESM2_295', 'ESM2_535', 'ESM2_403', 'ESM2_402', 'ESM2_102', 'ESM2_172', 'ESM2_803', 'ESM2_1048', 'ESM2_960')",0.20556009541143752,1.5,0.5938920667880062,2,1,75,75
10,"('InterPLM_esm2-650m_L24_mean_198', 'ESM2_295', 'ESM2_535', 'ESM2_403', 'ESM2_402', 'ESM2_102', 'ESM2_172', 'ESM2_803', 'InterPLM_esm2-650m_L24_mean_1356', 'ESM2_80')",0.22268415261055538,1.46,0.5938789068273888,2,1,71,71
10,"('InterPLM_esm2-650m_L24_mean_198', 'ESM2_295', 'ESM2_535', 'ESM2_403', 'ESM2_402', 'ESM2_102', 'ESM2_172', 'ESM2_578', 'ESM2_1048', 'ESM2_406')",0.23546784862482673,1.43,0.5938274940373787,2,1,68,70
10,"('InterPLM_esm2-650m_L24_mean_198', 'ESM2_295', 'ESM2_535', 'ESM2_403', 'ESM2_402', 'ESM2_102', 'ESM2_172', 'ESM2_803', 'InterPLM_esm2-650m_L24_mean_1774', 'ESM2_960')",0.23110606734587577,1.44,0.593774247142113,2,1,69,69
10,"('InterPLM_esm2-650m_L24_mean_198', 'ESM2_295', 'ESM2_535', 'ESM2_403', 'ESM2_402', 'ESM2_102', 'ESM2_172', 'ESM2_578', 'ESM2_3', 'InterPLM_esm2-650m_L24_mean_1356')",0.2524902780573588,1.3900000000000001,0.5937431946401512,2,0,64,66
10,"('InterPLM_esm2-650m_L24_mean_198', 'ESM2_295', 'ESM2_535', 'ESM2_403', 'ESM2_402', 'ESM2_102', 'ESM2_172', 'ESM2_578', 'InterPLM_esm2-650m_L24_mean_1917', 'ESM2_1048')",0.23098256407605142,1.44,0.593687794853236,2,1,69,69
10,"('InterPLM_esm2-650m_L24_mean_198', 'ESM2_295', 'ESM2_535', 'ESM2_403', 'ESM2_402', 'ESM2_102', 'ESM2_172', 'ESM2_578', 'ESM2_560', 'ESM2_80')",0.22666004676109014,1.45,0.5936620327327631,2,1,70,70
10,"('InterPLM_esm2-650m_L24_mean_198', 'ESM2_295', 'ESM2_535', 'ESM2_403', 'ESM2_402', 'ESM2_102', 'ESM2_172', 'ESM2_43', 'InterPLM_esm2-650m_L24_mean_6997', 'InterPLM_esm2-650m_L24_mean_7025')",0.2523418195838227,1.3900000000000001,0.5936392737086759,2,0,64,66
10,"('InterPLM_esm2-650m_L24_mean_198', 'ESM2_295', 'ESM2_535', 'ESM2_403', 'ESM2_402', 'ESM2_102', 'ESM2_172', 'ESM2_803', 'ESM2_917', 'ESM2_848')",0.24803802453568694,1.4,0.5936266171749809,2,0,65,67
10,"('InterPLM_esm2-650m_L24_mean_198', 'ESM2_295', 'ESM2_535', 'ESM2_403', 'ESM2_402', 'ESM2_102', 'ESM2_172', 'ESM2_803', 'ESM2_746', 'ESM2_406')",0.2351234407480724,1.43,0.5935864085236506,2,0,68,70
10,"('InterPLM_esm2-650m_L24_mean_198', 'ESM2_295', 'ESM2_535', 'ESM2_403', 'ESM2_402', 'ESM2_102', 'ESM2_172', 'InterPLM_esm2-650m_L24_mean_1917', 'ESM2_848', 'ESM2_2')",0.25221625073777604,1.3900000000000001,0.5935513755164432,2,1,64,64
10,"('InterPLM_esm2-650m_L24_mean_198', 'ESM2_295', 'ESM2_535', 'ESM2_403', 'ESM2_402', 'ESM2_102', 'ESM2_172', 'InterPLM_esm2-650m_L24_mean_1917', 'ESM2_848', 'ESM2_521')",0.25218722852865866,1.3900000000000001,0.5935310599700611,3,2,64,64
10,"('InterPLM_esm2-650m_L24_mean_198', 'ESM2_295', 'ESM2_535', 'ESM2_403', 'ESM2_402', 'ESM2_102', 'ESM2_172', 'ESM2_803', 'InterPLM_esm2-650m_L24_mean_7025', 'ESM2_574')",0.23071597910155883,1.44,0.5935011853710912,2,1,69,69
10,"('InterPLM_esm2-650m_L24_mean_198', 'ESM2_295', 'ESM2_535', 'ESM2_403', 'ESM2_402', 'ESM2_102', 'ESM2_172', 'ESM2_43', 'ESM2_560', 'ESM2_960')",0.2349426086817457,1.43,0.5934598260772219,2,1,68,70
10,"('InterPLM_esm2-650m_L24_mean_198', 'ESM2_295', 'ESM2_535', 'ESM2_403', 'ESM2_402', 'ESM2_102', 'ESM2_172', 'InterPLM_esm2-650m_L24_mean_1917', 'ESM2_848', 'ESM2_1048')",0.2520447826060558,1.3900000000000001,0.593431347824239,2,0,64,66
10,"('InterPLM_esm2-650m_L24_mean_198', 'ESM2_295', 'ESM2_535', 'ESM2_403', 'ESM2_402', 'ESM2_102', 'ESM2_172', 'InterPLM_esm2-650m_L24_mean_1917', 'ESM2_917', 'ESM2_406')",0.26908395796574,1.35,0.5933587705760179,2,0,60,60
10,"('InterPLM_esm2-650m_L24_mean_198', 'ESM2_295', 'ESM2_535', 'ESM2_403', 'ESM2_402', 'ESM2_102', 'ESM2_172', 'ESM2_803', 'ESM2_578', 'InterPLM_esm2-650m_L24_mean_6997')",0.21760475734221504,1.47,0.5933233301395505,2,1,72,72
10,"('InterPLM_esm2-650m_L24_mean_198', 'ESM2_295', 'ESM2_535', 'ESM2_403', 'ESM2_402', 'ESM2_102', 'ESM2_172', 'ESM2_803', 'ESM2_560', 'ESM2_80')",0.22612878702770955,1.45,0.5932901509193966,2,1,70,70
10,"('InterPLM_esm2-650m_L24_mean_198', 'ESM2_295', 'ESM2_535', 'ESM2_403', 'ESM2_402', 'ESM2_102', 'ESM2_172', 'ESM2_43', 'ESM2_2', 'ESM2_40')",0.2303497456840325,1.44,0.5932448219788227,4,0,69,69
10,"('InterPLM_esm2-650m_L24_mean_198', 'ESM2_295', 'ESM2_535', 'ESM2_403', 'ESM2_402', 'ESM2_102', 'ESM2_172', 'ESM2_803', 'ESM2_578', 'ESM2_2')",0.23034541796771585,1.44,0.5932417925774011,4,1,69,69
10,"('InterPLM_esm2-650m_L24_mean_198', 'ESM2_295', 'ESM2_535', 'ESM2_403', 'ESM2_402', 'ESM2_102', 'ESM2_172', 'ESM2_578', 'ESM2_917', 'ESM2_1277')",0.2345750642583678,1.43,0.5932025449808574,2,1,68,68
10,"('InterPLM_esm2-650m_L24_mean_198', 'ESM2_295', 'ESM2_535', 'ESM2_403', 'ESM2_402', 'ESM2_102', 'ESM2_172', 'ESM2_803', 'ESM2_746', 'ESM2_40')",0.21308098638531361,1.48,0.5931566904697195,2,0,73,73
10,"('InterPLM_esm2-650m_L24_mean_198', 'ESM2_295', 'ESM2_535', 'ESM2_403', 'ESM2_402', 'ESM2_102', 'ESM2_172', 'ESM2_43', 'InterPLM_esm2-650m_L24_mean_10015', 'ESM2_960')",0.25155531955043015,1.3900000000000001,0.5930887236853011,2,0,64,66
10,"('InterPLM_esm2-650m_L24_mean_198', 'ESM2_295', 'ESM2_535', 'ESM2_403', 'ESM2_402', 'ESM2_102', 'ESM2_172', 'ESM2_43', 'InterPLM_esm2-650m_L24_mean_949', 'ESM2_276')",0.24722248571224836,1.4,0.5930557399985739,2,0,65,67
10,"('InterPLM_esm2-650m_L24_mean_198', 'ESM2_295', 'ESM2_535', 'ESM2_403', 'ESM2_402', 'ESM2_102', 'ESM2_172', 'ESM2_43', 'ESM2_560', 'ESM2_276')",0.2386122131557629,1.42,0.593028549209034,2,0,67,69
10,"('InterPLM_esm2-650m_L24_mean_198', 'ESM2_295', 'ESM2_535', 'ESM2_403', 'ESM2_402', 'ESM2_102', 'ESM2_172', 'ESM2_43', 'InterPLM_esm2-650m_L24_mean_1356', 'ESM2_776')",0.23857253611826845,1.42,0.5930007752827879,2,0,67,69
10,"('InterPLM_esm2-650m_L24_mean_198', 'ESM2_295', 'ESM2_535', 'ESM2_403', 'ESM2_402', 'ESM2_102', 'ESM2_172', 'ESM2_43', 'InterPLM_esm2-650m_L24_mean_6997', 'ESM2_276')",0.2599065094613918,1.37,0.5929345566229742,3,0,62,62
10,"('InterPLM_esm2-650m_L24_mean_198', 'ESM2_295', 'ESM2_535', 'ESM2_403', 'ESM2_402', 'ESM2_102', 'ESM2_172', 'ESM2_803', 'InterPLM_esm2-650m_L24_mean_949', 'MOL_WEIGHT')",0.2169675186647736,1.47,0.5928772630653415,2,1,72,72
10,"('InterPLM_esm2-650m_L24_mean_198', 'ESM2_295', 'ESM2_535', 'ESM2_403', 'ESM2_402', 'ESM2_102', 'ESM2_172', 'ESM2_578', 'ESM2_2', 'ESM2_518')",0.2469134065253874,1.4,0.5928393845677712,2,0,65,67
10,"('InterPLM_esm2-650m_L24_mean_198', 'ESM2_295', 'ESM2_535', 'ESM2_403', 'ESM2_402', 'ESM2_102', 'ESM2_172', 'ESM2_803', 'InterPLM_esm2-650m_L24_mean_10015', 'ESM2_82')",0.22548368633337104,1.45,0.5928385804333597,2,0,70,72
10,"('InterPLM_esm2-650m_L24_mean_198', 'ESM2_295', 'ESM2_535', 'ESM2_403', 'ESM2_402', 'ESM2_102', 'ESM2_172', 'ESM2_43', 'InterPLM_esm2-650m_L24_mean_6997', 'ESM2_560')",0.23833473174464603,1.42,0.5928343122212523,2,1,67,67
10,"('InterPLM_esm2-650m_L24_mean_198', 'ESM2_295', 'ESM2_535', 'ESM2_403', 'ESM2_402', 'ESM2_102', 'ESM2_172', 'ESM2_803', 'InterPLM_esm2-650m_L24_mean_949', 'ESM2_560')",0.2254167346910081,1.45,0.5927917142837056,2,1,70,70
10,"('InterPLM_esm2-650m_L24_mean_198', 'ESM2_295', 'ESM2_535', 'ESM2_403', 'ESM2_402', 'ESM2_102', 'ESM2_172', 'ESM2_578', 'InterPLM_esm2-650m_L24_mean_1917', 'ESM2_1271')",0.24678125409409649,1.4,0.5927468778658675,2,1,65,65
10,"('InterPLM_esm2-650m_L24_mean_198', 'ESM2_295', 'ESM2_535', 'ESM2_403', 'ESM2_402', 'ESM2_102', 'ESM2_172', 'ESM2_43', 'InterPLM_esm2-650m_L24_mean_7025', 'ESM2_34')",0.25529130853633625,1.38,0.5927039159754354,2,0,63,65
10,"('InterPLM_esm2-650m_L24_mean_198', 'ESM2_295', 'ESM2_535', 'ESM2_403', 'ESM2_402', 'ESM2_102', 'ESM2_172', 'InterPLM_esm2-650m_L24_mean_1917', 'ESM2_848', 'InterPLM_esm2-650m_L24_mean_949')",0.2550139541634137,1.38,0.5925097679143896,2,0,63,65
10,"('InterPLM_esm2-650m_L24_mean_198', 'ESM2_295', 'ESM2_535', 'ESM2_403', 'ESM2_402', 'ESM2_102', 'ESM2_172', 'ESM2_578', 'InterPLM_esm2-650m_L24_mean_1917', 'ESM2_746')",0.2335654960071365,1.43,0.5924958472049955,2,0,68,68
10,"('InterPLM_esm2-650m_L24_mean_198', 'ESM2_295', 'ESM2_535', 'ESM2_403', 'ESM2_402', 'ESM2_102', 'ESM2_172', 'ESM2_578', 'InterPLM_esm2-650m_L24_mean_1774', 'ESM2_574')",0.23783909406276027,1.42,0.5924873658439321,2,0,67,67
10,"('InterPLM_esm2-650m_L24_mean_198', 'ESM2_295', 'ESM2_535', 'ESM2_403', 'ESM2_402', 'ESM2_102', 'ESM2_172', 'ESM2_803', 'InterPLM_esm2-650m_L24_mean_7025', 'ESM2_82')",0.23352361320643697,1.43,0.5924665292445058,2,0,68,70
10,"('InterPLM_esm2-650m_L24_mean_198', 'ESM2_295', 'ESM2_535', 'ESM2_403', 'ESM2_402', 'ESM2_102', 'ESM2_172', 'ESM2_803', 'ESM2_1048', 'ESM2_518')",0.2162007737077376,1.47,0.5923405415954164,2,0,72,74
10,"('InterPLM_esm2-650m_L24_mean_198', 'ESM2_295', 'ESM2_535', 'ESM2_403', 'ESM2_402', 'ESM2_102', 'ESM2_172', 'ESM2_803', 'ESM2_3', 'InterPLM_esm2-650m_L24_mean_1774')",0.26754986612762766,1.35,0.5922849062893394,2,0,60,62
10,"('InterPLM_esm2-650m_L24_mean_198', 'ESM2_295', 'ESM2_535', 'ESM2_403', 'ESM2_402', 'ESM2_102', 'ESM2_172', 'ESM2_578', 'ESM2_574', 'ESM2_34')",0.23751593183284928,1.42,0.5922611522829945,2,1,67,67
10,"('InterPLM_esm2-650m_L24_mean_198', 'ESM2_295', 'ESM2_535', 'ESM2_403', 'ESM2_402', 'ESM2_102', 'ESM2_172', 'ESM2_578', 'InterPLM_esm2-650m_L24_mean_1774', 'ESM2_40')",0.23298232969317104,1.43,0.5920876307852196,2,1,68,68
10,"('InterPLM_esm2-650m_L24_mean_198', 'ESM2_295', 'ESM2_535', 'ESM2_403', 'ESM2_402', 'ESM2_102', 'ESM2_172', 'ESM2_578', 'InterPLM_esm2-650m_L24_mean_1774', 'ESM2_746')",0.232955486346216,1.43,0.5920688404423512,2,1,68,68
10,"('InterPLM_esm2-650m_L24_mean_198', 'ESM2_295', 'ESM2_535', 'ESM2_403', 'ESM2_402', 'ESM2_102', 'ESM2_172', 'ESM2_43', 'InterPLM_esm2-650m_L24_mean_7025', 'ESM2_40')",0.2329492491803318,1.43,0.5920644744262322,3,2,68,68
10,"('InterPLM_esm2-650m_L24_mean_198', 'ESM2_295', 'ESM2_535', 'ESM2_403', 'ESM2_402', 'ESM2_102', 'ESM2_172', 'ESM2_578', 'InterPLM_esm2-650m_L24_mean_6997', 'ESM2_406')",0.2371784163357043,1.42,0.592024891434993,2,1,67,69
10,"('InterPLM_esm2-650m_L24_mean_198', 'ESM2_295', 'ESM2_535', 'ESM2_403', 'ESM2_402', 'ESM2_102', 'ESM2_172', 'InterPLM_esm2-650m_L24_mean_1917', 'InterPLM_esm2-650m_L24_mean_6997', 'ESM2_406')",0.25860535189273415,1.37,0.592023746324914,3,2,62,62
10,"('InterPLM_esm2-650m_L24_mean_198', 'ESM2_295', 'ESM2_535', 'ESM2_403', 'ESM2_402', 'ESM2_102', 'ESM2_172', 'ESM2_803', 'ESM2_1048', 'ESM2_2')",0.23284604349716453,1.43,0.5919922304480152,2,0,68,69
10,"('InterPLM_esm2-650m_L24_mean_198', 'ESM2_295', 'ESM2_535', 'ESM2_403', 'ESM2_402', 'ESM2_102', 'ESM2_172', 'ESM2_803', 'ESM2_1048', 'MOL_WEIGHT')",0.21133196660549583,1.48,0.5919323766238471,2,1,73,73
10,"('InterPLM_esm2-650m_L24_mean_198', 'ESM2_295', 'ESM2_535', 'ESM2_403', 'ESM2_402', 'ESM2_102', 'ESM2_172', 'ESM2_803', 'ESM2_276', 'ESM2_521')",0.24983010979217538,1.3900000000000001,0.5918810768545228,2,1,64,64
10,"('InterPLM_esm2-650m_L24_mean_198', 'ESM2_295', 'ESM2_535', 'ESM2_403', 'ESM2_402', 'ESM2_102', 'ESM2_172', 'InterPLM_esm2-650m_L24_mean_1917', 'InterPLM_esm2-650m_L24_mean_7025', 'ESM2_1048')",0.24110604636071736,1.4100000000000001,0.5917742324525022,2,1,66,66
10,"('InterPLM_esm2-650m_L24_mean_198', 'ESM2_295', 'ESM2_535', 'ESM2_403', 'ESM2_402', 'ESM2_102', 'ESM2_172', 'ESM2_43', 'ESM2_803', 'ESM2_40')",0.22387396037171514,1.45,0.5917117722602006,3,1,70,70
10,"('InterPLM_esm2-650m_L24_mean_198', 'ESM2_295', 'ESM2_535', 'ESM2_403', 'ESM2_402', 'ESM2_102', 'ESM2_172', 'ESM2_578', 'ESM2_848', 'MOL_WEIGHT')",0.2495171829385133,1.3900000000000001,0.5916620280569593,2,0,64,65
10,"('InterPLM_esm2-650m_L24_mean_198', 'ESM2_295', 'ESM2_535', 'ESM2_403', 'ESM2_402', 'ESM2_102', 'ESM2_172', 'ESM2_43', 'ESM2_960', 'ESM2_518')",0.2493218471105356,1.3900000000000001,0.5915252929773749,2,0,64,66
10,"('InterPLM_esm2-650m_L24_mean_198', 'ESM2_295', 'ESM2_535', 'ESM2_403', 'ESM2_402', 'ESM2_102', 'ESM2_172', 'ESM2_43', 'InterPLM_esm2-650m_L24_mean_7025', 'InterPLM_esm2-650m_L24_mean_10015')",0.266414027818547,1.35,0.591489819472983,2,0,60,62
10,"('InterPLM_esm2-650m_L24_mean_198', 'ESM2_295', 'ESM2_535', 'ESM2_403', 'ESM2_402', 'ESM2_102', 'ESM2_172', 'ESM2_578', 'ESM2_276', 'ESM2_1271')",0.23211132396331322,1.43,0.5914779267743192,2,1,68,68
10,"('InterPLM_esm2-650m_L24_mean_198', 'ESM2_295', 'ESM2_535', 'ESM2_403', 'ESM2_402', 'ESM2_102', 'ESM2_172', 'ESM2_43', 'InterPLM_esm2-650m_L24_mean_7025', 'InterPLM_esm2-650m_L24_mean_949')",0.2578147697238034,1.37,0.5914703388066624,2,1,62,64
10,"('InterPLM_esm2-650m_L24_mean_198', 'ESM2_295', 'ESM2_535', 'ESM2_403', 'ESM2_402', 'ESM2_102', 'ESM2_172', 'ESM2_803', 'ESM2_40', 'MOL_WEIGHT')",0.21923240002981514,1.46,0.5914626800208707,2,1,71,71
10,"('InterPLM_esm2-650m_L24_mean_198', 'ESM2_295', 'ESM2_535', 'ESM2_403', 'ESM2_402', 'ESM2_102', 'ESM2_172', 'ESM2_43', 'ESM2_574', 'ESM2_276')",0.25348158747690747,1.38,0.5914371112338352,2,0,63,65
10,"('InterPLM_esm2-650m_L24_mean_198', 'ESM2_295', 'ESM2_535', 'ESM2_403', 'ESM2_402', 'ESM2_102', 'ESM2_172', 'ESM2_43', 'ESM2_574', 'ESM2_776')",0.2277034183872101,1.44,0.5913923928710471,3,0,69,69
10,"('InterPLM_esm2-650m_L24_mean_198', 'ESM2_295', 'ESM2_535', 'ESM2_403', 'ESM2_402', 'ESM2_102', 'ESM2_172', 'ESM2_43', 'ESM2_746', 'ESM2_518')",0.24475248177028186,1.4,0.5913267372391973,2,0,65,67
10,"('InterPLM_esm2-650m_L24_mean_198', 'ESM2_295', 'ESM2_535', 'ESM2_403', 'ESM2_402', 'ESM2_102', 'ESM2_172', 'ESM2_803', 'InterPLM_esm2-650m_L24_mean_1774', 'ESM2_40')",0.23179387152718017,1.43,0.5912557100690261,2,1,68,68
10,"('InterPLM_esm2-650m_L24_mean_198', 'ESM2_295', 'ESM2_535', 'ESM2_403', 'ESM2_402', 'ESM2_102', 'ESM2_172', 'InterPLM_esm2-650m_L24_mean_1917', 'InterPLM_esm2-650m_L24_mean_7025', 'ESM2_960')",0.24011993402400741,1.4100000000000001,0.5910839538168052,2,1,66,66
10,"('InterPLM_esm2-650m_L24_mean_198', 'ESM2_295', 'ESM2_535', 'ESM2_403', 'ESM2_402', 'ESM2_102', 'ESM2_172', 'ESM2_43', 'InterPLM_esm2-650m_L24_mean_1356', 'ESM2_1271')",0.2443066168750695,1.4,0.5910146318125487,2,0,65,67
10,"('InterPLM_esm2-650m_L24_mean_198', 'ESM2_295', 'ESM2_535', 'ESM2_403', 'ESM2_402', 'ESM2_102', 'ESM2_172', 'ESM2_43', 'InterPLM_esm2-650m_L24_mean_7025', 'InterPLM_esm2-650m_L24_mean_1356')",0.2528452655090431,1.38,0.5909916858563302,2,1,63,65
10,"('InterPLM_esm2-650m_L24_mean_198', 'ESM2_295', 'ESM2_535', 'ESM2_403', 'ESM2_402', 'ESM2_102', 'ESM2_172', 'ESM2_578', 'ESM2_560', 'ESM2_406')",0.2356811542641474,1.42,0.5909768079849032,2,1,67,69
10,"('InterPLM_esm2-650m_L24_mean_198', 'ESM2_295', 'ESM2_535', 'ESM2_403', 'ESM2_402', 'ESM2_102', 'ESM2_172', 'ESM2_578', 'InterPLM_esm2-650m_L24_mean_1917', 'InterPLM_esm2-650m_L24_mean_1356')",0.23556675972163973,1.42,0.5908967318051478,2,1,67,67
10,"('InterPLM_esm2-650m_L24_mean_198', 'ESM2_295', 'ESM2_535', 'ESM2_403', 'ESM2_402', 'ESM2_102', 'ESM2_172', 'ESM2_803', 'ESM2_574', 'ESM2_1271')",0.23118417464707608,1.43,0.5908289222529532,2,0,68,68
10,"('InterPLM_esm2-650m_L24_mean_198', 'ESM2_295', 'ESM2_535', 'ESM2_403', 'ESM2_402', 'ESM2_102', 'ESM2_172', 'ESM2_578', 'InterPLM_esm2-650m_L24_mean_1774', 'ESM2_560')",0.23105048706089032,1.43,0.5907353409426233,2,1,68,68
10,"('InterPLM_esm2-650m_L24_mean_198', 'ESM2_295', 'ESM2_535', 'ESM2_403', 'ESM2_402', 'ESM2_102', 'ESM2_172', 'ESM2_578', 'ESM2_3', 'ESM2_1271')",0.26096588452832725,1.3599999999999999,0.5906761191698291,2,1,61,63
10,"('InterPLM_esm2-650m_L24_mean_198', 'ESM2_295', 'ESM2_535', 'ESM2_403', 'ESM2_402', 'ESM2_102', 'ESM2_172', 'ESM2_43', 'InterPLM_esm2-650m_L24_mean_1917', 'ESM2_518')",0.24808881129025315,1.3900000000000001,0.5906621679031773,2,1,64,66
10,"('InterPLM_esm2-650m_L24_mean_198', 'ESM2_295', 'ESM2_535', 'ESM2_403', 'ESM2_402', 'ESM2_102', 'ESM2_172', 'ESM2_578', 'InterPLM_esm2-650m_L24_mean_6997', 'ESM2_276')",0.22641620314119962,1.44,0.5904913421988397,2,1,69,69
10,"('InterPLM_esm2-650m_L24_mean_198', 'ESM2_295', 'ESM2_535', 'ESM2_403', 'ESM2_402', 'ESM2_102', 'ESM2_172', 'ESM2_578', 'ESM2_518', 'ESM2_406')",0.2478338940597221,1.3900000000000001,0.5904837258418055,2,0,64,66
10,"('InterPLM_esm2-650m_L24_mean_198', 'ESM2_295', 'ESM2_535', 'ESM2_403', 'ESM2_402', 'ESM2_102', 'ESM2_172', 'ESM2_578', 'InterPLM_esm2-650m_L24_mean_6997', 'ESM2_1048')",0.21346488675074718,1.47,0.5904254207255231,2,0,72,72
10,"('InterPLM_esm2-650m_L24_mean_198', 'ESM2_295', 'ESM2_535', 'ESM2_403', 'ESM2_402', 'ESM2_102', 'ESM2_172', 'ESM2_803', 'ESM2_746', 'ESM2_518')",0.22199868235833042,1.45,0.5903990776508312,2,0,70,72
10,"('InterPLM_esm2-650m_L24_mean_198', 'ESM2_295', 'ESM2_535', 'ESM2_403', 'ESM2_402', 'ESM2_102', 'ESM2_172', 'ESM2_43', 'InterPLM_esm2-650m_L24_mean_1917', 'ESM2_1277')",0.25165952438237443,1.38,0.590161667067662,2,0,63,63
10,"('InterPLM_esm2-650m_L24_mean_198', 'ESM2_295', 'ESM2_535', 'ESM2_403', 'ESM2_402', 'ESM2_102', 'ESM2_172', 'ESM2_578', 'InterPLM_esm2-650m_L24_mean_1774', 'ESM2_1048')",0.2302020771540815,1.43,0.590141454007857,2,1,68,68
10,"('InterPLM_esm2-650m_L24_mean_198', 'ESM2_295', 'ESM2_535', 'ESM2_403', 'ESM2_402', 'ESM2_102', 'ESM2_172', 'ESM2_803', 'InterPLM_esm2-650m_L24_mean_1356', 'ESM2_560')",0.2258073405203436,1.44,0.5900651383642406,2,1,69,69
10,"('InterPLM_esm2-650m_L24_mean_198', 'ESM2_295', 'ESM2_535', 'ESM2_403', 'ESM2_402', 'ESM2_102', 'ESM2_172', 'ESM2_578', 'ESM2_3', 'ESM2_276')",0.2557628094255828,1.37,0.590033966597908,2,1,62,64
10,"('InterPLM_esm2-650m_L24_mean_198', 'ESM2_295', 'ESM2_535', 'ESM2_403', 'ESM2_402', 'ESM2_102', 'ESM2_172', 'ESM2_43', 'ESM2_578', 'ESM2_776')",0.24289698538182697,1.4,0.5900278897672788,2,0,65,67
10,"('InterPLM_esm2-650m_L24_mean_198', 'ESM2_295', 'ESM2_535', 'ESM2_403', 'ESM2_402', 'ESM2_102', 'ESM2_172', 'ESM2_43', 'InterPLM_esm2-650m_L24_mean_7025', 'ESM2_574')",0.25993005690916887,1.3599999999999999,0.5899510398364182,2,0,61,63
10,"('InterPLM_esm2-650m_L24_mean_198', 'ESM2_295', 'ESM2_535', 'ESM2_403', 'ESM2_402', 'ESM2_102', 'ESM2_172', 'ESM2_578', 'ESM2_960', 'ESM2_48')",0.2384056649045573,1.4100000000000001,0.5898839654331902,2,0,66,66
10,"('InterPLM_esm2-650m_L24_mean_198', 'ESM2_295', 'ESM2_535', 'ESM2_403', 'ESM2_402', 'ESM2_102', 'ESM2_172', 'ESM2_43', 'InterPLM_esm2-650m_L24_mean_6997', 'InterPLM_esm2-650m_L24_mean_949')",0.2426724909333794,1.4,0.5898707436533656,2,0,65,67
10,"('InterPLM_esm2-650m_L24_mean_198', 'ESM2_295', 'ESM2_535', 'ESM2_403', 'ESM2_402', 'ESM2_102', 'ESM2_172', 'ESM2_43', 'ESM2_1277', 'ESM2_40')",0.22547835522936618,1.44,0.5898348486605564,3,0,69,69
10,"('InterPLM_esm2-650m_L24_mean_198', 'ESM2_295', 'ESM2_535', 'ESM2_403', 'ESM2_402', 'ESM2_102', 'ESM2_172', 'ESM2_578', 'ESM2_3', 'ESM2_746')",0.25109054728007074,1.38,0.5897633830960495,2,0,63,65
10,"('InterPLM_esm2-650m_L24_mean_198', 'ESM2_295', 'ESM2_535', 'ESM2_403', 'ESM2_402', 'ESM2_102', 'ESM2_172', 'ESM2_43', 'ESM2_560', 'ESM2_518')",0.24247014117606094,1.4,0.5897290988232426,2,0,65,67
10,"('InterPLM_esm2-650m_L24_mean_198', 'ESM2_295', 'ESM2_535', 'ESM2_403', 'ESM2_402', 'ESM2_102', 'ESM2_172', 'ESM2_43', 'ESM2_960', 'ESM2_80')",0.2424662078995317,1.4,0.5897263455296722,2,0,65,67
10,"('InterPLM_esm2-650m_L24_mean_198', 'ESM2_295', 'ESM2_535', 'ESM2_403', 'ESM2_402', 'ESM2_102', 'ESM2_172', 'ESM2_578', 'ESM2_3', 'ESM2_2')",0.25097457235313,1.38,0.5896822006471909,2,0,63,65
10,"('InterPLM_esm2-650m_L24_mean_198', 'ESM2_295', 'ESM2_535', 'ESM2_403', 'ESM2_402', 'ESM2_102', 'ESM2_172', 'InterPLM_esm2-650m_L24_mean_1917', 'InterPLM_esm2-650m_L24_mean_6997', 'ESM2_848')",0.25093465168761897,1.38,0.5896542561813333,2,0,63,65
10,"('InterPLM_esm2-650m_L24_mean_198', 'ESM2_295', 'ESM2_535', 'ESM2_403', 'ESM2_402', 'ESM2_102', 'ESM2_172', 'ESM2_43', 'ESM2_917', 'ESM2_2')",0.24235309262794638,1.4,0.5896471648395625,2,1,65,65
10,"('InterPLM_esm2-650m_L24_mean_198', 'ESM2_295', 'ESM2_535', 'ESM2_403', 'ESM2_402', 'ESM2_102', 'ESM2_172', 'ESM2_578', 'InterPLM_esm2-650m_L24_mean_1774', 'ESM2_1277')",0.23791037340446014,1.4100000000000001,0.5895372613831221,2,0,66,66
10,"('InterPLM_esm2-650m_L24_mean_198', 'ESM2_295', 'ESM2_535', 'ESM2_403', 'ESM2_402', 'ESM2_102', 'ESM2_172', 'ESM2_43', 'ESM2_578', 'ESM2_560')",0.23787069277010062,1.4100000000000001,0.5895094849390705,2,1,66,68
10,"('InterPLM_esm2-650m_L24_mean_198', 'ESM2_295', 'ESM2_535', 'ESM2_403', 'ESM2_402', 'ESM2_102', 'ESM2_172', 'ESM2_803', 'InterPLM_esm2-650m_L24_mean_7025', 'ESM2_560')",0.2249011551220618,1.44,0.5894308085854433,2,1,69,69
10,"('InterPLM_esm2-650m_L24_mean_198', 'ESM2_295', 'ESM2_535', 'ESM2_403', 'ESM2_402', 'ESM2_102', 'ESM2_172', 'ESM2_578', 'ESM2_560', 'ESM2_1271')",0.24195219621926725,1.4,0.5893665373534871,2,1,65,65
10,"('InterPLM_esm2-650m_L24_mean_198', 'ESM2_295', 'ESM2_535', 'ESM2_403', 'ESM2_402', 'ESM2_102', 'ESM2_172', 'ESM2_43', 'ESM2_917', 'InterPLM_esm2-650m_L24_mean_7025')",0.25479764292200213,1.37,0.5893583500454015,2,1,62,64
10,"('InterPLM_esm2-650m_L24_mean_198', 'ESM2_295', 'ESM2_535', 'ESM2_403', 'ESM2_402', 'ESM2_102', 'ESM2_172', 'ESM2_578', 'InterPLM_esm2-650m_L24_mean_7025', 'ESM2_406')",0.25047563155311686,1.38,0.5893329420871818,2,1,63,65
10,"('InterPLM_esm2-650m_L24_mean_198', 'ESM2_295', 'ESM2_535', 'ESM2_403', 'ESM2_402', 'ESM2_102', 'ESM2_172', 'ESM2_43', 'ESM2_1277', 'ESM2_776')",0.23756467797643752,1.4100000000000001,0.5892952745835063,2,1,66,68
10,"('InterPLM_esm2-650m_L24_mean_198', 'ESM2_295', 'ESM2_535', 'ESM2_403', 'ESM2_402', 'ESM2_102', 'ESM2_172', 'ESM2_43', 'ESM2_578', 'ESM2_80')",0.24613481698861084,1.3900000000000001,0.5892943718920276,2,0,64,66
10,"('InterPLM_esm2-650m_L24_mean_198', 'ESM2_295', 'ESM2_535', 'ESM2_403', 'ESM2_402', 'ESM2_102', 'ESM2_172', 'ESM2_803', 'ESM2_917', 'ESM2_574')",0.23755575164913795,1.4100000000000001,0.5892890261543966,2,1,66,66
10,"('InterPLM_esm2-650m_L24_mean_198', 'ESM2_295', 'ESM2_535', 'ESM2_403', 'ESM2_402', 'ESM2_102', 'ESM2_172', 'InterPLM_esm2-650m_L24_mean_1917', 'InterPLM_esm2-650m_L24_mean_7025', 'InterPLM_esm2-650m_L24_mean_10015')",0.2503362158520738,1.38,0.5892353510964516,2,0,63,63
10,"('InterPLM_esm2-650m_L24_mean_198', 'ESM2_295', 'ESM2_535', 'ESM2_403', 'ESM2_402', 'ESM2_102', 'ESM2_172', 'ESM2_43', 'InterPLM_esm2-650m_L24_mean_7025', 'ESM2_2')",0.250316842406223,1.38,0.5892217896843561,2,0,63,65
10,"('InterPLM_esm2-650m_L24_mean_198', 'ESM2_295', 'ESM2_535', 'ESM2_403', 'ESM2_402', 'ESM2_102', 'ESM2_172', 'ESM2_43', 'InterPLM_esm2-650m_L24_mean_949', 'ESM2_80')",0.24599781887335065,1.3900000000000001,0.5891984732113454,2,0,64,66
10,"('InterPLM_esm2-650m_L24_mean_198', 'ESM2_295', 'ESM2_535', 'ESM2_403', 'ESM2_402', 'ESM2_102', 'ESM2_172', 'ESM2_578', 'ESM2_574', 'ESM2_521')",0.23735466578593473,1.4100000000000001,0.5891482660501544,2,1,66,66
10,"('InterPLM_esm2-650m_L24_mean_198', 'ESM2_295', 'ESM2_535', 'ESM2_403', 'ESM2_402', 'ESM2_102', 'ESM2_172', 'ESM2_803', 'ESM2_80', 'ESM2_1271')",0.224399995037784,1.44,0.5890799965264488,2,0,69,71
10,"('InterPLM_esm2-650m_L24_mean_198', 'ESM2_295', 'ESM2_535', 'ESM2_403', 'ESM2_402', 'ESM2_102', 'ESM2_172', 'ESM2_803', 'ESM2_82', 'ESM2_521')",0.24148819334202498,1.4,0.5890417353394175,2,0,65,65
10,"('InterPLM_esm2-650m_L24_mean_198', 'ESM2_295', 'ESM2_535', 'ESM2_403', 'ESM2_402', 'ESM2_102', 'ESM2_172', 'ESM2_803', 'ESM2_560', 'ESM2_1271')",0.24131404730328432,1.4,0.588919833112299,2,1,65,65
10,"('InterPLM_esm2-650m_L24_mean_198', 'ESM2_295', 'ESM2_535', 'ESM2_403', 'ESM2_402', 'ESM2_102', 'ESM2_172', 'ESM2_578', 'InterPLM_esm2-650m_L24_mean_949', 'InterPLM_esm2-650m_L24_mean_1774')",0.23701132510843956,1.4100000000000001,0.5889079275759077,2,1,66,66
10,"('InterPLM_esm2-650m_L24_mean_198', 'ESM2_295', 'ESM2_535', 'ESM2_403', 'ESM2_402', 'ESM2_102', 'ESM2_172', 'ESM2_43', 'ESM2_578', 'ESM2_276')",0.24552693690696045,1.3900000000000001,0.5888688558348724,2,0,64,66
10,"('InterPLM_esm2-650m_L24_mean_198', 'ESM2_295', 'ESM2_535', 'ESM2_403', 'ESM2_402', 'ESM2_102', 'ESM2_172', 'ESM2_803', 'InterPLM_esm2-650m_L24_mean_1774', 'MOL_WEIGHT')",0.2368294934988406,1.4100000000000001,0.5887806454491884,2,0,66,66
10,"('InterPLM_esm2-650m_L24_mean_198', 'ESM2_295', 'ESM2_535', 'ESM2_403', 'ESM2_402', 'ESM2_102', 'ESM2_172', 'ESM2_803', 'ESM2_578', 'ESM2_776')",0.2153793820861451,1.46,0.5887655674603016,2,0,71,73
10,"('InterPLM_esm2-650m_L24_mean_198', 'ESM2_295', 'ESM2_535', 'ESM2_403', 'ESM2_402', 'ESM2_102', 'ESM2_172', 'ESM2_43', 'InterPLM_esm2-650m_L24_mean_1917', 'ESM2_746')",0.245371919571053,1.3900000000000001,0.5887603436997371,2,0,64,64
10,"('InterPLM_esm2-650m_L24_mean_198', 'ESM2_295', 'ESM2_535', 'ESM2_403', 'ESM2_402', 'ESM2_102', 'ESM2_172', 'ESM2_803', 'InterPLM_esm2-650m_L24_mean_1774', 'ESM2_1277')",0.23678929781650299,1.4100000000000001,0.5887525084715521,2,1,66,66
10,"('InterPLM_esm2-650m_L24_mean_198', 'ESM2_295', 'ESM2_535', 'ESM2_403', 'ESM2_402', 'ESM2_102', 'ESM2_172', 'ESM2_803', 'ESM2_578', 'ESM2_3')",0.2537439018240197,1.37,0.5886207312768138,2,0,62,64
10,"('InterPLM_esm2-650m_L24_mean_198', 'ESM2_295', 'ESM2_535', 'ESM2_403', 'ESM2_402', 'ESM2_102', 'ESM2_172', 'ESM2_578', 'ESM2_3', 'ESM2_960')",0.2537433979796056,1.37,0.5886203785857239,2,0,62,64
10,"('InterPLM_esm2-650m_L24_mean_198', 'ESM2_295', 'ESM2_535', 'ESM2_403', 'ESM2_402', 'ESM2_102', 'ESM2_172', 'ESM2_43', 'ESM2_776', 'ESM2_518')",0.2450637232878541,1.3900000000000001,0.5885446063014979,2,1,64,66
10,"('InterPLM_esm2-650m_L24_mean_198', 'ESM2_295', 'ESM2_535', 'ESM2_403', 'ESM2_402', 'ESM2_102', 'ESM2_172', 'ESM2_43', 'ESM2_34', 'ESM2_276')",0.2450256092130326,1.3900000000000001,0.5885179264491228,2,0,64,66
10,"('InterPLM_esm2-650m_L24_mean_198', 'ESM2_295', 'ESM2_535', 'ESM2_403', 'ESM2_402', 'ESM2_102', 'ESM2_172', 'ESM2_578', 'ESM2_1277', 'InterPLM_esm2-650m_L24_mean_1356')",0.21925552058647865,1.45,0.588478864410535,2,1,70,70
10,"('InterPLM_esm2-650m_L24_mean_198', 'ESM2_295', 'ESM2_535', 'ESM2_403', 'ESM2_402', 'ESM2_102', 'ESM2_172', 'ESM2_43', 'ESM2_574', 'ESM2_518')",0.25337948070063215,1.37,0.5883656364904425,2,0,62,64
10,"('InterPLM_esm2-650m_L24_mean_198', 'ESM2_295', 'ESM2_535', 'ESM2_403', 'ESM2_402', 'ESM2_102', 'ESM2_172', 'InterPLM_esm2-650m_L24_mean_1917', 'ESM2_848', 'ESM2_80')",0.24902842369880848,1.38,0.588319896589166,2,0,63,65
10,"('InterPLM_esm2-650m_L24_mean_198', 'ESM2_295', 'ESM2_535', 'ESM2_403', 'ESM2_402', 'ESM2_102', 'ESM2_172', 'ESM2_43', 'InterPLM_esm2-650m_L24_mean_1917', 'ESM2_40')",0.23588845533472233,1.4100000000000001,0.5881219187343056,3,1,66,66
10,"('InterPLM_esm2-650m_L24_mean_198', 'ESM2_295', 'ESM2_535', 'ESM2_403', 'ESM2_402', 'ESM2_102', 'ESM2_172', 'ESM2_803', 'ESM2_1048', 'ESM2_560')",0.21859670691925717,1.45,0.58801769484348,2,1,70,70
10,"('InterPLM_esm2-650m_L24_mean_198', 'ESM2_295', 'ESM2_535', 'ESM2_403', 'ESM2_402', 'ESM2_102', 'ESM2_172', 'ESM2_43', 'ESM2_574', 'ESM2_1271')",0.25703666606994796,1.3599999999999999,0.5879256662489636,2,1,61,63
10,"('InterPLM_esm2-650m_L24_mean_198', 'ESM2_295', 'ESM2_535', 'ESM2_403', 'ESM2_402', 'ESM2_102', 'ESM2_172', 'ESM2_803', 'ESM2_746', 'MOL_WEIGHT')",0.21415269427014827,1.46,0.5879068859891038,2,1,71,71
10,"('InterPLM_esm2-650m_L24_mean_198', 'ESM2_295', 'ESM2_535', 'ESM2_403', 'ESM2_402', 'ESM2_102', 'ESM2_172', 'ESM2_43', 'InterPLM_esm2-650m_L24_mean_1356', 'ESM2_80')",0.23983775913469937,1.4,0.5878864313942895,2,0,65,67
10,"('InterPLM_esm2-650m_L24_mean_198', 'ESM2_295', 'ESM2_535', 'ESM2_403', 'ESM2_402', 'ESM2_102', 'ESM2_172', 'ESM2_43', 'ESM2_960', 'MOL_WEIGHT')",0.2441109748124024,1.3900000000000001,0.5878776823686818,2,0,64,66
10,"('InterPLM_esm2-650m_L24_mean_198', 'ESM2_295', 'ESM2_535', 'ESM2_403', 'ESM2_402', 'ESM2_102', 'ESM2_172', 'ESM2_43', 'ESM2_578', 'ESM2_960')",0.24409376799335575,1.3900000000000001,0.587865637595349,2,1,64,66
10,"('InterPLM_esm2-650m_L24_mean_198', 'ESM2_295', 'ESM2_535', 'ESM2_403', 'ESM2_402', 'ESM2_102', 'ESM2_172', 'ESM2_43', 'InterPLM_esm2-650m_L24_mean_6997', 'ESM2_776')",0.23977972046985332,1.4,0.5878458043288973,2,0,65,67
10,"('InterPLM_esm2-650m_L24_mean_198', 'ESM2_295', 'ESM2_535', 'ESM2_403', 'ESM2_402', 'ESM2_102', 'ESM2_172', 'ESM2_578', 'InterPLM_esm2-650m_L24_mean_7025', 'ESM2_746')",0.22674784061208844,1.43,0.5877234884284619,2,1,68,68
10,"('InterPLM_esm2-650m_L24_mean_198', 'ESM2_295', 'ESM2_535', 'ESM2_403', 'ESM2_402', 'ESM2_102', 'ESM2_172', 'ESM2_803', 'InterPLM_esm2-650m_L24_mean_6997', 'ESM2_917')",0.23508759031077434,1.4100000000000001,0.5875613132175421,2,1,66,66
10,"('InterPLM_esm2-650m_L24_mean_198', 'ESM2_295', 'ESM2_535', 'ESM2_403', 'ESM2_402', 'ESM2_102', 'ESM2_172', 'ESM2_803', 'ESM2_917', 'ESM2_1277')",0.23508171143081705,1.4100000000000001,0.5875571980015719,2,1,66,66
10,"('InterPLM_esm2-650m_L24_mean_198', 'ESM2_295', 'ESM2_535', 'ESM2_403', 'ESM2_402', 'ESM2_102', 'ESM2_172', 'ESM2_578', 'ESM2_560', 'MOL_WEIGHT')",0.21787324585841855,1.45,0.5875112721008929,2,0,70,70
10,"('InterPLM_esm2-650m_L24_mean_198', 'ESM2_295', 'ESM2_535', 'ESM2_403', 'ESM2_402', 'ESM2_102', 'ESM2_172', 'InterPLM_esm2-650m_L24_mean_1917', 'InterPLM_esm2-650m_L24_mean_7025', 'ESM2_746')",0.2434309026988804,1.3900000000000001,0.5874016318892163,2,0,64,64
10,"('InterPLM_esm2-650m_L24_mean_198', 'ESM2_295', 'ESM2_535', 'ESM2_403', 'ESM2_402', 'ESM2_102', 'ESM2_172', 'ESM2_803', 'ESM2_578', 'MOL_WEIGHT')",0.22611057360655135,1.43,0.587277401524586,4,1,68,68
10,"('InterPLM_esm2-650m_L24_mean_198', 'ESM2_295', 'ESM2_535', 'ESM2_403', 'ESM2_402', 'ESM2_102', 'ESM2_172', 'ESM2_43', 'ESM2_1048', 'ESM2_80')",0.2388479611852703,1.4,0.5871935728296892,2,0,65,67
10,"('InterPLM_esm2-650m_L24_mean_198', 'ESM2_295', 'ESM2_535', 'ESM2_403', 'ESM2_402', 'ESM2_102', 'ESM2_172', 'ESM2_43', 'ESM2_803', 'InterPLM_esm2-650m_L24_mean_7025')",0.25168622942750407,1.37,0.5871803605992529,2,0,62,64
10,"('InterPLM_esm2-650m_L24_mean_198', 'ESM2_295', 'ESM2_535', 'ESM2_403', 'ESM2_402', 'ESM2_102', 'ESM2_172', 'ESM2_578', 'ESM2_1048', 'ESM2_574')",0.22996155307674482,1.42,0.5869730871537213,2,1,67,67
10,"('InterPLM_esm2-650m_L24_mean_198', 'ESM2_295', 'ESM2_535', 'ESM2_403', 'ESM2_402', 'ESM2_102', 'ESM2_172', 'ESM2_803', 'InterPLM_esm2-650m_L24_mean_10015', 'ESM2_518')",0.22129319355175925,1.44,0.5869052354862314,4,0,69,69
10,"('InterPLM_esm2-650m_L24_mean_198', 'ESM2_295', 'ESM2_535', 'ESM2_403', 'ESM2_402', 'ESM2_102', 'ESM2_172', 'ESM2_803', 'ESM2_3', 'ESM2_34')",0.26412714473073434,1.34,0.586889001311514,2,0,59,61
10,"('InterPLM_esm2-650m_L24_mean_198', 'ESM2_295', 'ESM2_535', 'ESM2_403', 'ESM2_402', 'ESM2_102', 'ESM2_172', 'ESM2_43', 'ESM2_960', 'ESM2_34')",0.2426746396365214,1.3900000000000001,0.586872247745565,2,1,64,66
10,"('InterPLM_esm2-650m_L24_mean_198', 'ESM2_295', 'ESM2_535', 'ESM2_403', 'ESM2_402', 'ESM2_102', 'ESM2_172', 'ESM2_578', 'ESM2_960', 'ESM2_518')",0.23405641382027567,1.4100000000000001,0.586839489674193,2,0,66,68
10,"('InterPLM_esm2-650m_L24_mean_198', 'ESM2_295', 'ESM2_535', 'ESM2_403', 'ESM2_402', 'ESM2_102', 'ESM2_172', 'ESM2_43', 'ESM2_803', 'InterPLM_esm2-650m_L24_mean_6997')",0.23403614421540966,1.4100000000000001,0.5868253009507868,3,2,66,66
10,"('InterPLM_esm2-650m_L24_mean_198', 'ESM2_295', 'ESM2_535', 'ESM2_403', 'ESM2_402', 'ESM2_102', 'ESM2_172', 'ESM2_578', 'ESM2_3', 'ESM2_560')",0.25117774096439294,1.37,0.5868244186750751,2,0,62,64
10,"('InterPLM_esm2-650m_L24_mean_198', 'ESM2_295', 'ESM2_535', 'ESM2_403', 'ESM2_402', 'ESM2_102', 'ESM2_172', 'ESM2_803', 'ESM2_82', 'MOL_WEIGHT')",0.22114663552836328,1.44,0.5868026448698542,2,1,69,71
10,"('InterPLM_esm2-650m_L24_mean_198', 'ESM2_295', 'ESM2_535', 'ESM2_403', 'ESM2_402', 'ESM2_102', 'ESM2_172', 'ESM2_578', 'InterPLM_esm2-650m_L24_mean_949', 'ESM2_776')",0.22107393053144775,1.44,0.5867517513720134,2,1,69,71
10,"('InterPLM_esm2-650m_L24_mean_198', 'ESM2_295', 'ESM2_535', 'ESM2_403', 'ESM2_402', 'ESM2_102', 'ESM2_172', 'ESM2_43', 'ESM2_746', 'ESM2_776')",0.2382059026582885,1.4,0.586744131860802,2,0,65,67
10,"('InterPLM_esm2-650m_L24_mean_198', 'ESM2_295', 'ESM2_535', 'ESM2_403', 'ESM2_402', 'ESM2_102', 'ESM2_172', 'ESM2_803', 'ESM2_1277', 'ESM2_1271')",0.2123691740264728,1.46,0.5866584218185309,3,2,71,71
10,"('InterPLM_esm2-650m_L24_mean_198', 'ESM2_295', 'ESM2_535', 'ESM2_403', 'ESM2_402', 'ESM2_102', 'ESM2_172', 'ESM2_578', 'ESM2_80', 'ESM2_48')",0.23806873578859908,1.4,0.5866481150520193,2,1,65,65
10,"('InterPLM_esm2-650m_L24_mean_198', 'ESM2_295', 'ESM2_535', 'ESM2_403', 'ESM2_402', 'ESM2_102', 'ESM2_172', 'ESM2_43', 'InterPLM_esm2-650m_L24_mean_10015', 'ESM2_1271')",0.2550358046566967,1.3599999999999999,0.5865250632596877,2,1,61,63
10,"('InterPLM_esm2-650m_L24_mean_198', 'ESM2_295', 'ESM2_535', 'ESM2_403', 'ESM2_402', 'ESM2_102', 'ESM2_172', 'ESM2_43', 'ESM2_40', 'ESM2_80')",0.2421680979646372,1.3900000000000001,0.586517668575246,2,0,64,66
10,"('InterPLM_esm2-650m_L24_mean_198', 'ESM2_295', 'ESM2_535', 'ESM2_403', 'ESM2_402', 'ESM2_102', 'ESM2_172', 'InterPLM_esm2-650m_L24_mean_1917', 'InterPLM_esm2-650m_L24_mean_7025', 'ESM2_406')",0.267701237658103,1.33,0.5863908663606721,2,1,58,60
10,"('InterPLM_esm2-650m_L24_mean_198', 'ESM2_295', 'ESM2_535', 'ESM2_403', 'ESM2_402', 'ESM2_102', 'ESM2_172', 'ESM2_803', 'ESM2_560', 'ESM2_776')",0.2204167294500857,1.44,0.58629171061506,2,1,69,69
10,"('InterPLM_esm2-650m_L24_mean_198', 'ESM2_295', 'ESM2_535', 'ESM2_403', 'ESM2_402', 'ESM2_102', 'ESM2_172', 'ESM2_578', 'ESM2_1048', 'ESM2_518')",0.2289511285771305,1.42,0.5862657900039914,2,0,67,69
10,"('InterPLM_esm2-650m_L24_mean_198', 'ESM2_295', 'ESM2_535', 'ESM2_403', 'ESM2_402', 'ESM2_102', 'ESM2_172', 'ESM2_43', 'InterPLM_esm2-650m_L24_mean_6997', 'ESM2_1271')",0.24598688216428435,1.38,0.586190817514999,2,1,63,65
10,"('InterPLM_esm2-650m_L24_mean_198', 'ESM2_295', 'ESM2_535', 'ESM2_403', 'ESM2_402', 'ESM2_102', 'ESM2_172', 'ESM2_803', 'ESM2_917', 'ESM2_276')",0.24598357359851547,1.38,0.5861885015189607,2,1,63,63
10,"('InterPLM_esm2-650m_L24_mean_198', 'ESM2_295', 'ESM2_535', 'ESM2_403', 'ESM2_402', 'ESM2_102', 'ESM2_172', 'InterPLM_esm2-650m_L24_mean_1917', 'ESM2_848', 'ESM2_960')",0.2502638209690408,1.37,0.5861846746783286,2,1,62,64
10,"('InterPLM_esm2-650m_L24_mean_198', 'ESM2_295', 'ESM2_535', 'ESM2_403', 'ESM2_402', 'ESM2_102', 'ESM2_172', 'ESM2_43', 'InterPLM_esm2-650m_L24_mean_7025', 'ESM2_560')",0.2501241895284818,1.37,0.5860869326699373,2,0,62,64
10,"('InterPLM_esm2-650m_L24_mean_198', 'ESM2_295', 'ESM2_535', 'ESM2_403', 'ESM2_402', 'ESM2_102', 'ESM2_172', 'ESM2_43', 'ESM2_578', 'InterPLM_esm2-650m_L24_mean_10015')",0.25437602993972885,1.3599999999999999,0.5860632209578102,2,1,61,63
10,"('InterPLM_esm2-650m_L24_mean_198', 'ESM2_295', 'ESM2_535', 'ESM2_403', 'ESM2_402', 'ESM2_102', 'ESM2_172', 'ESM2_43', 'ESM2_1048', 'ESM2_2')",0.2371309091361231,1.4,0.5859916363952862,4,0,65,65
10,"('InterPLM_esm2-650m_L24_mean_198', 'ESM2_295', 'ESM2_535', 'ESM2_403', 'ESM2_402', 'ESM2_102', 'ESM2_172', 'ESM2_578', 'ESM2_518', 'ESM2_1271')",0.23710762410111316,1.4,0.5859753368707792,2,0,65,67
10,"('InterPLM_esm2-650m_L24_mean_198', 'ESM2_295', 'ESM2_535', 'ESM2_403', 'ESM2_402', 'ESM2_102', 'ESM2_172', 'ESM2_578', 'InterPLM_esm2-650m_L24_mean_1356', 'ESM2_406')",0.23705735537691033,1.4,0.5859401487638372,2,1,65,67
10,"('InterPLM_esm2-650m_L24_mean_198', 'ESM2_295', 'ESM2_535', 'ESM2_403', 'ESM2_402', 'ESM2_102', 'ESM2_172', 'ESM2_803', 'ESM2_578', 'InterPLM_esm2-650m_L24_mean_1774')",0.2327314533244957,1.4100000000000001,0.585912017327147,2,0,66,66
10,"('InterPLM_esm2-650m_L24_mean_198', 'ESM2_295', 'ESM2_535', 'ESM2_403', 'ESM2_402', 'ESM2_102', 'ESM2_172', 'ESM2_578', 'ESM2_40', 'ESM2_518')",0.22841636872972715,1.42,0.585891458110809,3,1,67,67
10,"('InterPLM_esm2-650m_L24_mean_198', 'ESM2_295', 'ESM2_535', 'ESM2_403', 'ESM2_402', 'ESM2_102', 'ESM2_172', 'ESM2_43', 'InterPLM_esm2-650m_L24_mean_7025', 'MOL_WEIGHT')",0.2583560403396884,1.35,0.5858492282377818,2,0,60,62
10,"('InterPLM_esm2-650m_L24_mean_198', 'ESM2_295', 'ESM2_535', 'ESM2_403', 'ESM2_402', 'ESM2_102', 'ESM2_172', 'ESM2_43', 'ESM2_803', 'ESM2_917')",0.2411512251691554,1.3900000000000001,0.5858058576184089,2,1,64,66
10,"('InterPLM_esm2-650m_L24_mean_198', 'ESM2_295', 'ESM2_535', 'ESM2_403', 'ESM2_402', 'ESM2_102', 'ESM2_172', 'ESM2_578', 'InterPLM_esm2-650m_L24_mean_1774', 'ESM2_34')",0.24542413304168517,1.38,0.5857968931291796,2,1,63,63
10,"('InterPLM_esm2-650m_L24_mean_198', 'ESM2_295', 'ESM2_535', 'ESM2_403', 'ESM2_402', 'ESM2_102', 'ESM2_172', 'ESM2_578', 'ESM2_82', 'ESM2_574')",0.2410607178627992,1.3900000000000001,0.5857425025039594,2,0,64,64
10,"('InterPLM_esm2-650m_L24_mean_198', 'ESM2_295', 'ESM2_535', 'ESM2_403', 'ESM2_402', 'ESM2_102', 'ESM2_172', 'ESM2_578', 'ESM2_82', 'ESM2_40')",0.22391057238946357,1.43,0.5857374006726245,3,1,68,68
10,"('InterPLM_esm2-650m_L24_mean_198', 'ESM2_295', 'ESM2_535', 'ESM2_403', 'ESM2_402', 'ESM2_102', 'ESM2_172', 'InterPLM_esm2-650m_L24_mean_1917', 'ESM2_848', 'InterPLM_esm2-650m_L24_mean_1774')",0.2710221000023066,1.32,0.5857154700016146,2,1,57,59
10,"('InterPLM_esm2-650m_L24_mean_198', 'ESM2_295', 'ESM2_535', 'ESM2_403', 'ESM2_402', 'ESM2_102', 'ESM2_172', 'ESM2_578', 'ESM2_746', 'ESM2_406')",0.23671794975353486,1.4,0.5857025648274744,2,0,65,67
10,"('InterPLM_esm2-650m_L24_mean_198', 'ESM2_295', 'ESM2_535', 'ESM2_403', 'ESM2_402', 'ESM2_102', 'ESM2_172', 'ESM2_578', 'InterPLM_esm2-650m_L24_mean_1356', 'ESM2_276')",0.22791082020351852,1.42,0.5855375741424629,2,0,67,67
10,"('InterPLM_esm2-650m_L24_mean_198', 'ESM2_295', 'ESM2_535', 'ESM2_403', 'ESM2_402', 'ESM2_102', 'ESM2_172', 'ESM2_43', 'ESM2_2', 'ESM2_960')",0.2363525025092071,1.4,0.585446751756445,2,1,65,67
10,"('InterPLM_esm2-650m_L24_mean_198', 'ESM2_295', 'ESM2_535', 'ESM2_403', 'ESM2_402', 'ESM2_102', 'ESM2_172', 'ESM2_803', 'InterPLM_esm2-650m_L24_mean_1917', 'ESM2_848')",0.23627232427817466,1.4,0.5853906269947222,3,1,65,65
10,"('InterPLM_esm2-650m_L24_mean_198', 'ESM2_295', 'ESM2_535', 'ESM2_403', 'ESM2_402', 'ESM2_102', 'ESM2_172', 'InterPLM_esm2-650m_L24_mean_1917', 'InterPLM_esm2-650m_L24_mean_7025', 'InterPLM_esm2-650m_L24_mean_1356')",0.24473420937430385,1.38,0.5853139465620126,2,1,63,63
10,"('InterPLM_esm2-650m_L24_mean_198', 'ESM2_295', 'ESM2_535', 'ESM2_403', 'ESM2_402', 'ESM2_102', 'ESM2_172', 'ESM2_803', 'ESM2_917', 'ESM2_2')",0.24462580962319555,1.38,0.5852380667362369,2,0,63,63
10,"('InterPLM_esm2-650m_L24_mean_198', 'ESM2_295', 'ESM2_535', 'ESM2_403', 'ESM2_402', 'ESM2_102', 'ESM2_172', 'ESM2_803', 'ESM2_1048', 'ESM2_276')",0.2274697110012846,1.42,0.5852287977008992,2,0,67,67
10,"('InterPLM_esm2-650m_L24_mean_198', 'ESM2_295', 'ESM2_535', 'ESM2_403', 'ESM2_402', 'ESM2_102', 'ESM2_172', 'ESM2_578', 'ESM2_960', 'ESM2_80')",0.22729374908703612,1.42,0.5851056243609253,2,1,67,69
10,"('InterPLM_esm2-650m_L24_mean_198', 'ESM2_295', 'ESM2_535', 'ESM2_403', 'ESM2_402', 'ESM2_102', 'ESM2_172', 'ESM2_43', 'InterPLM_esm2-650m_L24_mean_7025', 'ESM2_80')",0.25300661900560933,1.3599999999999999,0.5851046333039265,2,0,61,63
10,"('InterPLM_esm2-650m_L24_mean_198', 'ESM2_295', 'ESM2_535', 'ESM2_403', 'ESM2_402', 'ESM2_102', 'ESM2_172', 'ESM2_43', 'ESM2_746', 'ESM2_960')",0.23582042528640954,1.4,0.5850742977004867,2,0,65,67
10,"('InterPLM_esm2-650m_L24_mean_198', 'ESM2_295', 'ESM2_535', 'ESM2_403', 'ESM2_402', 'ESM2_102', 'ESM2_172', 'ESM2_43', 'ESM2_518', 'ESM2_521')",0.24006760252771583,1.3900000000000001,0.5850473217694011,2,0,64,66
10,"('InterPLM_esm2-650m_L24_mean_198', 'ESM2_295', 'ESM2_535', 'ESM2_403', 'ESM2_402', 'ESM2_102', 'ESM2_172', 'ESM2_578', 'InterPLM_esm2-650m_L24_mean_6997', 'ESM2_746')",0.2142176938102781,1.45,0.5849523856671947,2,1,70,70
10,"('InterPLM_esm2-650m_L24_mean_198', 'ESM2_295', 'ESM2_535', 'ESM2_403', 'ESM2_402', 'ESM2_102', 'ESM2_172', 'ESM2_578', 'InterPLM_esm2-650m_L24_mean_949', 'ESM2_560')",0.22278111269251272,1.43,0.5849467788847589,2,1,68,68
10,"('InterPLM_esm2-650m_L24_mean_198', 'ESM2_295', 'ESM2_535', 'ESM2_403', 'ESM2_402', 'ESM2_102', 'ESM2_172', 'ESM2_43', 'InterPLM_esm2-650m_L24_mean_7025', 'ESM2_1048')",0.24835739869116108,1.37,0.5848501790838128,2,0,62,64
10,"('InterPLM_esm2-650m_L24_mean_198', 'ESM2_295', 'ESM2_535', 'ESM2_403', 'ESM2_402', 'ESM2_102', 'ESM2_172', 'ESM2_43', 'ESM2_2', 'ESM2_1271')",0.24398632095617834,1.38,0.5847904246693247,2,0,63,65
10,"('InterPLM_esm2-650m_L24_mean_198', 'ESM2_295', 'ESM2_535', 'ESM2_403', 'ESM2_402', 'ESM2_102', 'ESM2_172', 'ESM2_803', 'ESM2_560', 'ESM2_746')",0.21821033697443232,1.44,0.5847472358821026,2,1,69,69
10,"('InterPLM_esm2-650m_L24_mean_198', 'ESM2_295', 'ESM2_535', 'ESM2_403', 'ESM2_402', 'ESM2_102', 'ESM2_172', 'ESM2_578', 'ESM2_3', 'ESM2_1048')",0.2524636185174821,1.3599999999999999,0.5847245329622375,2,0,61,63
10,"('InterPLM_esm2-650m_L24_mean_198', 'ESM2_295', 'ESM2_535', 'ESM2_403', 'ESM2_402', 'ESM2_102', 'ESM2_172', 'ESM2_43', 'InterPLM_esm2-650m_L24_mean_1774', 'ESM2_776')",0.2438911808756717,1.38,0.5847238266129702,2,1,63,63
10,"('InterPLM_esm2-650m_L24_mean_198', 'ESM2_295', 'ESM2_535', 'ESM2_403', 'ESM2_402', 'ESM2_102', 'ESM2_172', 'ESM2_803', 'ESM2_1048', 'ESM2_746')",0.20958795185827525,1.46,0.5847115663007927,2,1,71,71
10,"('InterPLM_esm2-650m_L24_mean_198', 'ESM2_295', 'ESM2_535', 'ESM2_403', 'ESM2_402', 'ESM2_102', 'ESM2_172', 'ESM2_43', 'ESM2_917', 'InterPLM_esm2-650m_L24_mean_1774')",0.2523868964257936,1.3599999999999999,0.5846708274980554,2,1,61,61
10,"('InterPLM_esm2-650m_L24_mean_198', 'ESM2_295', 'ESM2_535', 'ESM2_403', 'ESM2_402', 'ESM2_102', 'ESM2_172', 'ESM2_43', 'ESM2_80', 'ESM2_776')",0.2223129396028771,1.43,0.584619057722014,3,0,68,70
10,"('InterPLM_esm2-650m_L24_mean_198', 'ESM2_295', 'ESM2_535', 'ESM2_403', 'ESM2_402', 'ESM2_102', 'ESM2_172', 'ESM2_43', 'ESM2_917', 'ESM2_40')",0.24798975403712178,1.37,0.5845928278259853,2,0,62,64
10,"('InterPLM_esm2-650m_L24_mean_198', 'ESM2_295', 'ESM2_535', 'ESM2_403', 'ESM2_402', 'ESM2_102', 'ESM2_172', 'ESM2_43', 'ESM2_1048', 'ESM2_960')",0.23497644013576982,1.4,0.5844835080950388,2,1,65,67
10,"('InterPLM_esm2-650m_L24_mean_198', 'ESM2_295', 'ESM2_535', 'ESM2_403', 'ESM2_402', 'ESM2_102', 'ESM2_172', 'ESM2_578', 'InterPLM_esm2-650m_L24_mean_10015', 'ESM2_48')",0.2478075346775736,1.37,0.5844652742743015,2,0,62,62
10,"('InterPLM_esm2-650m_L24_mean_198', 'ESM2_295', 'ESM2_535', 'ESM2_403', 'ESM2_402', 'ESM2_102', 'ESM2_172', 'ESM2_43', 'InterPLM_esm2-650m_L24_mean_6997', 'ESM2_574')",0.24762798249198306,1.37,0.5843395877443882,2,0,62,64
10,"('InterPLM_esm2-650m_L24_mean_198', 'ESM2_295', 'ESM2_535', 'ESM2_403', 'ESM2_402', 'ESM2_102', 'ESM2_172', 'ESM2_43', 'InterPLM_esm2-650m_L24_mean_10015', 'ESM2_80')",0.25177451131067846,1.3599999999999999,0.5842421579174749,2,0,61,63
10,"('InterPLM_esm2-650m_L24_mean_198', 'ESM2_295', 'ESM2_535', 'ESM2_403', 'ESM2_402', 'ESM2_102', 'ESM2_172', 'ESM2_578', 'InterPLM_esm2-650m_L24_mean_10015', 'ESM2_776')",0.23463020592621603,1.4,0.5842411441483512,2,0,65,67
10,"('InterPLM_esm2-650m_L24_mean_198', 'ESM2_295', 'ESM2_535', 'ESM2_403', 'ESM2_402', 'ESM2_102', 'ESM2_172', 'ESM2_803', 'ESM2_574', 'ESM2_518')",0.22174049842578278,1.43,0.5842183488980479,3,2,68,68
10,"('InterPLM_esm2-650m_L24_mean_198', 'ESM2_295', 'ESM2_535', 'ESM2_403', 'ESM2_402', 'ESM2_102', 'ESM2_172', 'ESM2_578', 'ESM2_574', 'ESM2_40')",0.23031161870036593,1.4100000000000001,0.5842181330902562,3,1,66,66
10,"('InterPLM_esm2-650m_L24_mean_198', 'ESM2_295', 'ESM2_535', 'ESM2_403', 'ESM2_402', 'ESM2_102', 'ESM2_172', 'ESM2_803', 'ESM2_1277', 'ESM2_746')",0.21743248742734655,1.44,0.5842027411991426,2,1,69,69
10,"('InterPLM_esm2-650m_L24_mean_198', 'ESM2_295', 'ESM2_535', 'ESM2_403', 'ESM2_402', 'ESM2_102', 'ESM2_172', 'ESM2_43', 'InterPLM_esm2-650m_L24_mean_6997', 'ESM2_960')",0.2388314297571619,1.3900000000000001,0.5841820008300134,2,0,64,66
10,"('InterPLM_esm2-650m_L24_mean_198', 'ESM2_295', 'ESM2_535', 'ESM2_403', 'ESM2_402', 'ESM2_102', 'ESM2_172', 'ESM2_43', 'ESM2_1277', 'ESM2_80')",0.23879006861830096,1.3900000000000001,0.5841530480328108,2,1,64,66
10,"('InterPLM_esm2-650m_L24_mean_198', 'ESM2_295', 'ESM2_535', 'ESM2_403', 'ESM2_402', 'ESM2_102', 'ESM2_172', 'ESM2_43', 'ESM2_560', 'ESM2_80')",0.23875545422083885,1.3900000000000001,0.5841288179545873,2,1,64,66
10,"('InterPLM_esm2-650m_L24_mean_198', 'ESM2_295', 'ESM2_535', 'ESM2_403', 'ESM2_402', 'ESM2_102', 'ESM2_172', 'ESM2_43', 'ESM2_578', 'InterPLM_esm2-650m_L24_mean_1356')",0.23859762017392286,1.3900000000000001,0.584018334121746,2,0,64,66
10,"('InterPLM_esm2-650m_L24_mean_198', 'ESM2_295', 'ESM2_535', 'ESM2_403', 'ESM2_402', 'ESM2_102', 'ESM2_172', 'ESM2_578', 'ESM2_1277', 'ESM2_560')",0.22145034438453037,1.43,0.5840152410691712,2,0,68,68
10,"('InterPLM_esm2-650m_L24_mean_198', 'ESM2_295', 'ESM2_535', 'ESM2_403', 'ESM2_402', 'ESM2_102', 'ESM2_172', 'ESM2_578', 'InterPLM_esm2-650m_L24_mean_1356', 'ESM2_560')",0.2214443184274769,1.43,0.5840110228992338,2,1,68,68
10,"('InterPLM_esm2-650m_L24_mean_198', 'ESM2_295', 'ESM2_535', 'ESM2_403', 'ESM2_402', 'ESM2_102', 'ESM2_172', 'ESM2_803', 'ESM2_960', 'ESM2_518')",0.22142512208767218,1.43,0.5839975854613705,2,0,68,70
10,"('InterPLM_esm2-650m_L24_mean_198', 'ESM2_295', 'ESM2_535', 'ESM2_403', 'ESM2_402', 'ESM2_102', 'ESM2_172', 'ESM2_803', 'ESM2_578', 'ESM2_80')",0.22564241633582796,1.42,0.5839496914350796,2,0,67,69
10,"('InterPLM_esm2-650m_L24_mean_198', 'ESM2_295', 'ESM2_535', 'ESM2_403', 'ESM2_402', 'ESM2_102', 'ESM2_172', 'ESM2_803', 'InterPLM_esm2-650m_L24_mean_1774', 'ESM2_34')",0.2427118313740145,1.38,0.5838982819618102,2,0,63,63
10,"('InterPLM_esm2-650m_L24_mean_198', 'ESM2_295', 'ESM2_535', 'ESM2_403', 'ESM2_402', 'ESM2_102', 'ESM2_172', 'ESM2_578', 'InterPLM_esm2-650m_L24_mean_7025', 'ESM2_1048')",0.22555263886674226,1.42,0.5838868472067196,2,1,67,67
10,"('InterPLM_esm2-650m_L24_mean_198', 'ESM2_295', 'ESM2_535', 'ESM2_403', 'ESM2_402', 'ESM2_102', 'ESM2_172', 'ESM2_803', 'InterPLM_esm2-650m_L24_mean_1774', 'ESM2_521')",0.25538553224243016,1.35,0.5837698725697011,2,1,60,60
10,"('InterPLM_esm2-650m_L24_mean_198', 'ESM2_295', 'ESM2_535', 'ESM2_403', 'ESM2_402', 'ESM2_102', 'ESM2_172', 'ESM2_803', 'InterPLM_esm2-650m_L24_mean_949', 'InterPLM_esm2-650m_L24_mean_1356')",0.22107370813656302,1.43,0.5837515956955941,2,1,68,68
10,"('InterPLM_esm2-650m_L24_mean_198', 'ESM2_295', 'ESM2_535', 'ESM2_403', 'ESM2_402', 'ESM2_102', 'ESM2_172', 'ESM2_803', 'ESM2_917', 'ESM2_80')",0.22960921227037245,1.4100000000000001,0.5837264485892608,2,1,66,66
10,"('InterPLM_esm2-650m_L24_mean_198', 'ESM2_295', 'ESM2_535', 'ESM2_403', 'ESM2_402', 'ESM2_102', 'ESM2_172', 'ESM2_803', 'InterPLM_esm2-650m_L24_mean_1774', 'InterPLM_esm2-650m_L24_mean_10015')",0.23807935943744715,1.3900000000000001,0.5836555516062131,2,1,64,64
10,"('InterPLM_esm2-650m_L24_mean_198', 'ESM2_295', 'ESM2_535', 'ESM2_403', 'ESM2_402', 'ESM2_102', 'ESM2_172', 'InterPLM_esm2-650m_L24_mean_1917', 'InterPLM_esm2-650m_L24_mean_7025', 'ESM2_34')",0.25092870923398075,1.3599999999999999,0.5836500964637865,2,1,61,61
10,"('InterPLM_esm2-650m_L24_mean_198', 'ESM2_295', 'ESM2_535', 'ESM2_403', 'ESM2_402', 'ESM2_102', 'ESM2_172', 'ESM2_578', 'ESM2_560', 'ESM2_746')",0.21655042144218695,1.44,0.5835852950095308,2,1,69,69
10,"('InterPLM_esm2-650m_L24_mean_198', 'ESM2_295', 'ESM2_535', 'ESM2_403', 'ESM2_402', 'ESM2_102', 'ESM2_172', 'ESM2_803', 'InterPLM_esm2-650m_L24_mean_6997', 'ESM2_521')",0.24653532255578156,1.37,0.5835747257890471,2,1,62,62
10,"('InterPLM_esm2-650m_L24_mean_198', 'ESM2_295', 'ESM2_535', 'ESM2_403', 'ESM2_402', 'ESM2_102', 'ESM2_172', 'ESM2_578', 'ESM2_1048', 'ESM2_560')",0.21651508174300182,1.44,0.5835605572201013,2,0,69,69
10,"('InterPLM_esm2-650m_L24_mean_198', 'ESM2_295', 'ESM2_535', 'ESM2_403', 'ESM2_402', 'ESM2_102', 'ESM2_172', 'ESM2_578', 'InterPLM_esm2-650m_L24_mean_1917', 'InterPLM_esm2-650m_L24_mean_7025')",0.2422228017847369,1.38,0.5835559612493157,2,1,63,63
10,"('InterPLM_esm2-650m_L24_mean_198', 'ESM2_295', 'ESM2_535', 'ESM2_403', 'ESM2_402', 'ESM2_102', 'ESM2_172', 'ESM2_578', 'InterPLM_esm2-650m_L24_mean_7025', 'ESM2_40')",0.22507404530782388,1.42,0.5835518317154766,3,1,67,67
10,"('InterPLM_esm2-650m_L24_mean_198', 'ESM2_295', 'ESM2_535', 'ESM2_403', 'ESM2_402', 'ESM2_102', 'ESM2_172', 'ESM2_803', 'InterPLM_esm2-650m_L24_mean_1356', 'ESM2_960')",0.20791855535332862,1.46,0.58354298874733,3,0,71,71
10,"('InterPLM_esm2-650m_L24_mean_198', 'ESM2_295', 'ESM2_535', 'ESM2_403', 'ESM2_402', 'ESM2_102', 'ESM2_172', 'ESM2_43', 'ESM2_560', 'MOL_WEIGHT')",0.24218949724809263,1.38,0.5835326480736648,2,0,63,65
10,"('InterPLM_esm2-650m_L24_mean_198', 'ESM2_295', 'ESM2_535', 'ESM2_403', 'ESM2_402', 'ESM2_102', 'ESM2_172', 'ESM2_578', 'ESM2_34', 'ESM2_518')",0.2463839043367348,1.37,0.5834687330357143,2,1,62,64
10,"('InterPLM_esm2-650m_L24_mean_198', 'ESM2_295', 'ESM2_535', 'ESM2_403', 'ESM2_402', 'ESM2_102', 'ESM2_172', 'ESM2_578', 'ESM2_1048', 'ESM2_40')",0.22921224702632778,1.4100000000000001,0.5834485729184294,4,0,66,66
10,"('InterPLM_esm2-650m_L24_mean_198', 'ESM2_295', 'ESM2_535', 'ESM2_403', 'ESM2_402', 'ESM2_102', 'ESM2_172', 'ESM2_578', 'ESM2_960', 'ESM2_406')",0.2377816498537337,1.3900000000000001,0.5834471548976137,2,1,64,66
10,"('InterPLM_esm2-650m_L24_mean_198', 'ESM2_295', 'ESM2_535', 'ESM2_403', 'ESM2_402', 'ESM2_102', 'ESM2_172', 'ESM2_578', 'ESM2_917', 'ESM2_560')",0.2333124834356388,1.4,0.5833187384049472,2,1,65,65
10,"('InterPLM_esm2-650m_L24_mean_198', 'ESM2_295', 'ESM2_535', 'ESM2_403', 'ESM2_402', 'ESM2_102', 'ESM2_172', 'ESM2_43', 'ESM2_917', 'ESM2_80')",0.24167240371091833,1.38,0.5831706825976428,2,1,63,65
10,"('InterPLM_esm2-650m_L24_mean_198', 'ESM2_295', 'ESM2_535', 'ESM2_403', 'ESM2_402', 'ESM2_102', 'ESM2_172', 'ESM2_578', 'InterPLM_esm2-650m_L24_mean_10015', 'ESM2_406')",0.2544972352701205,1.35,0.5831480646890844,2,1,60,62
10,"('InterPLM_esm2-650m_L24_mean_198', 'ESM2_295', 'ESM2_535', 'ESM2_403', 'ESM2_402', 'ESM2_102', 'ESM2_172', 'ESM2_43', 'ESM2_40', 'ESM2_521')",0.2287216126827504,1.4100000000000001,0.5831051288779253,3,2,66,66
10,"('InterPLM_esm2-650m_L24_mean_198', 'ESM2_295', 'ESM2_535', 'ESM2_403', 'ESM2_402', 'ESM2_102', 'ESM2_172', 'ESM2_43', 'InterPLM_esm2-650m_L24_mean_1917', 'ESM2_960')",0.2457671309921557,1.37,0.5830369916945091,2,0,62,64
10,"('InterPLM_esm2-650m_L24_mean_198', 'ESM2_295', 'ESM2_535', 'ESM2_403', 'ESM2_402', 'ESM2_102', 'ESM2_172', 'InterPLM_esm2-650m_L24_mean_1917', 'InterPLM_esm2-650m_L24_mean_7025', 'ESM2_518')",0.2457527506551257,1.37,0.583026925458588,3,2,62,62
10,"('InterPLM_esm2-650m_L24_mean_198', 'ESM2_295', 'ESM2_535', 'ESM2_403', 'ESM2_402', 'ESM2_102', 'ESM2_172', 'ESM2_43', 'ESM2_80', 'ESM2_521')",0.23715313008500974,1.3900000000000001,0.5830071910595068,2,1,64,64
10,"('InterPLM_esm2-650m_L24_mean_198', 'ESM2_295', 'ESM2_535', 'ESM2_403', 'ESM2_402', 'ESM2_102', 'ESM2_172', 'ESM2_578', 'InterPLM_esm2-650m_L24_mean_1774', 'MOL_WEIGHT')",0.2371384288153339,1.3900000000000001,0.5829969001707338,2,1,64,64
10,"('InterPLM_esm2-650m_L24_mean_198', 'ESM2_295', 'ESM2_535', 'ESM2_403', 'ESM2_402', 'ESM2_102', 'ESM2_172', 'ESM2_43', 'InterPLM_esm2-650m_L24_mean_1356', 'ESM2_40')",0.22854079026564386,1.4100000000000001,0.5829785531859507,3,2,66,66
10,"('InterPLM_esm2-650m_L24_mean_198', 'ESM2_295', 'ESM2_535', 'ESM2_403', 'ESM2_402', 'ESM2_102', 'ESM2_172', 'ESM2_43', 'ESM2_803', 'ESM2_578')",0.24137257297458856,1.38,0.5829608010822119,2,0,63,65
10,"('InterPLM_esm2-650m_L24_mean_198', 'ESM2_295', 'ESM2_535', 'ESM2_403', 'ESM2_402', 'ESM2_102', 'ESM2_172', 'ESM2_43', 'ESM2_803', 'ESM2_80')",0.24129775522977984,1.38,0.5829084286608459,2,0,63,65
10,"('InterPLM_esm2-650m_L24_mean_198', 'ESM2_295', 'ESM2_535', 'ESM2_403', 'ESM2_402', 'ESM2_102', 'ESM2_172', 'ESM2_578', 'InterPLM_esm2-650m_L24_mean_1917', 'InterPLM_esm2-650m_L24_mean_10015')",0.2412856602053457,1.38,0.582899962143742,2,0,63,63
10,"('InterPLM_esm2-650m_L24_mean_198', 'ESM2_295', 'ESM2_535', 'ESM2_403', 'ESM2_402', 'ESM2_102', 'ESM2_172', 'ESM2_803', 'InterPLM_esm2-650m_L24_mean_10015', 'ESM2_574')",0.2155024565326222,1.44,0.5828517195728355,4,1,69,69
10,"('InterPLM_esm2-650m_L24_mean_198', 'ESM2_295', 'ESM2_535', 'ESM2_403', 'ESM2_402', 'ESM2_102', 'ESM2_172', 'ESM2_43', 'ESM2_917', 'InterPLM_esm2-650m_L24_mean_10015')",0.2540425561935552,1.35,0.5828297893354887,2,0,60,62
10,"('InterPLM_esm2-650m_L24_mean_198', 'ESM2_295', 'ESM2_535', 'ESM2_403', 'ESM2_402', 'ESM2_102', 'ESM2_172', 'ESM2_578', 'ESM2_3', 'ESM2_48')",0.2710365927627868,1.31,0.5827256149339508,2,1,56,56
10,"('InterPLM_esm2-650m_L24_mean_198', 'ESM2_295', 'ESM2_535', 'ESM2_403', 'ESM2_402', 'ESM2_102', 'ESM2_172', 'ESM2_578', 'ESM2_82', 'ESM2_518')",0.24090229710792557,1.38,0.5826316079755478,2,0,63,65
10,"('InterPLM_esm2-650m_L24_mean_198', 'ESM2_295', 'ESM2_535', 'ESM2_403', 'ESM2_402', 'ESM2_102', 'ESM2_172', 'ESM2_803', 'InterPLM_esm2-650m_L24_mean_949', 'ESM2_1277')",0.2194606430349117,1.43,0.5826224501244381,2,1,68,68
10,"('InterPLM_esm2-650m_L24_mean_198', 'ESM2_295', 'ESM2_535', 'ESM2_403', 'ESM2_402', 'ESM2_102', 'ESM2_172', 'ESM2_803', 'InterPLM_esm2-650m_L24_mean_1356', 'ESM2_776')",0.21516690547564432,1.44,0.582616833832951,2,1,69,69
10,"('InterPLM_esm2-650m_L24_mean_198', 'ESM2_295', 'ESM2_535', 'ESM2_403', 'ESM2_402', 'ESM2_102', 'ESM2_172', 'ESM2_803', 'ESM2_776', 'ESM2_521')",0.21937177289077045,1.43,0.5825602410235393,3,1,68,68
10,"('InterPLM_esm2-650m_L24_mean_198', 'ESM2_295', 'ESM2_535', 'ESM2_403', 'ESM2_402', 'ESM2_102', 'ESM2_172', 'ESM2_578', 'InterPLM_esm2-650m_L24_mean_6997', 'ESM2_3')",0.25358411628965877,1.35,0.5825088814027611,2,0,60,62
10,"('InterPLM_esm2-650m_L24_mean_198', 'ESM2_295', 'ESM2_535', 'ESM2_403', 'ESM2_402', 'ESM2_102', 'ESM2_172', 'ESM2_578', 'ESM2_917', 'ESM2_2')",0.24071894972543767,1.38,0.5825032648078063,2,1,63,63
10,"('InterPLM_esm2-650m_L24_mean_198', 'ESM2_295', 'ESM2_535', 'ESM2_403', 'ESM2_402', 'ESM2_102', 'ESM2_172', 'ESM2_578', 'InterPLM_esm2-650m_L24_mean_1774', 'ESM2_80')",0.23204452664071315,1.4,0.5824311686484992,2,1,65,65
10,"('InterPLM_esm2-650m_L24_mean_198', 'ESM2_295', 'ESM2_535', 'ESM2_403', 'ESM2_402', 'ESM2_102', 'ESM2_172', 'ESM2_803', 'InterPLM_esm2-650m_L24_mean_1356', 'ESM2_746')",0.21481440590752918,1.44,0.5823700841352704,2,0,69,69
10,"('InterPLM_esm2-650m_L24_mean_198', 'ESM2_295', 'ESM2_535', 'ESM2_403', 'ESM2_402', 'ESM2_102', 'ESM2_172', 'ESM2_578', 'InterPLM_esm2-650m_L24_mean_6997', 'ESM2_1271')",0.2319553742690844,1.4,0.5823687619883591,2,1,65,65
10,"('InterPLM_esm2-650m_L24_mean_198', 'ESM2_295', 'ESM2_535', 'ESM2_403', 'ESM2_402', 'ESM2_102', 'ESM2_172', 'ESM2_43', 'InterPLM_esm2-650m_L24_mean_1917', 'InterPLM_esm2-650m_L24_mean_7025')",0.253380836689702,1.35,0.5823665856827914,3,1,60,60
10,"('InterPLM_esm2-650m_L24_mean_198', 'ESM2_295', 'ESM2_535', 'ESM2_403', 'ESM2_402', 'ESM2_102', 'ESM2_172', 'ESM2_803', 'ESM2_560', 'ESM2_960')",0.21902185544549593,1.43,0.5823152988118472,2,0,68,68
10,"('InterPLM_esm2-650m_L24_mean_198', 'ESM2_295', 'ESM2_535', 'ESM2_403', 'ESM2_402', 'ESM2_102', 'ESM2_172', 'ESM2_43', 'ESM2_578', 'ESM2_40')",0.2275912671079916,1.4100000000000001,0.5823138869755942,3,2,66,66
10,"('InterPLM_esm2-650m_L24_mean_198', 'ESM2_295', 'ESM2_535', 'ESM2_403', 'ESM2_402', 'ESM2_102', 'ESM2_172', 'ESM2_43', 'InterPLM_esm2-650m_L24_mean_6997', 'ESM2_80')",0.24034606626290586,1.38,0.5822422463840341,2,0,63,65
10,"('InterPLM_esm2-650m_L24_mean_198', 'ESM2_295', 'ESM2_535', 'ESM2_403', 'ESM2_402', 'ESM2_102', 'ESM2_172', 'ESM2_43', 'ESM2_917', 'ESM2_521')",0.2573963079186148,1.34,0.5821774155430304,2,0,59,59
10,"('InterPLM_esm2-650m_L24_mean_198', 'ESM2_295', 'ESM2_535', 'ESM2_403', 'ESM2_402', 'ESM2_102', 'ESM2_172', 'ESM2_43', 'InterPLM_esm2-650m_L24_mean_1774', 'ESM2_1277')",0.24874956474304286,1.3599999999999999,0.58212469532013,2,1,61,61
10,"('InterPLM_esm2-650m_L24_mean_198', 'ESM2_295', 'ESM2_535', 'ESM2_403', 'ESM2_402', 'ESM2_102', 'ESM2_172', 'ESM2_578', 'ESM2_518', 'ESM2_48')",0.24872432364738328,1.3599999999999999,0.5821070265531683,2,1,61,61
10,"('InterPLM_esm2-650m_L24_mean_198', 'ESM2_295', 'ESM2_535', 'ESM2_403', 'ESM2_402', 'ESM2_102', 'ESM2_172', 'ESM2_43', 'ESM2_578', 'ESM2_2')",0.24004771022076116,1.38,0.5820333971545328,2,0,63,65
10,"('InterPLM_esm2-650m_L24_mean_198', 'ESM2_295', 'ESM2_535', 'ESM2_403', 'ESM2_402', 'ESM2_102', 'ESM2_172', 'ESM2_803', 'ESM2_746', 'ESM2_276')",0.222744489943885,1.42,0.5819211429607195,2,1,67,67
10,"('InterPLM_esm2-650m_L24_mean_198', 'ESM2_295', 'ESM2_535', 'ESM2_403', 'ESM2_402', 'ESM2_102', 'ESM2_172', 'ESM2_43', 'ESM2_80', 'ESM2_34')",0.24414909420044412,1.37,0.5819043659403109,2,0,62,64
10,"('InterPLM_esm2-650m_L24_mean_198', 'ESM2_295', 'ESM2_535', 'ESM2_403', 'ESM2_402', 'ESM2_102', 'ESM2_172', 'ESM2_578', 'InterPLM_esm2-650m_L24_mean_1356', 'ESM2_574')",0.23111397616529472,1.4,0.5817797833157063,2,1,65,65
10,"('InterPLM_esm2-650m_L24_mean_198', 'ESM2_295', 'ESM2_535', 'ESM2_403', 'ESM2_402', 'ESM2_102', 'ESM2_172', 'ESM2_43', 'ESM2_1277', 'ESM2_1271')",0.2438320117907265,1.37,0.5816824082535086,2,1,62,64
10,"('InterPLM_esm2-650m_L24_mean_198', 'ESM2_295', 'ESM2_535', 'ESM2_403', 'ESM2_402', 'ESM2_102', 'ESM2_172', 'ESM2_578', 'InterPLM_esm2-650m_L24_mean_1774', 'ESM2_82')",0.2391409393014426,1.38,0.5813986575110097,2,0,63,63
10,"('InterPLM_esm2-650m_L24_mean_198', 'ESM2_295', 'ESM2_535', 'ESM2_403', 'ESM2_402', 'ESM2_102', 'ESM2_172', 'ESM2_578', 'InterPLM_esm2-650m_L24_mean_7025', 'InterPLM_esm2-650m_L24_mean_1774')",0.2430170163876173,1.37,0.5811119114713321,2,0,62,62
10,"('InterPLM_esm2-650m_L24_mean_198', 'ESM2_295', 'ESM2_535', 'ESM2_403', 'ESM2_402', 'ESM2_102', 'ESM2_172', 'ESM2_803', 'ESM2_917', 'ESM2_40')",0.22584657442407052,1.4100000000000001,0.5810926020968494,3,2,66,66
10,"('InterPLM_esm2-650m_L24_mean_198', 'ESM2_295', 'ESM2_535', 'ESM2_403', 'ESM2_402', 'ESM2_102', 'ESM2_172', 'ESM2_578', 'ESM2_82', 'ESM2_48')",0.24722860240571476,1.3599999999999999,0.5810600216840003,2,1,61,61
10,"('InterPLM_esm2-650m_L24_mean_198', 'ESM2_295', 'ESM2_535', 'ESM2_403', 'ESM2_402', 'ESM2_102', 'ESM2_172', 'ESM2_43', 'ESM2_578', 'InterPLM_esm2-650m_L24_mean_6997')",0.23853126034728495,1.38,0.5809718822430994,2,1,63,65
10,"('InterPLM_esm2-650m_L24_mean_198', 'ESM2_295', 'ESM2_535', 'ESM2_403', 'ESM2_402', 'ESM2_102', 'ESM2_172', 'ESM2_43', 'ESM2_1048', 'ESM2_1271')",0.24256060017467512,1.37,0.5807924201222726,2,1,62,64
10,"('InterPLM_esm2-650m_L24_mean_198', 'ESM2_295', 'ESM2_535', 'ESM2_403', 'ESM2_402', 'ESM2_102', 'ESM2_172', 'ESM2_803', 'InterPLM_esm2-650m_L24_mean_949', 'ESM2_1048')",0.21253825510535415,1.44,0.5807767785737479,2,0,69,69
10,"('InterPLM_esm2-650m_L24_mean_198', 'ESM2_295', 'ESM2_535', 'ESM2_403', 'ESM2_402', 'ESM2_102', 'ESM2_172', 'ESM2_43', 'InterPLM_esm2-650m_L24_mean_7025', 'ESM2_1277')",0.2508892375964174,1.35,0.5806224663174921,2,0,60,62
10,"('InterPLM_esm2-650m_L24_mean_198', 'ESM2_295', 'ESM2_535', 'ESM2_403', 'ESM2_402', 'ESM2_102', 'ESM2_172', 'ESM2_803', 'InterPLM_esm2-650m_L24_mean_10015', 'ESM2_80')",0.23352300586032734,1.3900000000000001,0.5804661041022292,2,1,64,66
10,"('InterPLM_esm2-650m_L24_mean_198', 'ESM2_295', 'ESM2_535', 'ESM2_403', 'ESM2_402', 'ESM2_102', 'ESM2_172', 'ESM2_43', 'ESM2_746', 'ESM2_80')",0.23773814012911867,1.38,0.5804166980903831,2,0,63,65
10,"('InterPLM_esm2-650m_L24_mean_198', 'ESM2_295', 'ESM2_535', 'ESM2_403', 'ESM2_402', 'ESM2_102', 'ESM2_172', 'ESM2_43', 'ESM2_776', 'ESM2_521')",0.22915762897359063,1.4,0.5804103402815134,3,2,65,66
10,"('InterPLM_esm2-650m_L24_mean_198', 'ESM2_295', 'ESM2_535', 'ESM2_403', 'ESM2_402', 'ESM2_102', 'ESM2_172', 'ESM2_578', 'InterPLM_esm2-650m_L24_mean_10015', 'ESM2_40')",0.21625951088014125,1.43,0.5803816576160988,3,1,68,68
10,"('InterPLM_esm2-650m_L24_mean_198', 'ESM2_295', 'ESM2_535', 'ESM2_403', 'ESM2_402', 'ESM2_102', 'ESM2_172', 'ESM2_578', 'InterPLM_esm2-650m_L24_mean_6997', 'ESM2_917')",0.23334922763592575,1.3900000000000001,0.5803444593451481,2,1,64,64
10,"('InterPLM_esm2-650m_L24_mean_198', 'ESM2_295', 'ESM2_535', 'ESM2_403', 'ESM2_402', 'ESM2_102', 'ESM2_172', 'ESM2_578', 'ESM2_917', 'ESM2_848')",0.2504107611102038,1.35,0.5802875327771426,2,0,60,62
10,"('InterPLM_esm2-650m_L24_mean_198', 'ESM2_295', 'ESM2_535', 'ESM2_403', 'ESM2_402', 'ESM2_102', 'ESM2_172', 'ESM2_43', 'InterPLM_esm2-650m_L24_mean_949', 'MOL_WEIGHT')",0.250405900562705,1.35,0.5802841303938935,2,0,60,62
10,"('InterPLM_esm2-650m_L24_mean_198', 'ESM2_295', 'ESM2_535', 'ESM2_403', 'ESM2_402', 'ESM2_102', 'ESM2_172', 'ESM2_43', 'InterPLM_esm2-650m_L24_mean_1774', 'ESM2_276')",0.24584304320544598,1.3599999999999999,0.5800901302438122,2,0,61,63
10,"('InterPLM_esm2-650m_L24_mean_198', 'ESM2_295', 'ESM2_535', 'ESM2_403', 'ESM2_402', 'ESM2_102', 'ESM2_172', 'ESM2_43', 'InterPLM_esm2-650m_L24_mean_949', 'ESM2_574')",0.2544027612663027,1.34,0.5800819328864119,2,0,59,61
10,"('InterPLM_esm2-650m_L24_mean_198', 'ESM2_295', 'ESM2_535', 'ESM2_403', 'ESM2_402', 'ESM2_102', 'ESM2_172', 'ESM2_43', 'ESM2_574', 'ESM2_960')",0.22862234374489018,1.4,0.5800356406214231,3,1,65,65
10,"('InterPLM_esm2-650m_L24_mean_198', 'ESM2_295', 'ESM2_535', 'ESM2_403', 'ESM2_402', 'ESM2_102', 'ESM2_172', 'ESM2_578', 'ESM2_574', 'MOL_WEIGHT')",0.23281794080955787,1.3900000000000001,0.5799725585666905,4,1,64,64
10,"('InterPLM_esm2-650m_L24_mean_198', 'ESM2_295', 'ESM2_535', 'ESM2_403', 'ESM2_402', 'ESM2_102', 'ESM2_172', 'ESM2_43', 'InterPLM_esm2-650m_L24_mean_10015', 'ESM2_276')",0.2542066037074574,1.34,0.5799446225952202,2,0,59,61
10,"('InterPLM_esm2-650m_L24_mean_198', 'ESM2_295', 'ESM2_535', 'ESM2_403', 'ESM2_402', 'ESM2_102', 'ESM2_172', 'ESM2_803', 'InterPLM_esm2-650m_L24_mean_1774', 'ESM2_82')",0.23261664382735397,1.3900000000000001,0.5798316506791478,2,0,64,64
10,"('InterPLM_esm2-650m_L24_mean_198', 'ESM2_295', 'ESM2_535', 'ESM2_403', 'ESM2_402', 'ESM2_102', 'ESM2_172', 'ESM2_803', 'ESM2_578', 'ESM2_560')",0.21975249930888455,1.42,0.5798267495162192,2,1,67,67
10,"('InterPLM_esm2-650m_L24_mean_198', 'ESM2_295', 'ESM2_535', 'ESM2_403', 'ESM2_402', 'ESM2_102', 'ESM2_172', 'ESM2_578', 'ESM2_574', 'ESM2_776')",0.23250551268741437,1.3900000000000001,0.5797538588811901,2,1,64,64
10,"('InterPLM_esm2-650m_L24_mean_198', 'ESM2_295', 'ESM2_535', 'ESM2_403', 'ESM2_402', 'ESM2_102', 'ESM2_172', 'ESM2_43', 'ESM2_574', 'ESM2_80')",0.24950364424788452,1.35,0.5796525509735192,2,0,60,62
10,"('InterPLM_esm2-650m_L24_mean_198', 'ESM2_295', 'ESM2_535', 'ESM2_403', 'ESM2_402', 'ESM2_102', 'ESM2_172', 'ESM2_578', 'InterPLM_esm2-650m_L24_mean_7025', 'InterPLM_esm2-650m_L24_mean_949')",0.23233292363763852,1.3900000000000001,0.579633046546347,2,1,64,64
10,"('InterPLM_esm2-650m_L24_mean_198', 'ESM2_295', 'ESM2_535', 'ESM2_403', 'ESM2_402', 'ESM2_102', 'ESM2_172', 'ESM2_43', 'ESM2_578', 'InterPLM_esm2-650m_L24_mean_949')",0.24514662020429398,1.3599999999999999,0.5796026341430057,2,1,61,63
10,"('InterPLM_esm2-650m_L24_mean_198', 'ESM2_295', 'ESM2_535', 'ESM2_403', 'ESM2_402', 'ESM2_102', 'ESM2_172', 'ESM2_43', 'ESM2_578', 'ESM2_917')",0.24495434112733402,1.3599999999999999,0.5794680387891338,2,1,61,63
10,"('InterPLM_esm2-650m_L24_mean_198', 'ESM2_295', 'ESM2_535', 'ESM2_403', 'ESM2_402', 'ESM2_102', 'ESM2_172', 'ESM2_803', 'ESM2_2', 'ESM2_34')",0.22753297617643128,1.4,0.5792730833235019,2,0,65,65
10,"('InterPLM_esm2-650m_L24_mean_198', 'ESM2_295', 'ESM2_535', 'ESM2_403', 'ESM2_402', 'ESM2_102', 'ESM2_172', 'ESM2_578', 'ESM2_848', 'InterPLM_esm2-650m_L24_mean_1774')",0.2575118578616195,1.33,0.5792583005031336,2,0,58,60
10,"('InterPLM_esm2-650m_L24_mean_198', 'ESM2_295', 'ESM2_535', 'ESM2_403', 'ESM2_402', 'ESM2_102', 'ESM2_172', 'ESM2_803', 'ESM2_34', 'ESM2_406')",0.24461739115443484,1.3599999999999999,0.5792321738081043,2,0,61,63
10,"('InterPLM_esm2-650m_L24_mean_198', 'ESM2_295', 'ESM2_535', 'ESM2_403', 'ESM2_402', 'ESM2_102', 'ESM2_172', 'ESM2_43', 'InterPLM_esm2-650m_L24_mean_6997', 'MOL_WEIGHT')",0.2445846723393464,1.3599999999999999,0.5792092706375425,2,0,61,63
10,"('InterPLM_esm2-650m_L24_mean_198', 'ESM2_295', 'ESM2_535', 'ESM2_403', 'ESM2_402', 'ESM2_102', 'ESM2_172', 'ESM2_578', 'InterPLM_esm2-650m_L24_mean_10015', 'ESM2_80')",0.24458237451861997,1.3599999999999999,0.579207662163034,2,1,61,63
10,"('InterPLM_esm2-650m_L24_mean_198', 'ESM2_295', 'ESM2_535', 'ESM2_403', 'ESM2_402', 'ESM2_102', 'ESM2_172', 'ESM2_578', 'ESM2_2', 'ESM2_560')",0.235996659763988,1.38,0.5791976618347916,2,1,63,63
10,"('InterPLM_esm2-650m_L24_mean_198', 'ESM2_295', 'ESM2_535', 'ESM2_403', 'ESM2_402', 'ESM2_102', 'ESM2_172', 'ESM2_578', 'ESM2_848', 'ESM2_521')",0.253119163028837,1.34,0.5791834141201859,2,0,59,61
10,"('InterPLM_esm2-650m_L24_mean_198', 'ESM2_295', 'ESM2_535', 'ESM2_403', 'ESM2_402', 'ESM2_102', 'ESM2_172', 'ESM2_578', 'InterPLM_esm2-650m_L24_mean_7025', 'ESM2_574')",0.24021190139674561,1.37,0.5791483309777219,2,0,62,62
10,"('InterPLM_esm2-650m_L24_mean_198', 'ESM2_295', 'ESM2_535', 'ESM2_403', 'ESM2_402', 'ESM2_102', 'ESM2_172', 'ESM2_578', 'InterPLM_esm2-650m_L24_mean_949', 'ESM2_574')",0.23584626795283886,1.38,0.5790923875669871,2,1,63,63
10,"('InterPLM_esm2-650m_L24_mean_198', 'ESM2_295', 'ESM2_535', 'ESM2_403', 'ESM2_402', 'ESM2_102', 'ESM2_172', 'ESM2_43', 'ESM2_917', 'MOL_WEIGHT')",0.252918657810961,1.34,0.5790430604676727,2,1,59,61
10,"('InterPLM_esm2-650m_L24_mean_198', 'ESM2_295', 'ESM2_535', 'ESM2_403', 'ESM2_402', 'ESM2_102', 'ESM2_172', 'ESM2_578', 'InterPLM_esm2-650m_L24_mean_1917', 'ESM2_848')",0.25291305147054494,1.34,0.5790391360293815,2,0,59,61
10,"('InterPLM_esm2-650m_L24_mean_198', 'ESM2_295', 'ESM2_535', 'ESM2_403', 'ESM2_402', 'ESM2_102', 'ESM2_172', 'ESM2_43', 'ESM2_578', 'ESM2_574')",0.25285735245373125,1.34,0.5790001467176119,2,0,59,61
10,"('InterPLM_esm2-650m_L24_mean_198', 'ESM2_295', 'ESM2_535', 'ESM2_403', 'ESM2_402', 'ESM2_102', 'ESM2_172', 'ESM2_43', 'InterPLM_esm2-650m_L24_mean_7025', 'ESM2_521')",0.24850099662359212,1.35,0.5789506976365145,2,0,60,62
10,"('InterPLM_esm2-650m_L24_mean_198', 'ESM2_295', 'ESM2_535', 'ESM2_403', 'ESM2_402', 'ESM2_102', 'ESM2_172', 'ESM2_803', 'InterPLM_esm2-650m_L24_mean_1356', 'ESM2_1048')",0.21416419891391866,1.43,0.578914939239743,2,1,68,68
10,"('InterPLM_esm2-650m_L24_mean_198', 'ESM2_295', 'ESM2_535', 'ESM2_403', 'ESM2_402', 'ESM2_102', 'ESM2_172', 'ESM2_43', 'InterPLM_esm2-650m_L24_mean_1774', 'ESM2_518')",0.25272452446515126,1.34,0.5789071671256059,2,0,59,61
10,"('InterPLM_esm2-650m_L24_mean_198', 'ESM2_295', 'ESM2_535', 'ESM2_403', 'ESM2_402', 'ESM2_102', 'ESM2_172', 'ESM2_578', 'ESM2_560', 'ESM2_960')",0.21837773783271544,1.42,0.5788644164829008,2,0,67,67
10,"('InterPLM_esm2-650m_L24_mean_198', 'ESM2_295', 'ESM2_535', 'ESM2_403', 'ESM2_402', 'ESM2_102', 'ESM2_172', 'ESM2_43', 'ESM2_578', 'InterPLM_esm2-650m_L24_mean_7025')",0.25263470414081035,1.34,0.5788442928985673,2,1,59,61
10,"('InterPLM_esm2-650m_L24_mean_198', 'ESM2_295', 'ESM2_535', 'ESM2_403', 'ESM2_402', 'ESM2_102', 'ESM2_172', 'ESM2_43', 'ESM2_2', 'ESM2_521')",0.24828098266365406,1.35,0.5787966878645578,2,0,60,60
10,"('InterPLM_esm2-650m_L24_mean_198', 'ESM2_295', 'ESM2_535', 'ESM2_403', 'ESM2_402', 'ESM2_102', 'ESM2_172', 'ESM2_803', 'ESM2_34', 'ESM2_518')",0.23968387642171946,1.37,0.5787787134952036,2,0,62,64
10,"('InterPLM_esm2-650m_L24_mean_198', 'ESM2_295', 'ESM2_535', 'ESM2_403', 'ESM2_402', 'ESM2_102', 'ESM2_172', 'ESM2_578', 'InterPLM_esm2-650m_L24_mean_1917', 'ESM2_3')",0.2695782903520944,1.3,0.5787048032464661,2,0,55,57
10,"('InterPLM_esm2-650m_L24_mean_198', 'ESM2_295', 'ESM2_535', 'ESM2_403', 'ESM2_402', 'ESM2_102', 'ESM2_172', 'ESM2_803', 'ESM2_776', 'ESM2_518')",0.21365617419002053,1.43,0.5785593219330143,2,1,68,70
10,"('InterPLM_esm2-650m_L24_mean_198', 'ESM2_295', 'ESM2_535', 'ESM2_403', 'ESM2_402', 'ESM2_102', 'ESM2_172', 'InterPLM_esm2-650m_L24_mean_1917', 'ESM2_848', 'ESM2_34')",0.2478775920883965,1.35,0.5785143144618776,2,0,60,62
10,"('InterPLM_esm2-650m_L24_mean_198', 'ESM2_295', 'ESM2_535', 'ESM2_403', 'ESM2_402', 'ESM2_102', 'ESM2_172', 'ESM2_43', 'InterPLM_esm2-650m_L24_mean_1356', 'MOL_WEIGHT')",0.24356148089122373,1.3599999999999999,0.5784930366238565,2,0,61,63
10,"('InterPLM_esm2-650m_L24_mean_198', 'ESM2_295', 'ESM2_535', 'ESM2_403', 'ESM2_402', 'ESM2_102', 'ESM2_172', 'ESM2_43', 'ESM2_574', 'ESM2_34')",0.24780991935175947,1.35,0.5784669435462316,2,0,60,62
10,"('InterPLM_esm2-650m_L24_mean_198', 'ESM2_295', 'ESM2_535', 'ESM2_403', 'ESM2_402', 'ESM2_102', 'ESM2_172', 'ESM2_803', 'InterPLM_esm2-650m_L24_mean_7025', 'ESM2_1048')",0.22206670563953748,1.4100000000000001,0.5784466939476762,2,0,66,66
10,"('InterPLM_esm2-650m_L24_mean_198', 'ESM2_295', 'ESM2_535', 'ESM2_403', 'ESM2_402', 'ESM2_102', 'ESM2_172', 'ESM2_578', 'InterPLM_esm2-650m_L24_mean_949', 'ESM2_276')",0.2220012852219487,1.4100000000000001,0.5784008996553641,2,1,66,66
10,"('InterPLM_esm2-650m_L24_mean_198', 'ESM2_295', 'ESM2_535', 'ESM2_403', 'ESM2_402', 'ESM2_102', 'ESM2_172', 'ESM2_803', 'ESM2_917', 'ESM2_521')",0.2605607821520261,1.32,0.5783925475064182,2,1,57,57
10,"('InterPLM_esm2-650m_L24_mean_198', 'ESM2_295', 'ESM2_535', 'ESM2_403', 'ESM2_402', 'ESM2_102', 'ESM2_172', 'ESM2_43', 'ESM2_803', 'InterPLM_esm2-650m_L24_mean_1917')",0.2346967925225505,1.38,0.5782877547657853,3,2,63,63
10,"('InterPLM_esm2-650m_L24_mean_198', 'ESM2_295', 'ESM2_535', 'ESM2_403', 'ESM2_402', 'ESM2_102', 'ESM2_172', 'ESM2_578', 'ESM2_80', 'MOL_WEIGHT')",0.22610464018154627,1.4,0.5782732481270824,2,0,65,67
10,"('InterPLM_esm2-650m_L24_mean_198', 'ESM2_295', 'ESM2_535', 'ESM2_403', 'ESM2_402', 'ESM2_102', 'ESM2_172', 'ESM2_803', 'ESM2_917', 'InterPLM_esm2-650m_L24_mean_1356')",0.2346191973997327,1.38,0.5782334381798129,2,1,63,63
10,"('InterPLM_esm2-650m_L24_mean_198', 'ESM2_295', 'ESM2_535', 'ESM2_403', 'ESM2_402', 'ESM2_102', 'ESM2_172', 'ESM2_578', 'ESM2_1048', 'ESM2_776')",0.21304186986598805,1.43,0.5781293089061916,2,1,68,70
10,"('InterPLM_esm2-650m_L24_mean_198', 'ESM2_295', 'ESM2_535', 'ESM2_403', 'ESM2_402', 'ESM2_102', 'ESM2_172', 'ESM2_578', 'InterPLM_esm2-650m_L24_mean_7025', 'ESM2_560')",0.22589190207110646,1.4,0.5781243314497745,2,0,65,65
10,"('InterPLM_esm2-650m_L24_mean_198', 'ESM2_295', 'ESM2_535', 'ESM2_403', 'ESM2_402', 'ESM2_102', 'ESM2_172', 'ESM2_43', 'ESM2_578', 'ESM2_1277')",0.23870989485175048,1.37,0.5780969263962253,2,0,62,64
10,"('InterPLM_esm2-650m_L24_mean_198', 'ESM2_295', 'ESM2_535', 'ESM2_403', 'ESM2_402', 'ESM2_102', 'ESM2_172', 'ESM2_43', 'InterPLM_esm2-650m_L24_mean_1774', 'ESM2_560')",0.24288728419765263,1.3599999999999999,0.5780210989383567,2,1,61,61
10,"('InterPLM_esm2-650m_L24_mean_198', 'ESM2_295', 'ESM2_535', 'ESM2_403', 'ESM2_402', 'ESM2_102', 'ESM2_172', 'ESM2_43', 'InterPLM_esm2-650m_L24_mean_1774', 'ESM2_80')",0.24717125103766224,1.35,0.5780198757263636,2,0,60,62
10,"('InterPLM_esm2-650m_L24_mean_198', 'ESM2_295', 'ESM2_535', 'ESM2_403', 'ESM2_402', 'ESM2_102', 'ESM2_172', 'ESM2_578', 'ESM2_917', 'ESM2_276')",0.24276239931111812,1.3599999999999999,0.5779336795177826,2,1,61,61
10,"('InterPLM_esm2-650m_L24_mean_198', 'ESM2_295', 'ESM2_535', 'ESM2_403', 'ESM2_402', 'ESM2_102', 'ESM2_172', 'ESM2_43', 'ESM2_34', 'ESM2_48')",0.2556123235776929,1.33,0.577928626504385,2,1,58,58
10,"('InterPLM_esm2-650m_L24_mean_198', 'ESM2_295', 'ESM2_535', 'ESM2_403', 'ESM2_402', 'ESM2_102', 'ESM2_172', 'ESM2_43', 'ESM2_80', 'MOL_WEIGHT')",0.2468783632620669,1.35,0.5778148542834469,2,0,60,62
10,"('InterPLM_esm2-650m_L24_mean_198', 'ESM2_295', 'ESM2_535', 'ESM2_403', 'ESM2_402', 'ESM2_102', 'ESM2_172', 'ESM2_43', 'InterPLM_esm2-650m_L24_mean_10015', 'ESM2_776')",0.2509992162290798,1.34,0.5776994513603558,2,1,59,61
10,"('InterPLM_esm2-650m_L24_mean_198', 'ESM2_295', 'ESM2_535', 'ESM2_403', 'ESM2_402', 'ESM2_102', 'ESM2_172', 'ESM2_43', 'ESM2_34', 'MOL_WEIGHT')",0.24655376213033062,1.35,0.5775876334912314,2,0,60,62
10,"('InterPLM_esm2-650m_L24_mean_198', 'ESM2_295', 'ESM2_535', 'ESM2_403', 'ESM2_402', 'ESM2_102', 'ESM2_172', 'ESM2_578', 'ESM2_3', 'ESM2_34')",0.2678723209367493,1.3,0.5775106246557244,2,0,55,57
10,"('InterPLM_esm2-650m_L24_mean_198', 'ESM2_295', 'ESM2_535', 'ESM2_403', 'ESM2_402', 'ESM2_102', 'ESM2_172', 'ESM2_43', 'ESM2_34', 'ESM2_518')",0.25061898986740166,1.34,0.5774332929071812,2,0,59,61
10,"('InterPLM_esm2-650m_L24_mean_198', 'ESM2_295', 'ESM2_535', 'ESM2_403', 'ESM2_402', 'ESM2_102', 'ESM2_172', 'ESM2_803', 'ESM2_917', 'InterPLM_esm2-650m_L24_mean_949')",0.2376692784832898,1.37,0.5773684949383029,2,1,62,62
10,"('InterPLM_esm2-650m_L24_mean_198', 'ESM2_295', 'ESM2_535', 'ESM2_403', 'ESM2_402', 'ESM2_102', 'ESM2_172', 'ESM2_43', 'InterPLM_esm2-650m_L24_mean_1774', 'ESM2_1048')",0.24190950895193544,1.3599999999999999,0.5773366562663548,2,0,61,61
10,"('InterPLM_esm2-650m_L24_mean_198', 'ESM2_295', 'ESM2_535', 'ESM2_403', 'ESM2_402', 'ESM2_102', 'ESM2_172', 'ESM2_43', 'InterPLM_esm2-650m_L24_mean_10015', 'ESM2_574')",0.2632569917733415,1.31,0.5772798942413391,2,1,56,58
10,"('InterPLM_esm2-650m_L24_mean_198', 'ESM2_295', 'ESM2_535', 'ESM2_403', 'ESM2_402', 'ESM2_102', 'ESM2_172', 'ESM2_578', 'ESM2_917', 'InterPLM_esm2-650m_L24_mean_1356')",0.23309269656434334,1.38,0.5771648875950404,2,1,63,63
10,"('InterPLM_esm2-650m_L24_mean_198', 'ESM2_295', 'ESM2_535', 'ESM2_403', 'ESM2_402', 'ESM2_102', 'ESM2_172', 'ESM2_803', 'ESM2_960', 'ESM2_521')",0.2373552948471323,1.37,0.5771487063929926,2,1,62,62
10,"('InterPLM_esm2-650m_L24_mean_198', 'ESM2_295', 'ESM2_535', 'ESM2_403', 'ESM2_402', 'ESM2_102', 'ESM2_172', 'ESM2_578', 'InterPLM_esm2-650m_L24_mean_1774', 'ESM2_960')",0.23299642695740075,1.38,0.5770974988701805,2,0,63,63
10,"('InterPLM_esm2-650m_L24_mean_198', 'ESM2_295', 'ESM2_535', 'ESM2_403', 'ESM2_402', 'ESM2_102', 'ESM2_172', 'ESM2_578', 'ESM2_574', 'ESM2_746')",0.2287009898090635,1.3900000000000001,0.5770906928663445,2,0,64,64
10,"('InterPLM_esm2-650m_L24_mean_198', 'ESM2_295', 'ESM2_535', 'ESM2_403', 'ESM2_402', 'ESM2_102', 'ESM2_172', 'ESM2_43', 'ESM2_803', 'InterPLM_esm2-650m_L24_mean_1774')",0.2285947751826744,1.3900000000000001,0.577016342627872,3,2,64,64
10,"('InterPLM_esm2-650m_L24_mean_198', 'ESM2_295', 'ESM2_535', 'ESM2_403', 'ESM2_402', 'ESM2_102', 'ESM2_172', 'ESM2_803', 'InterPLM_esm2-650m_L24_mean_7025', 'ESM2_521')",0.24143484756802625,1.3599999999999999,0.5770043932976183,2,0,61,61
10,"('InterPLM_esm2-650m_L24_mean_198', 'ESM2_295', 'ESM2_535', 'ESM2_403', 'ESM2_402', 'ESM2_102', 'ESM2_172', 'ESM2_578', 'ESM2_2', 'ESM2_776')",0.23277537595611267,1.38,0.5769427631692788,4,3,63,63
10,"('InterPLM_esm2-650m_L24_mean_198', 'ESM2_295', 'ESM2_535', 'ESM2_403', 'ESM2_402', 'ESM2_102', 'ESM2_172', 'ESM2_578', 'InterPLM_esm2-650m_L24_mean_1917', 'ESM2_406')",0.23700296860040518,1.37,0.5769020780202836,3,1,62,62
10,"('InterPLM_esm2-650m_L24_mean_198', 'ESM2_295', 'ESM2_535', 'ESM2_403', 'ESM2_402', 'ESM2_102', 'ESM2_172', 'ESM2_43', 'InterPLM_esm2-650m_L24_mean_1917', 'InterPLM_esm2-650m_L24_mean_949')",0.23693900869420212,1.37,0.5768573060859415,3,0,62,62
10,"('InterPLM_esm2-650m_L24_mean_198', 'ESM2_295', 'ESM2_535', 'ESM2_403', 'ESM2_402', 'ESM2_102', 'ESM2_172', 'ESM2_43', 'ESM2_960', 'ESM2_521')",0.2369001135736718,1.37,0.5768300795015703,3,1,62,62
10,"('InterPLM_esm2-650m_L24_mean_198', 'ESM2_295', 'ESM2_535', 'ESM2_403', 'ESM2_402', 'ESM2_102', 'ESM2_172', 'ESM2_43', 'InterPLM_esm2-650m_L24_mean_1774', 'ESM2_40')",0.24973903011854487,1.34,0.5768173210829814,2,1,59,59
10,"('InterPLM_esm2-650m_L24_mean_198', 'ESM2_295', 'ESM2_535', 'ESM2_403', 'ESM2_402', 'ESM2_102', 'ESM2_172', 'ESM2_43', 'InterPLM_esm2-650m_L24_mean_6997', 'InterPLM_esm2-650m_L24_mean_1356')",0.23250013627358684,1.38,0.5767500953915108,3,1,63,63
10,"('InterPLM_esm2-650m_L24_mean_198', 'ESM2_295', 'ESM2_535', 'ESM2_403', 'ESM2_402', 'ESM2_102', 'ESM2_172', 'ESM2_803', 'ESM2_1048', 'ESM2_776')",0.20673286699885585,1.44,0.576713006899199,2,0,69,69
10,"('InterPLM_esm2-650m_L24_mean_198', 'ESM2_295', 'ESM2_535', 'ESM2_403', 'ESM2_402', 'ESM2_102', 'ESM2_172', 'ESM2_803', 'ESM2_578', 'InterPLM_esm2-650m_L24_mean_7025')",0.2280836215681449,1.3900000000000001,0.5766585350977015,2,0,64,64
10,"('InterPLM_esm2-650m_L24_mean_198', 'ESM2_295', 'ESM2_535', 'ESM2_403', 'ESM2_402', 'ESM2_102', 'ESM2_172', 'ESM2_803', 'ESM2_917', 'ESM2_1271')",0.24517906394018096,1.35,0.5766253447581267,2,1,60,60
10,"('InterPLM_esm2-650m_L24_mean_198', 'ESM2_295', 'ESM2_535', 'ESM2_403', 'ESM2_402', 'ESM2_102', 'ESM2_172', 'InterPLM_esm2-650m_L24_mean_1917', 'ESM2_848', 'ESM2_1277')",0.23224167516174068,1.38,0.5765691726132185,3,0,63,63
10,"('InterPLM_esm2-650m_L24_mean_198', 'ESM2_295', 'ESM2_535', 'ESM2_403', 'ESM2_402', 'ESM2_102', 'ESM2_172', 'ESM2_43', 'InterPLM_esm2-650m_L24_mean_6997', 'ESM2_521')",0.24508774696473504,1.35,0.5765614228753145,2,0,60,60
10,"('InterPLM_esm2-650m_L24_mean_198', 'ESM2_295', 'ESM2_535', 'ESM2_403', 'ESM2_402', 'ESM2_102', 'ESM2_172', 'ESM2_578', 'ESM2_917', 'InterPLM_esm2-650m_L24_mean_949')",0.23647902370189383,1.37,0.5765353165913257,2,1,62,62
10,"('InterPLM_esm2-650m_L24_mean_198', 'ESM2_295', 'ESM2_535', 'ESM2_403', 'ESM2_402', 'ESM2_102', 'ESM2_172', 'ESM2_43', 'ESM2_1048', 'MOL_WEIGHT')",0.24059056489039507,1.3599999999999999,0.5764133954232765,2,0,61,63
10,"('InterPLM_esm2-650m_L24_mean_198', 'ESM2_295', 'ESM2_535', 'ESM2_403', 'ESM2_402', 'ESM2_102', 'ESM2_172', 'ESM2_803', 'InterPLM_esm2-650m_L24_mean_1774', 'ESM2_518')",0.23627700685902817,1.37,0.5763939048013198,2,1,62,62
10,"('InterPLM_esm2-650m_L24_mean_198', 'ESM2_295', 'ESM2_535', 'ESM2_403', 'ESM2_402', 'ESM2_102', 'ESM2_172', 'ESM2_578', 'ESM2_80', 'ESM2_521')",0.23624401007726709,1.37,0.5763708070540869,2,1,62,62
10,"('InterPLM_esm2-650m_L24_mean_198', 'ESM2_295', 'ESM2_535', 'ESM2_403', 'ESM2_402', 'ESM2_102', 'ESM2_172', 'ESM2_578', 'InterPLM_esm2-650m_L24_mean_10015', 'ESM2_518')",0.2533696984033785,1.33,0.5763587888823649,2,0,58,60
10,"('InterPLM_esm2-650m_L24_mean_198', 'ESM2_295', 'ESM2_535', 'ESM2_403', 'ESM2_402', 'ESM2_102', 'ESM2_172', 'ESM2_43', 'ESM2_574', 'ESM2_521')",0.24462180025702251,1.35,0.5762352601799158,2,0,60,62
10,"('InterPLM_esm2-650m_L24_mean_198', 'ESM2_295', 'ESM2_535', 'ESM2_403', 'ESM2_402', 'ESM2_102', 'ESM2_172', 'ESM2_578', 'InterPLM_esm2-650m_L24_mean_6997', 'InterPLM_esm2-650m_L24_mean_7025')",0.22744798729438132,1.3900000000000001,0.576213591106067,2,1,64,64
10,"('InterPLM_esm2-650m_L24_mean_198', 'ESM2_295', 'ESM2_535', 'ESM2_403', 'ESM2_402', 'ESM2_102', 'ESM2_172', 'ESM2_803', 'InterPLM_esm2-650m_L24_mean_1774', 'ESM2_746')",0.2359865531044705,1.37,0.5761905871731294,2,0,62,62
10,"('InterPLM_esm2-650m_L24_mean_198', 'ESM2_295', 'ESM2_535', 'ESM2_403', 'ESM2_402', 'ESM2_102', 'ESM2_172', 'ESM2_803', 'InterPLM_esm2-650m_L24_mean_7025', 'ESM2_746')",0.22310189815343956,1.4,0.5761713287074077,2,1,65,65
10,"('InterPLM_esm2-650m_L24_mean_198', 'ESM2_295', 'ESM2_535', 'ESM2_403', 'ESM2_402', 'ESM2_102', 'ESM2_172', 'ESM2_803', 'ESM2_578', 'ESM2_917')",0.23150543764104783,1.38,0.5760538063487335,2,1,63,63
10,"('InterPLM_esm2-650m_L24_mean_198', 'ESM2_295', 'ESM2_535', 'ESM2_403', 'ESM2_402', 'ESM2_102', 'ESM2_172', 'ESM2_43', 'ESM2_518', 'MOL_WEIGHT')",0.24860558530593052,1.34,0.5760239097141514,2,0,59,61
10,"('InterPLM_esm2-650m_L24_mean_198', 'ESM2_295', 'ESM2_535', 'ESM2_403', 'ESM2_402', 'ESM2_102', 'ESM2_172', 'ESM2_43', 'InterPLM_esm2-650m_L24_mean_1774', 'ESM2_521')",0.25285513341604826,1.33,0.5759985933912338,2,0,58,58
10,"('InterPLM_esm2-650m_L24_mean_198', 'ESM2_295', 'ESM2_535', 'ESM2_403', 'ESM2_402', 'ESM2_102', 'ESM2_172', 'ESM2_43', 'ESM2_1271', 'MOL_WEIGHT')",0.2527580460031338,1.33,0.5759306322021936,2,1,58,60
10,"('InterPLM_esm2-650m_L24_mean_198', 'ESM2_295', 'ESM2_535', 'ESM2_403', 'ESM2_402', 'ESM2_102', 'ESM2_172', 'InterPLM_esm2-650m_L24_mean_1917', 'ESM2_848', 'InterPLM_esm2-650m_L24_mean_10015')",0.25264061463740756,1.33,0.5758484302461853,2,0,58,60
10,"('InterPLM_esm2-650m_L24_mean_198', 'ESM2_295', 'ESM2_535', 'ESM2_403', 'ESM2_402', 'ESM2_102', 'ESM2_172', 'ESM2_43', 'InterPLM_esm2-650m_L24_mean_7025', 'InterPLM_esm2-650m_L24_mean_1774')",0.2611817807099283,1.31,0.5758272464969498,2,1,56,56
10,"('InterPLM_esm2-650m_L24_mean_198', 'ESM2_295', 'ESM2_535', 'ESM2_403', 'ESM2_402', 'ESM2_102', 'ESM2_172', 'ESM2_578', 'InterPLM_esm2-650m_L24_mean_7025', 'InterPLM_esm2-650m_L24_mean_1356')",0.22687601437913224,1.3900000000000001,0.5758132100653925,2,1,64,64
10,"('InterPLM_esm2-650m_L24_mean_198', 'ESM2_295', 'ESM2_535', 'ESM2_403', 'ESM2_402', 'ESM2_102', 'ESM2_172', 'ESM2_803', 'InterPLM_esm2-650m_L24_mean_7025', 'ESM2_960')",0.22258706337026743,1.4,0.5758109443591872,3,2,65,65
10,"('InterPLM_esm2-650m_L24_mean_198', 'ESM2_295', 'ESM2_535', 'ESM2_403', 'ESM2_402', 'ESM2_102', 'ESM2_172', 'ESM2_43', 'InterPLM_esm2-650m_L24_mean_949', 'ESM2_34')",0.2439197916937494,1.35,0.5757438541856246,2,0,60,62
10,"('InterPLM_esm2-650m_L24_mean_198', 'ESM2_295', 'ESM2_535', 'ESM2_403', 'ESM2_402', 'ESM2_102', 'ESM2_172', 'ESM2_43', 'InterPLM_esm2-650m_L24_mean_7025', 'ESM2_746')",0.252415797035853,1.33,0.5756910579250971,2,0,58,60
10,"('InterPLM_esm2-650m_L24_mean_198', 'ESM2_295', 'ESM2_535', 'ESM2_403', 'ESM2_402', 'ESM2_102', 'ESM2_172', 'ESM2_43', 'ESM2_917', 'ESM2_746')",0.23945227338323052,1.3599999999999999,0.5756165913682614,2,0,61,63
10,"('InterPLM_esm2-650m_L24_mean_198', 'ESM2_295', 'ESM2_535', 'ESM2_403', 'ESM2_402', 'ESM2_102', 'ESM2_172', 'ESM2_803', 'ESM2_1048', 'ESM2_521')",0.21372398130327233,1.42,0.5756067869122906,3,2,67,68
10,"('InterPLM_esm2-650m_L24_mean_198', 'ESM2_295', 'ESM2_535', 'ESM2_403', 'ESM2_402', 'ESM2_102', 'ESM2_172', 'ESM2_803', 'ESM2_521', 'MOL_WEIGHT')",0.24372314978661574,1.35,0.5756062048506311,2,1,60,60
10,"('InterPLM_esm2-650m_L24_mean_198', 'ESM2_295', 'ESM2_535', 'ESM2_403', 'ESM2_402', 'ESM2_102', 'ESM2_172', 'ESM2_43', 'InterPLM_esm2-650m_L24_mean_10015', 'ESM2_34')",0.25648152958745235,1.32,0.5755370707112166,2,0,57,59
10,"('InterPLM_esm2-650m_L24_mean_198', 'ESM2_295', 'ESM2_535', 'ESM2_403', 'ESM2_402', 'ESM2_102', 'ESM2_172', 'ESM2_43', 'InterPLM_esm2-650m_L24_mean_1774', 'MOL_WEIGHT')",0.2564639342361857,1.32,0.57552475396533,2,1,57,57
10,"('InterPLM_esm2-650m_L24_mean_198', 'ESM2_295', 'ESM2_535', 'ESM2_403', 'ESM2_402', 'ESM2_102', 'ESM2_172', 'ESM2_43', 'ESM2_2', 'ESM2_560')",0.23500812752022915,1.37,0.5755056892641605,2,0,62,62
10,"('InterPLM_esm2-650m_L24_mean_198', 'ESM2_295', 'ESM2_535', 'ESM2_403', 'ESM2_402', 'ESM2_102', 'ESM2_172', 'ESM2_803', 'ESM2_1277', 'ESM2_1048')",0.2135246606962149,1.42,0.5754672624873505,2,0,67,67
10,"('InterPLM_esm2-650m_L24_mean_198', 'ESM2_295', 'ESM2_535', 'ESM2_403', 'ESM2_402', 'ESM2_102', 'ESM2_172', 'ESM2_578', 'ESM2_746', 'ESM2_276')",0.21772325664634978,1.4100000000000001,0.5754062796524448,2,0,66,66
10,"('InterPLM_esm2-650m_L24_mean_198', 'ESM2_295', 'ESM2_535', 'ESM2_403', 'ESM2_402', 'ESM2_102', 'ESM2_172', 'ESM2_803', 'InterPLM_esm2-650m_L24_mean_7025', 'ESM2_1277')",0.22622276251555662,1.3900000000000001,0.5753559337608897,2,0,64,64
10,"('InterPLM_esm2-650m_L24_mean_198', 'ESM2_295', 'ESM2_535', 'ESM2_403', 'ESM2_402', 'ESM2_102', 'ESM2_172', 'InterPLM_esm2-650m_L24_mean_1917', 'ESM2_848', 'ESM2_560')",0.24323289898734288,1.35,0.57526302929114,3,2,60,60
10,"('InterPLM_esm2-650m_L24_mean_198', 'ESM2_295', 'ESM2_535', 'ESM2_403', 'ESM2_402', 'ESM2_102', 'ESM2_172', 'ESM2_578', 'InterPLM_esm2-650m_L24_mean_949', 'ESM2_1277')",0.22174921759294955,1.4,0.5752244523150647,2,1,65,65
10,"('InterPLM_esm2-650m_L24_mean_198', 'ESM2_295', 'ESM2_535', 'ESM2_403', 'ESM2_402', 'ESM2_102', 'ESM2_172', 'ESM2_578', 'ESM2_518', 'MOL_WEIGHT')",0.23019974991058634,1.38,0.5751398249374104,2,0,63,65
10,"('InterPLM_esm2-650m_L24_mean_198', 'ESM2_295', 'ESM2_535', 'ESM2_403', 'ESM2_402', 'ESM2_102', 'ESM2_172', 'ESM2_578', 'ESM2_960', 'ESM2_40')",0.22159765543000157,1.4,0.575118358801001,3,1,65,65
10,"('InterPLM_esm2-650m_L24_mean_198', 'ESM2_295', 'ESM2_535', 'ESM2_403', 'ESM2_402', 'ESM2_102', 'ESM2_172', 'ESM2_803', 'InterPLM_esm2-650m_L24_mean_10015', 'ESM2_40')",0.23001873310994214,1.38,0.5750131131769595,2,0,63,65
10,"('InterPLM_esm2-650m_L24_mean_198', 'ESM2_295', 'ESM2_535', 'ESM2_403', 'ESM2_402', 'ESM2_102', 'ESM2_172', 'ESM2_43', 'ESM2_746', 'ESM2_1271')",0.24283290872152682,1.35,0.5749830361050687,2,1,60,62
10,"('InterPLM_esm2-650m_L24_mean_198', 'ESM2_295', 'ESM2_535', 'ESM2_403', 'ESM2_402', 'ESM2_102', 'ESM2_172', 'ESM2_578', 'InterPLM_esm2-650m_L24_mean_7025', 'ESM2_276')",0.22979210864408123,1.38,0.5748544760508568,2,0,63,63
10,"('InterPLM_esm2-650m_L24_mean_198', 'ESM2_295', 'ESM2_535', 'ESM2_403', 'ESM2_402', 'ESM2_102', 'ESM2_172', 'ESM2_43', 'InterPLM_esm2-650m_L24_mean_1774', 'ESM2_2')",0.24693161797979635,1.34,0.5748521325858574,2,1,59,59
10,"('InterPLM_esm2-650m_L24_mean_198', 'ESM2_295', 'ESM2_535', 'ESM2_403', 'ESM2_402', 'ESM2_102', 'ESM2_172', 'ESM2_43', 'InterPLM_esm2-650m_L24_mean_6997', 'ESM2_34')",0.23835768203684354,1.3599999999999999,0.5748503774257905,2,0,61,63
10,"('InterPLM_esm2-650m_L24_mean_198', 'ESM2_295', 'ESM2_535', 'ESM2_403', 'ESM2_402', 'ESM2_102', 'ESM2_172', 'ESM2_578', 'ESM2_574', 'ESM2_276')",0.23827499375655803,1.3599999999999999,0.5747924956295906,2,1,61,61
10,"('InterPLM_esm2-650m_L24_mean_198', 'ESM2_295', 'ESM2_535', 'ESM2_403', 'ESM2_402', 'ESM2_102', 'ESM2_172', 'ESM2_43', 'ESM2_560', 'ESM2_574')",0.24673972574862854,1.34,0.57471780802404,2,1,59,61
10,"('InterPLM_esm2-650m_L24_mean_198', 'ESM2_295', 'ESM2_535', 'ESM2_403', 'ESM2_402', 'ESM2_102', 'ESM2_172', 'ESM2_578', 'ESM2_917', 'ESM2_40')",0.22933771314178286,1.38,0.574536399199248,2,1,63,63
10,"('InterPLM_esm2-650m_L24_mean_198', 'ESM2_295', 'ESM2_535', 'ESM2_403', 'ESM2_402', 'ESM2_102', 'ESM2_172', 'ESM2_803', 'InterPLM_esm2-650m_L24_mean_7025', 'InterPLM_esm2-650m_L24_mean_949')",0.2292397405795309,1.38,0.5744678184056716,2,1,63,63
10,"('InterPLM_esm2-650m_L24_mean_198', 'ESM2_295', 'ESM2_535', 'ESM2_403', 'ESM2_402', 'ESM2_102', 'ESM2_172', 'ESM2_803', 'ESM2_917', 'InterPLM_esm2-650m_L24_mean_1774')",0.24634970290638045,1.34,0.5744447920344663,2,1,59,59
10,"('InterPLM_esm2-650m_L24_mean_198', 'ESM2_295', 'ESM2_535', 'ESM2_403', 'ESM2_402', 'ESM2_102', 'ESM2_172', 'ESM2_578', 'ESM2_917', 'ESM2_1048')",0.22911469585273905,1.38,0.5743802870969172,2,1,63,63
10,"('InterPLM_esm2-650m_L24_mean_198', 'ESM2_295', 'ESM2_535', 'ESM2_403', 'ESM2_402', 'ESM2_102', 'ESM2_172', 'ESM2_803', 'ESM2_1277', 'InterPLM_esm2-650m_L24_mean_10015')",0.2076477905679586,1.43,0.5743534533975709,4,0,68,68
10,"('InterPLM_esm2-650m_L24_mean_198', 'ESM2_295', 'ESM2_535', 'ESM2_403', 'ESM2_402', 'ESM2_102', 'ESM2_172', 'ESM2_578', 'ESM2_746', 'ESM2_40')",0.21614118614610886,1.4100000000000001,0.5742988303022762,3,2,66,66
10,"('InterPLM_esm2-650m_L24_mean_198', 'ESM2_295', 'ESM2_535', 'ESM2_403', 'ESM2_402', 'ESM2_102', 'ESM2_172', 'ESM2_803', 'InterPLM_esm2-650m_L24_mean_10015', 'ESM2_34')",0.21603491106581868,1.4100000000000001,0.5742244377460731,4,0,66,66
10,"('InterPLM_esm2-650m_L24_mean_198', 'ESM2_295', 'ESM2_535', 'ESM2_403', 'ESM2_402', 'ESM2_102', 'ESM2_172', 'ESM2_43', 'InterPLM_esm2-650m_L24_mean_1917', 'ESM2_80')",0.23744370844391266,1.3599999999999999,0.5742105959107389,3,2,61,62
10,"('InterPLM_esm2-650m_L24_mean_198', 'ESM2_295', 'ESM2_535', 'ESM2_403', 'ESM2_402', 'ESM2_102', 'ESM2_172', 'ESM2_803', 'InterPLM_esm2-650m_L24_mean_1774', 'ESM2_406')",0.2545717558979604,1.32,0.5742002291285723,2,0,57,59
10,"('InterPLM_esm2-650m_L24_mean_198', 'ESM2_295', 'ESM2_535', 'ESM2_403', 'ESM2_402', 'ESM2_102', 'ESM2_172', 'ESM2_578', 'InterPLM_esm2-650m_L24_mean_1774', 'ESM2_406')",0.25455817061416613,1.32,0.5741907194299163,2,0,57,59
10,"('InterPLM_esm2-650m_L24_mean_198', 'ESM2_295', 'ESM2_535', 'ESM2_403', 'ESM2_402', 'ESM2_102', 'ESM2_172', 'ESM2_43', 'ESM2_803', 'InterPLM_esm2-650m_L24_mean_1356')",0.23737249128794222,1.3599999999999999,0.5741607439015595,2,0,61,63
10,"('InterPLM_esm2-650m_L24_mean_198', 'ESM2_295', 'ESM2_535', 'ESM2_403', 'ESM2_402', 'ESM2_102', 'ESM2_172', 'ESM2_803', 'ESM2_917', 'MOL_WEIGHT')",0.24156253612825715,1.35,0.57409377528978,2,0,60,60
10,"('InterPLM_esm2-650m_L24_mean_198', 'ESM2_295', 'ESM2_535', 'ESM2_403', 'ESM2_402', 'ESM2_102', 'ESM2_172', 'ESM2_578', 'InterPLM_esm2-650m_L24_mean_7025', 'ESM2_1277')",0.22869467628256654,1.38,0.5740862733977965,2,1,63,63
10,"('InterPLM_esm2-650m_L24_mean_198', 'ESM2_295', 'ESM2_535', 'ESM2_403', 'ESM2_402', 'ESM2_102', 'ESM2_172', 'ESM2_43', 'ESM2_574', 'ESM2_746')",0.23290887286189962,1.37,0.5740362110033298,5,0,62,62
10,"('InterPLM_esm2-650m_L24_mean_198', 'ESM2_295', 'ESM2_535', 'ESM2_403', 'ESM2_402', 'ESM2_102', 'ESM2_172', 'InterPLM_esm2-650m_L24_mean_1917', 'ESM2_848', 'InterPLM_esm2-650m_L24_mean_1356')",0.2329047402631694,1.37,0.5740333181842185,3,2,62,62
10,"('InterPLM_esm2-650m_L24_mean_198', 'ESM2_295', 'ESM2_535', 'ESM2_403', 'ESM2_402', 'ESM2_102', 'ESM2_172', 'ESM2_43', 'ESM2_578', 'ESM2_1048')",0.23716462014658116,1.3599999999999999,0.5740152341026068,2,1,61,63
10,"('InterPLM_esm2-650m_L24_mean_198', 'ESM2_295', 'ESM2_535', 'ESM2_403', 'ESM2_402', 'ESM2_102', 'ESM2_172', 'ESM2_803', 'InterPLM_esm2-650m_L24_mean_7025', 'ESM2_518')",0.23283412450976654,1.37,0.5739838871568366,3,2,62,62
10,"('InterPLM_esm2-650m_L24_mean_198', 'ESM2_295', 'ESM2_535', 'ESM2_403', 'ESM2_402', 'ESM2_102', 'ESM2_172', 'ESM2_43', 'InterPLM_esm2-650m_L24_mean_1917', 'ESM2_1048')",0.21556595679323423,1.4100000000000001,0.573896169755264,4,2,66,66
10,"('InterPLM_esm2-650m_L24_mean_198', 'ESM2_295', 'ESM2_535', 'ESM2_403', 'ESM2_402', 'ESM2_102', 'ESM2_172', 'ESM2_578', 'ESM2_917', 'ESM2_960')",0.2283676595678562,1.38,0.5738573616974993,2,1,63,63
10,"('InterPLM_esm2-650m_L24_mean_198', 'ESM2_295', 'ESM2_535', 'ESM2_403', 'ESM2_402', 'ESM2_102', 'ESM2_172', 'ESM2_803', 'InterPLM_esm2-650m_L24_mean_7025', 'InterPLM_esm2-650m_L24_mean_1356')",0.2238204886600794,1.3900000000000001,0.5736743420620556,2,0,64,64
10,"('InterPLM_esm2-650m_L24_mean_198', 'ESM2_295', 'ESM2_535', 'ESM2_403', 'ESM2_402', 'ESM2_102', 'ESM2_172', 'ESM2_43', 'InterPLM_esm2-650m_L24_mean_1774', 'ESM2_574')",0.22792341008514025,1.38,0.5735463870595982,3,2,63,63
10,"('InterPLM_esm2-650m_L24_mean_198', 'ESM2_295', 'ESM2_535', 'ESM2_403', 'ESM2_402', 'ESM2_102', 'ESM2_172', 'ESM2_578', 'InterPLM_esm2-650m_L24_mean_1774', 'InterPLM_esm2-650m_L24_mean_10015')",0.2450529484904473,1.34,0.573537063943313,2,1,59,59
10,"('InterPLM_esm2-650m_L24_mean_198', 'ESM2_295', 'ESM2_535', 'ESM2_403', 'ESM2_402', 'ESM2_102', 'ESM2_172', 'InterPLM_esm2-650m_L24_mean_1917', 'ESM2_848', 'ESM2_746')",0.2450462034285189,1.34,0.5735323423999632,2,0,59,59
10,"('InterPLM_esm2-650m_L24_mean_198', 'ESM2_295', 'ESM2_535', 'ESM2_403', 'ESM2_402', 'ESM2_102', 'ESM2_172', 'ESM2_578', 'ESM2_917', 'ESM2_80')",0.22783520380047387,1.38,0.5734846426603317,2,1,63,63
10,"('InterPLM_esm2-650m_L24_mean_198', 'ESM2_295', 'ESM2_535', 'ESM2_403', 'ESM2_402', 'ESM2_102', 'ESM2_172', 'ESM2_803', 'InterPLM_esm2-650m_L24_mean_1356', 'ESM2_521')",0.24063700057740706,1.35,0.573445900404185,2,1,60,60
10,"('InterPLM_esm2-650m_L24_mean_198', 'ESM2_295', 'ESM2_535', 'ESM2_403', 'ESM2_402', 'ESM2_102', 'ESM2_172', 'ESM2_803', 'ESM2_746', 'ESM2_521')",0.21473502388314805,1.4100000000000001,0.5733145167182037,3,1,66,66
10,"('InterPLM_esm2-650m_L24_mean_198', 'ESM2_295', 'ESM2_535', 'ESM2_403', 'ESM2_402', 'ESM2_102', 'ESM2_172', 'ESM2_578', 'ESM2_917', 'InterPLM_esm2-650m_L24_mean_7025')",0.23600727764094565,1.3599999999999999,0.573205094348662,2,0,61,61
10,"('InterPLM_esm2-650m_L24_mean_198', 'ESM2_295', 'ESM2_535', 'ESM2_403', 'ESM2_402', 'ESM2_102', 'ESM2_172', 'ESM2_43', 'ESM2_803', 'MOL_WEIGHT')",0.244496670136261,1.34,0.5731476690953827,2,1,59,61
10,"('InterPLM_esm2-650m_L24_mean_198', 'ESM2_295', 'ESM2_535', 'ESM2_403', 'ESM2_402', 'ESM2_102', 'ESM2_172', 'ESM2_43', 'ESM2_578', 'InterPLM_esm2-650m_L24_mean_1917')",0.248780220559726,1.33,0.5731461543918082,2,0,58,60
10,"('InterPLM_esm2-650m_L24_mean_198', 'ESM2_295', 'ESM2_535', 'ESM2_403', 'ESM2_402', 'ESM2_102', 'ESM2_172', 'ESM2_43', 'ESM2_578', 'ESM2_746')",0.24017557853920463,1.35,0.5731229049774432,2,1,60,62
10,"('InterPLM_esm2-650m_L24_mean_198', 'ESM2_295', 'ESM2_535', 'ESM2_403', 'ESM2_402', 'ESM2_102', 'ESM2_172', 'ESM2_803', 'InterPLM_esm2-650m_L24_mean_10015', 'ESM2_560')",0.22295011964561676,1.3900000000000001,0.5730650837519318,2,1,64,64
10,"('InterPLM_esm2-650m_L24_mean_198', 'ESM2_295', 'ESM2_535', 'ESM2_403', 'ESM2_402', 'ESM2_102', 'ESM2_172', 'ESM2_803', 'ESM2_578', 'ESM2_574')",0.23147667201446295,1.37,0.5730336704101241,2,0,62,62
10,"('InterPLM_esm2-650m_L24_mean_198', 'ESM2_295', 'ESM2_535', 'ESM2_403', 'ESM2_402', 'ESM2_102', 'ESM2_172', 'ESM2_578', 'InterPLM_esm2-650m_L24_mean_10015', 'ESM2_2')",0.23561858991287488,1.3599999999999999,0.5729330129390124,2,1,61,63
10,"('InterPLM_esm2-650m_L24_mean_198', 'ESM2_295', 'ESM2_535', 'ESM2_403', 'ESM2_402', 'ESM2_102', 'ESM2_172', 'ESM2_43', 'ESM2_746', 'ESM2_276')",0.23973389336230008,1.35,0.5728137253536101,2,1,60,62
10,"('InterPLM_esm2-650m_L24_mean_198', 'ESM2_295', 'ESM2_535', 'ESM2_403', 'ESM2_402', 'ESM2_102', 'ESM2_172', 'ESM2_803', 'ESM2_1277', 'MOL_WEIGHT')",0.2224048868713038,1.3900000000000001,0.5726834208099127,2,0,64,64
10,"('InterPLM_esm2-650m_L24_mean_198', 'ESM2_295', 'ESM2_535', 'ESM2_403', 'ESM2_402', 'ESM2_102', 'ESM2_172', 'ESM2_578', 'ESM2_40', 'MOL_WEIGHT')",0.21799430234193393,1.4,0.5725960116393537,3,1,65,65
10,"('InterPLM_esm2-650m_L24_mean_198', 'ESM2_295', 'ESM2_535', 'ESM2_403', 'ESM2_402', 'ESM2_102', 'ESM2_172', 'ESM2_578', 'ESM2_917', 'ESM2_521')",0.2565482408396422,1.31,0.5725837685877495,2,0,56,56
10,"('InterPLM_esm2-650m_L24_mean_198', 'ESM2_295', 'ESM2_535', 'ESM2_403', 'ESM2_402', 'ESM2_102', 'ESM2_172', 'ESM2_43', 'ESM2_276', 'ESM2_521')",0.24795565631457622,1.33,0.5725689594202034,2,1,58,58
10,"('InterPLM_esm2-650m_L24_mean_198', 'ESM2_295', 'ESM2_535', 'ESM2_403', 'ESM2_402', 'ESM2_102', 'ESM2_172', 'ESM2_578', 'ESM2_3', 'InterPLM_esm2-650m_L24_mean_1774')",0.26928318272319296,1.28,0.5724982279062351,2,1,53,53
10,"('InterPLM_esm2-650m_L24_mean_198', 'ESM2_295', 'ESM2_535', 'ESM2_403', 'ESM2_402', 'ESM2_102', 'ESM2_172', 'ESM2_43', 'InterPLM_esm2-650m_L24_mean_1774', 'InterPLM_esm2-650m_L24_mean_1356')",0.24341420682146153,1.34,0.5723899447750231,2,1,59,59
10,"('InterPLM_esm2-650m_L24_mean_198', 'ESM2_295', 'ESM2_535', 'ESM2_403', 'ESM2_402', 'ESM2_102', 'ESM2_172', 'ESM2_578', 'InterPLM_esm2-650m_L24_mean_10015', 'ESM2_1271')",0.2347244101529879,1.3599999999999999,0.5723070871070914,2,1,61,63
10,"('InterPLM_esm2-650m_L24_mean_198', 'ESM2_295', 'ESM2_535', 'ESM2_403', 'ESM2_402', 'ESM2_102', 'ESM2_172', 'ESM2_578', 'ESM2_2', 'ESM2_1271')",0.2304200362066111,1.37,0.5722940253446278,2,1,62,64
10,"('InterPLM_esm2-650m_L24_mean_198', 'ESM2_295', 'ESM2_535', 'ESM2_403', 'ESM2_402', 'ESM2_102', 'ESM2_172', 'ESM2_578', 'ESM2_574', 'ESM2_1271')",0.2432632176175766,1.34,0.5722842523323036,2,1,59,59
10,"('InterPLM_esm2-650m_L24_mean_198', 'ESM2_295', 'ESM2_535', 'ESM2_403', 'ESM2_402', 'ESM2_102', 'ESM2_172', 'ESM2_43', 'ESM2_803', 'ESM2_34')",0.23881940575654984,1.35,0.572173584029585,2,1,60,62
10,"('InterPLM_esm2-650m_L24_mean_198', 'ESM2_295', 'ESM2_535', 'ESM2_403', 'ESM2_402', 'ESM2_102', 'ESM2_172', 'ESM2_578', 'ESM2_1048', 'ESM2_2')",0.2344995326736357,1.3599999999999999,0.572149672871545,4,3,61,61
10,"('InterPLM_esm2-650m_L24_mean_198', 'ESM2_295', 'ESM2_535', 'ESM2_403', 'ESM2_402', 'ESM2_102', 'ESM2_172', 'ESM2_43', 'InterPLM_esm2-650m_L24_mean_1356', 'ESM2_560')",0.2343401194494249,1.3599999999999999,0.5720380836145974,2,1,61,63
10,"('InterPLM_esm2-650m_L24_mean_198', 'ESM2_295', 'ESM2_535', 'ESM2_403', 'ESM2_402', 'ESM2_102', 'ESM2_172', 'ESM2_43', 'InterPLM_esm2-650m_L24_mean_1356', 'ESM2_574')",0.24716345462709646,1.33,0.5720144182389675,2,1,58,60
10,"('InterPLM_esm2-650m_L24_mean_198', 'ESM2_295', 'ESM2_535', 'ESM2_403', 'ESM2_402', 'ESM2_102', 'ESM2_172', 'ESM2_803', 'InterPLM_esm2-650m_L24_mean_949', 'InterPLM_esm2-650m_L24_mean_10015')",0.22132257779910633,1.3900000000000001,0.5719258044593745,4,0,64,64
10,"('InterPLM_esm2-650m_L24_mean_198', 'ESM2_295', 'ESM2_535', 'ESM2_403', 'ESM2_402', 'ESM2_102', 'ESM2_172', 'ESM2_43', 'InterPLM_esm2-650m_L24_mean_6997', 'ESM2_1277')",0.2297881476174381,1.37,0.5718517033322067,3,2,62,62
10,"('InterPLM_esm2-650m_L24_mean_198', 'ESM2_295', 'ESM2_535', 'ESM2_403', 'ESM2_402', 'ESM2_102', 'ESM2_172', 'ESM2_578', 'ESM2_406', 'ESM2_521')",0.24257446785988335,1.34,0.5718021275019184,2,0,59,61
10,"('InterPLM_esm2-650m_L24_mean_198', 'ESM2_295', 'ESM2_535', 'ESM2_403', 'ESM2_402', 'ESM2_102', 'ESM2_172', 'ESM2_43', 'ESM2_578', 'MOL_WEIGHT')",0.2468056468973959,1.33,0.5717639528281772,2,1,58,60
10,"('InterPLM_esm2-650m_L24_mean_198', 'ESM2_295', 'ESM2_535', 'ESM2_403', 'ESM2_402', 'ESM2_102', 'ESM2_172', 'ESM2_43', 'ESM2_560', 'ESM2_1271')",0.251078759741766,1.32,0.5717551318192362,2,1,57,57
10,"('InterPLM_esm2-650m_L24_mean_198', 'ESM2_295', 'ESM2_535', 'ESM2_403', 'ESM2_402', 'ESM2_102', 'ESM2_172', 'ESM2_43', 'InterPLM_esm2-650m_L24_mean_1356', 'ESM2_34')",0.23820532452833076,1.35,0.5717437271698316,2,1,60,62
10,"('InterPLM_esm2-650m_L24_mean_198', 'ESM2_295', 'ESM2_535', 'ESM2_403', 'ESM2_402', 'ESM2_102', 'ESM2_172', 'ESM2_43', 'ESM2_917', 'ESM2_1048')",0.23816194811543961,1.35,0.5717133636808077,2,0,60,62
10,"('InterPLM_esm2-650m_L24_mean_198', 'ESM2_295', 'ESM2_535', 'ESM2_403', 'ESM2_402', 'ESM2_102', 'ESM2_172', 'ESM2_803', 'ESM2_917', 'ESM2_518')",0.22955312566454694,1.37,0.5716871879651829,2,1,62,62
10,"('InterPLM_esm2-650m_L24_mean_198', 'ESM2_295', 'ESM2_535', 'ESM2_403', 'ESM2_402', 'ESM2_102', 'ESM2_172', 'ESM2_803', 'ESM2_917', 'ESM2_1048')",0.22954681289567155,1.37,0.5716827690269701,2,0,62,62
10,"('InterPLM_esm2-650m_L24_mean_198', 'ESM2_295', 'ESM2_535', 'ESM2_403', 'ESM2_402', 'ESM2_102', 'ESM2_172', 'ESM2_43', 'ESM2_917', 'ESM2_276')",0.2552464931144734,1.31,0.5716725451801314,3,2,56,56
10,"('InterPLM_esm2-650m_L24_mean_198', 'ESM2_295', 'ESM2_535', 'ESM2_403', 'ESM2_402', 'ESM2_102', 'ESM2_172', 'ESM2_803', 'InterPLM_esm2-650m_L24_mean_1356', 'MOL_WEIGHT')",0.22095505425972828,1.3900000000000001,0.5716685379818098,2,0,64,64
10,"('InterPLM_esm2-650m_L24_mean_198', 'ESM2_295', 'ESM2_535', 'ESM2_403', 'ESM2_402', 'ESM2_102', 'ESM2_172', 'ESM2_803', 'ESM2_917', 'ESM2_960')",0.22950137940076148,1.37,0.5716509655805331,2,0,62,62
10,"('InterPLM_esm2-650m_L24_mean_198', 'ESM2_295', 'ESM2_535', 'ESM2_403', 'ESM2_402', 'ESM2_102', 'ESM2_172', 'ESM2_803', 'ESM2_1277', 'ESM2_521')",0.24212080404712483,1.34,0.5714845628329874,2,1,59,59
10,"('InterPLM_esm2-650m_L24_mean_198', 'ESM2_295', 'ESM2_535', 'ESM2_403', 'ESM2_402', 'ESM2_102', 'ESM2_172', 'ESM2_43', 'ESM2_574', 'MOL_WEIGHT')",0.2548958617747802,1.31,0.5714271032423461,2,1,56,58
10,"('InterPLM_esm2-650m_L24_mean_198', 'ESM2_295', 'ESM2_535', 'ESM2_403', 'ESM2_402', 'ESM2_102', 'ESM2_172', 'ESM2_578', 'InterPLM_esm2-650m_L24_mean_1774', 'ESM2_1271')",0.22058503700885435,1.3900000000000001,0.5714095259061981,3,2,64,64
10,"('InterPLM_esm2-650m_L24_mean_198', 'ESM2_295', 'ESM2_535', 'ESM2_403', 'ESM2_402', 'ESM2_102', 'ESM2_172', 'ESM2_803', 'ESM2_521', 'ESM2_1271')",0.24623480555507563,1.33,0.5713643638885529,2,1,58,58
10,"('InterPLM_esm2-650m_L24_mean_198', 'ESM2_295', 'ESM2_535', 'ESM2_403', 'ESM2_402', 'ESM2_102', 'ESM2_172', 'ESM2_43', 'InterPLM_esm2-650m_L24_mean_6997', 'ESM2_917')",0.24183229762243627,1.34,0.5712826083357054,2,0,59,61
10,"('InterPLM_esm2-650m_L24_mean_198', 'ESM2_295', 'ESM2_535', 'ESM2_403', 'ESM2_402', 'ESM2_102', 'ESM2_172', 'ESM2_43', 'InterPLM_esm2-650m_L24_mean_1917', 'ESM2_574')",0.2545140806908767,1.31,0.5711598564836137,2,0,56,56
10,"('InterPLM_esm2-650m_L24_mean_198', 'ESM2_295', 'ESM2_535', 'ESM2_403', 'ESM2_402', 'ESM2_102', 'ESM2_172', 'ESM2_578', 'InterPLM_esm2-650m_L24_mean_7025', 'ESM2_82')",0.24164688733368925,1.34,0.5711528211335825,2,1,59,59
10,"('InterPLM_esm2-650m_L24_mean_198', 'ESM2_295', 'ESM2_535', 'ESM2_403', 'ESM2_402', 'ESM2_102', 'ESM2_172', 'ESM2_43', 'ESM2_803', 'ESM2_521')",0.2369510535147916,1.35,0.5708657374603541,2,1,60,60
10,"('InterPLM_esm2-650m_L24_mean_198', 'ESM2_295', 'ESM2_535', 'ESM2_403', 'ESM2_402', 'ESM2_102', 'ESM2_172', 'ESM2_43', 'ESM2_40', 'MOL_WEIGHT')",0.24971397046516183,1.32,0.5707997793256133,2,1,57,59
10,"('InterPLM_esm2-650m_L24_mean_198', 'ESM2_295', 'ESM2_535', 'ESM2_403', 'ESM2_402', 'ESM2_102', 'ESM2_172', 'ESM2_578', 'ESM2_3', 'MOL_WEIGHT')",0.25824712406984407,1.3,0.5707729868488909,2,0,55,57
10,"('InterPLM_esm2-650m_L24_mean_198', 'ESM2_295', 'ESM2_535', 'ESM2_403', 'ESM2_402', 'ESM2_102', 'ESM2_172', 'ESM2_43', 'ESM2_1277', 'ESM2_521')",0.24110329878743578,1.34,0.570772309151205,2,0,59,59
10,"('InterPLM_esm2-650m_L24_mean_198', 'ESM2_295', 'ESM2_535', 'ESM2_403', 'ESM2_402', 'ESM2_102', 'ESM2_172', 'ESM2_43', 'ESM2_578', 'InterPLM_esm2-650m_L24_mean_1774')",0.24937304721627604,1.32,0.5705611330513932,2,1,57,57
10,"('InterPLM_esm2-650m_L24_mean_198', 'ESM2_295', 'ESM2_535', 'ESM2_403', 'ESM2_402', 'ESM2_102', 'ESM2_172', 'ESM2_43', 'InterPLM_esm2-650m_L24_mean_10015', 'ESM2_560')",0.2492783171795695,1.32,0.5704948220256987,2,0,57,59
10,"('InterPLM_esm2-650m_L24_mean_198', 'ESM2_295', 'ESM2_535', 'ESM2_403', 'ESM2_402', 'ESM2_102', 'ESM2_172', 'ESM2_43', 'InterPLM_esm2-650m_L24_mean_1917', 'MOL_WEIGHT')",0.23638527772006732,1.35,0.5704696944040472,3,1,60,60
10,"('InterPLM_esm2-650m_L24_mean_198', 'ESM2_295', 'ESM2_535', 'ESM2_403', 'ESM2_402', 'ESM2_102', 'ESM2_172', 'ESM2_578', 'ESM2_917', 'ESM2_1271')",0.24483660359410417,1.33,0.570385622515873,2,1,58,58
10,"('InterPLM_esm2-650m_L24_mean_198', 'ESM2_295', 'ESM2_535', 'ESM2_403', 'ESM2_402', 'ESM2_102', 'ESM2_172', 'ESM2_43', 'InterPLM_esm2-650m_L24_mean_1917', 'InterPLM_esm2-650m_L24_mean_1356')",0.2448024905971276,1.33,0.5703617434179893,2,1,58,58
10,"('InterPLM_esm2-650m_L24_mean_198', 'ESM2_295', 'ESM2_535', 'ESM2_403', 'ESM2_402', 'ESM2_102', 'ESM2_172', 'ESM2_803', 'ESM2_578', 'ESM2_276')",0.223198219959156,1.38,0.5702387539714091,2,1,63,63
10,"('InterPLM_esm2-650m_L24_mean_198', 'ESM2_295', 'ESM2_535', 'ESM2_403', 'ESM2_402', 'ESM2_102', 'ESM2_172', 'ESM2_803', 'ESM2_917', 'ESM2_746')",0.23167298498084796,1.3599999999999999,0.5701710894865936,2,1,61,61
10,"('InterPLM_esm2-650m_L24_mean_198', 'ESM2_295', 'ESM2_535', 'ESM2_403', 'ESM2_402', 'ESM2_102', 'ESM2_172', 'ESM2_578', 'ESM2_574', 'ESM2_518')",0.23586118533275668,1.35,0.5701028297329297,4,1,60,60
10,"('InterPLM_esm2-650m_L24_mean_198', 'ESM2_295', 'ESM2_535', 'ESM2_403', 'ESM2_402', 'ESM2_102', 'ESM2_172', 'ESM2_43', 'ESM2_917', 'ESM2_1277')",0.2443768932009676,1.33,0.5700638252406773,2,0,58,58
10,"('InterPLM_esm2-650m_L24_mean_198', 'ESM2_295', 'ESM2_535', 'ESM2_403', 'ESM2_402', 'ESM2_102', 'ESM2_172', 'ESM2_578', 'ESM2_34', 'ESM2_406')",0.24861625085572725,1.32,0.5700313755990091,2,1,57,59
10,"('InterPLM_esm2-650m_L24_mean_198', 'ESM2_295', 'ESM2_535', 'ESM2_403', 'ESM2_402', 'ESM2_102', 'ESM2_172', 'ESM2_578', 'ESM2_2', 'ESM2_276')",0.24413252412466693,1.33,0.5698927668872669,2,1,58,58
10,"('InterPLM_esm2-650m_L24_mean_198', 'ESM2_295', 'ESM2_535', 'ESM2_403', 'ESM2_402', 'ESM2_102', 'ESM2_172', 'ESM2_803', 'InterPLM_esm2-650m_L24_mean_1356', 'ESM2_1271')",0.22694402883686213,1.37,0.5698608201858035,2,1,62,62
10,"('InterPLM_esm2-650m_L24_mean_198', 'ESM2_295', 'ESM2_535', 'ESM2_403', 'ESM2_402', 'ESM2_102', 'ESM2_172', 'ESM2_43', 'ESM2_917', 'ESM2_34')",0.2397349781622271,1.34,0.569814484713559,2,1,59,61
10,"('InterPLM_esm2-650m_L24_mean_198', 'ESM2_295', 'ESM2_535', 'ESM2_403', 'ESM2_402', 'ESM2_102', 'ESM2_172', 'ESM2_43', 'InterPLM_esm2-650m_L24_mean_1774', 'ESM2_1271')",0.252583877692568,1.31,0.5698087143847976,2,1,56,56
10,"('InterPLM_esm2-650m_L24_mean_198', 'ESM2_295', 'ESM2_535', 'ESM2_403', 'ESM2_402', 'ESM2_102', 'ESM2_172', 'ESM2_803', 'ESM2_406', 'ESM2_521')",0.23961017597036058,1.34,0.5697271231792524,3,0,59,60
10,"('InterPLM_esm2-650m_L24_mean_198', 'ESM2_295', 'ESM2_535', 'ESM2_403', 'ESM2_402', 'ESM2_102', 'ESM2_172', 'ESM2_803', 'ESM2_578', 'InterPLM_esm2-650m_L24_mean_10015')",0.23526589059979705,1.35,0.5696861234198579,2,0,60,62
10,"('InterPLM_esm2-650m_L24_mean_198', 'ESM2_295', 'ESM2_535', 'ESM2_403', 'ESM2_402', 'ESM2_102', 'ESM2_172', 'ESM2_803', 'InterPLM_esm2-650m_L24_mean_949', 'ESM2_518')",0.22228679225821524,1.38,0.5696007545807507,3,1,63,63
10,"('InterPLM_esm2-650m_L24_mean_198', 'ESM2_295', 'ESM2_535', 'ESM2_403', 'ESM2_402', 'ESM2_102', 'ESM2_172', 'ESM2_803', 'InterPLM_esm2-650m_L24_mean_6997', 'InterPLM_esm2-650m_L24_mean_10015')",0.22652032821991672,1.37,0.5695642297539417,2,1,62,62
10,"('InterPLM_esm2-650m_L24_mean_198', 'ESM2_295', 'ESM2_535', 'ESM2_403', 'ESM2_402', 'ESM2_102', 'ESM2_172', 'ESM2_578', 'ESM2_1048', 'ESM2_80')",0.22643992488523076,1.37,0.5695079474196616,2,0,62,64
10,"('InterPLM_esm2-650m_L24_mean_198', 'ESM2_295', 'ESM2_535', 'ESM2_403', 'ESM2_402', 'ESM2_102', 'ESM2_172', 'ESM2_578', 'InterPLM_esm2-650m_L24_mean_949', 'MOL_WEIGHT')",0.21764123561134346,1.3900000000000001,0.5693488649279405,2,0,64,64
10,"('InterPLM_esm2-650m_L24_mean_198', 'ESM2_295', 'ESM2_535', 'ESM2_403', 'ESM2_402', 'ESM2_102', 'ESM2_172', 'ESM2_803', 'ESM2_917', 'ESM2_34')",0.23045625353057056,1.3599999999999999,0.5693193774713994,2,0,61,61
10,"('InterPLM_esm2-650m_L24_mean_198', 'ESM2_295', 'ESM2_535', 'ESM2_403', 'ESM2_402', 'ESM2_102', 'ESM2_172', 'InterPLM_esm2-650m_L24_mean_1917', 'ESM2_848', 'ESM2_776')",0.23030667523553713,1.3599999999999999,0.5692146726648759,3,0,61,62
10,"('InterPLM_esm2-650m_L24_mean_198', 'ESM2_295', 'ESM2_535', 'ESM2_403', 'ESM2_402', 'ESM2_102', 'ESM2_172', 'ESM2_578', 'ESM2_2', 'ESM2_746')",0.22582338620713366,1.37,0.5690763703449936,2,0,62,64
10,"('InterPLM_esm2-650m_L24_mean_198', 'ESM2_295', 'ESM2_535', 'ESM2_403', 'ESM2_402', 'ESM2_102', 'ESM2_172', 'ESM2_43', 'InterPLM_esm2-650m_L24_mean_949', 'InterPLM_esm2-650m_L24_mean_1356')",0.2427921416411729,1.33,0.568954499148821,2,1,58,60
10,"('InterPLM_esm2-650m_L24_mean_198', 'ESM2_295', 'ESM2_535', 'ESM2_403', 'ESM2_402', 'ESM2_102', 'ESM2_172', 'ESM2_803', 'InterPLM_esm2-650m_L24_mean_1774', 'ESM2_1271')",0.23848346530414402,1.34,0.5689384257129009,2,1,59,59
10,"('InterPLM_esm2-650m_L24_mean_198', 'ESM2_295', 'ESM2_535', 'ESM2_403', 'ESM2_402', 'ESM2_102', 'ESM2_172', 'ESM2_578', 'ESM2_960', 'ESM2_776')",0.21686895448361906,1.3900000000000001,0.5688082681385334,2,1,64,66
10,"('InterPLM_esm2-650m_L24_mean_198', 'ESM2_295', 'ESM2_535', 'ESM2_403', 'ESM2_402', 'ESM2_102', 'ESM2_172', 'ESM2_578', 'ESM2_917', 'ESM2_746')",0.22971891713407222,1.3599999999999999,0.5688032419938505,2,1,61,61
10,"('InterPLM_esm2-650m_L24_mean_198', 'ESM2_295', 'ESM2_535', 'ESM2_403', 'ESM2_402', 'ESM2_102', 'ESM2_172', 'ESM2_43', 'ESM2_803', 'ESM2_574')",0.22104710560516908,1.38,0.5687329739236183,3,0,63,63
10,"('InterPLM_esm2-650m_L24_mean_198', 'ESM2_295', 'ESM2_535', 'ESM2_403', 'ESM2_402', 'ESM2_102', 'ESM2_172', 'ESM2_578', 'InterPLM_esm2-650m_L24_mean_6997', 'ESM2_521')",0.24243457878525368,1.33,0.5687042051496776,2,1,58,58
10,"('InterPLM_esm2-650m_L24_mean_198', 'ESM2_295', 'ESM2_535', 'ESM2_403', 'ESM2_402', 'ESM2_102', 'ESM2_172', 'ESM2_578', 'InterPLM_esm2-650m_L24_mean_949', 'ESM2_1271')",0.2338618836054303,1.35,0.5687033185238013,2,0,60,62
10,"('InterPLM_esm2-650m_L24_mean_198', 'ESM2_295', 'ESM2_535', 'ESM2_403', 'ESM2_402', 'ESM2_102', 'ESM2_172', 'ESM2_578', 'InterPLM_esm2-650m_L24_mean_1774', 'ESM2_521')",0.25096050071873954,1.31,0.5686723505031177,2,1,56,56
10,"('InterPLM_esm2-650m_L24_mean_198', 'ESM2_295', 'ESM2_535', 'ESM2_403', 'ESM2_402', 'ESM2_102', 'ESM2_172', 'ESM2_578', 'InterPLM_esm2-650m_L24_mean_1356', 'MOL_WEIGHT')",0.2165497277653937,1.3900000000000001,0.5685848094357756,2,1,64,64
10,"('InterPLM_esm2-650m_L24_mean_198', 'ESM2_295', 'ESM2_535', 'ESM2_403', 'ESM2_402', 'ESM2_102', 'ESM2_172', 'ESM2_578', 'InterPLM_esm2-650m_L24_mean_7025', 'ESM2_776')",0.22502676880929573,1.37,0.568518738166507,4,1,62,62
10,"('InterPLM_esm2-650m_L24_mean_198', 'ESM2_295', 'ESM2_535', 'ESM2_403', 'ESM2_402', 'ESM2_102', 'ESM2_172', 'ESM2_43', 'InterPLM_esm2-650m_L24_mean_10015', 'InterPLM_esm2-650m_L24_mean_1356')",0.2506101360531891,1.31,0.5684270952372323,2,0,56,58
10,"('InterPLM_esm2-650m_L24_mean_198', 'ESM2_295', 'ESM2_535', 'ESM2_403', 'ESM2_402', 'ESM2_102', 'ESM2_172', 'ESM2_803', 'InterPLM_esm2-650m_L24_mean_10015', 'ESM2_521')",0.2417837691778757,1.33,0.568248638424513,2,1,58,58
10,"('InterPLM_esm2-650m_L24_mean_198', 'ESM2_295', 'ESM2_535', 'ESM2_403', 'ESM2_402', 'ESM2_102', 'ESM2_172', 'ESM2_578', 'InterPLM_esm2-650m_L24_mean_7025', 'ESM2_960')",0.22844538687959215,1.3599999999999999,0.5679117708157144,2,1,61,61
10,"('InterPLM_esm2-650m_L24_mean_198', 'ESM2_295', 'ESM2_535', 'ESM2_403', 'ESM2_402', 'ESM2_102', 'ESM2_172', 'ESM2_803', 'ESM2_80', 'ESM2_34')",0.22836983113566853,1.3599999999999999,0.5678588817949679,2,1,61,63
10,"('InterPLM_esm2-650m_L24_mean_198', 'ESM2_295', 'ESM2_535', 'ESM2_403', 'ESM2_402', 'ESM2_102', 'ESM2_172', 'ESM2_578', 'ESM2_40', 'ESM2_521')",0.21976738998536952,1.38,0.5678371729897587,3,2,63,63
10,"('InterPLM_esm2-650m_L24_mean_198', 'ESM2_295', 'ESM2_535', 'ESM2_403', 'ESM2_402', 'ESM2_102', 'ESM2_172', 'ESM2_578', 'InterPLM_esm2-650m_L24_mean_7025', 'MOL_WEIGHT')",0.2283147749794808,1.3599999999999999,0.5678203424856365,2,1,61,61
10,"('InterPLM_esm2-650m_L24_mean_198', 'ESM2_295', 'ESM2_535', 'ESM2_403', 'ESM2_402', 'ESM2_102', 'ESM2_172', 'ESM2_43', 'ESM2_917', 'ESM2_1271')",0.25396554278358613,1.3,0.5677758799485103,2,0,55,57
10,"('InterPLM_esm2-650m_L24_mean_198', 'ESM2_295', 'ESM2_535', 'ESM2_403', 'ESM2_402', 'ESM2_102', 'ESM2_172', 'ESM2_43', 'InterPLM_esm2-650m_L24_mean_949', 'InterPLM_esm2-650m_L24_mean_1774')",0.24963809508693824,1.31,0.5677466665608568,2,1,56,56
10,"('InterPLM_esm2-650m_L24_mean_198', 'ESM2_295', 'ESM2_535', 'ESM2_403', 'ESM2_402', 'ESM2_102', 'ESM2_172', 'ESM2_578', 'ESM2_776', 'ESM2_518')",0.22388347751992263,1.37,0.5677184342639459,4,2,62,62
10,"('InterPLM_esm2-650m_L24_mean_198', 'ESM2_295', 'ESM2_535', 'ESM2_403', 'ESM2_402', 'ESM2_102', 'ESM2_172', 'ESM2_43', 'InterPLM_esm2-650m_L24_mean_10015', 'ESM2_521')",0.2495929713100803,1.31,0.5677150799170563,2,0,56,58
10,"('InterPLM_esm2-650m_L24_mean_198', 'ESM2_295', 'ESM2_535', 'ESM2_403', 'ESM2_402', 'ESM2_102', 'ESM2_172', 'ESM2_578', 'InterPLM_esm2-650m_L24_mean_7025', 'ESM2_80')",0.22815602658372147,1.3599999999999999,0.567709218608605,2,0,61,63
10,"('InterPLM_esm2-650m_L24_mean_198', 'ESM2_295', 'ESM2_535', 'ESM2_403', 'ESM2_402', 'ESM2_102', 'ESM2_172', 'ESM2_43', 'InterPLM_esm2-650m_L24_mean_1917', 'InterPLM_esm2-650m_L24_mean_10015')",0.2580455714891405,1.29,0.5676319000423984,2,0,54,56
10,"('InterPLM_esm2-650m_L24_mean_198', 'ESM2_295', 'ESM2_535', 'ESM2_403', 'ESM2_402', 'ESM2_102', 'ESM2_172', 'ESM2_578', 'ESM2_574', 'ESM2_406')",0.2362923719051098,1.34,0.5674046603335768,3,0,59,60
10,"('InterPLM_esm2-650m_L24_mean_198', 'ESM2_295', 'ESM2_535', 'ESM2_403', 'ESM2_402', 'ESM2_102', 'ESM2_172', 'ESM2_43', 'ESM2_1048', 'ESM2_574')",0.24486166567492415,1.32,0.5674031659724469,2,0,57,59
10,"('InterPLM_esm2-650m_L24_mean_198', 'ESM2_295', 'ESM2_535', 'ESM2_403', 'ESM2_402', 'ESM2_102', 'ESM2_172', 'ESM2_578', 'ESM2_276', 'ESM2_518')",0.23173712465660243,1.35,0.5672159872596217,2,1,60,62
10,"('InterPLM_esm2-650m_L24_mean_198', 'ESM2_295', 'ESM2_535', 'ESM2_403', 'ESM2_402', 'ESM2_102', 'ESM2_172', 'ESM2_43', 'ESM2_521', 'MOL_WEIGHT')",0.2443966757438482,1.32,0.5670776730206938,2,0,57,59
10,"('InterPLM_esm2-650m_L24_mean_198', 'ESM2_295', 'ESM2_535', 'ESM2_403', 'ESM2_402', 'ESM2_102', 'ESM2_172', 'ESM2_43', 'ESM2_40', 'ESM2_34')",0.23990179127331104,1.33,0.5669312538913177,2,0,58,60
10,"('InterPLM_esm2-650m_L24_mean_198', 'ESM2_295', 'ESM2_535', 'ESM2_403', 'ESM2_402', 'ESM2_102', 'ESM2_172', 'ESM2_803', 'InterPLM_esm2-650m_L24_mean_7025', 'ESM2_1271')",0.23559676749147418,1.34,0.5669177372440319,3,1,59,59
10,"('InterPLM_esm2-650m_L24_mean_198', 'ESM2_295', 'ESM2_535', 'ESM2_403', 'ESM2_402', 'ESM2_102', 'ESM2_172', 'ESM2_803', 'ESM2_1277', 'ESM2_960')",0.20533374009477984,1.4100000000000001,0.5667336180663459,3,2,66,66
10,"('InterPLM_esm2-650m_L24_mean_198', 'ESM2_295', 'ESM2_535', 'ESM2_403', 'ESM2_402', 'ESM2_102', 'ESM2_172', 'ESM2_43', 'ESM2_1277', 'MOL_WEIGHT')",0.24384651756730025,1.32,0.5666925622971102,2,0,57,59
10,"('InterPLM_esm2-650m_L24_mean_198', 'ESM2_295', 'ESM2_535', 'ESM2_403', 'ESM2_402', 'ESM2_102', 'ESM2_172', 'ESM2_803', 'ESM2_560', 'ESM2_521')",0.23932508161954047,1.33,0.5665275571336783,2,0,58,58
10,"('InterPLM_esm2-650m_L24_mean_198', 'ESM2_295', 'ESM2_535', 'ESM2_403', 'ESM2_402', 'ESM2_102', 'ESM2_172', 'ESM2_43', 'InterPLM_esm2-650m_L24_mean_10015', 'MOL_WEIGHT')",0.25646224644382837,1.29,0.5665235725106799,2,0,54,56
10,"('InterPLM_esm2-650m_L24_mean_198', 'ESM2_295', 'ESM2_535', 'ESM2_403', 'ESM2_402', 'ESM2_102', 'ESM2_172', 'ESM2_43', 'ESM2_776', 'ESM2_34')",0.23923931493133252,1.33,0.5664675204519327,2,0,58,60
10,"('InterPLM_esm2-650m_L24_mean_198', 'ESM2_295', 'ESM2_535', 'ESM2_403', 'ESM2_402', 'ESM2_102', 'ESM2_172', 'ESM2_43', 'InterPLM_esm2-650m_L24_mean_949', 'InterPLM_esm2-650m_L24_mean_10015')",0.25628042689679176,1.29,0.5663962988277542,2,0,54,56
10,"('InterPLM_esm2-650m_L24_mean_198', 'ESM2_295', 'ESM2_535', 'ESM2_403', 'ESM2_402', 'ESM2_102', 'ESM2_172', 'ESM2_578', 'ESM2_917', 'MOL_WEIGHT')",0.23906536551728388,1.33,0.5663457558620988,2,1,58,58
10,"('InterPLM_esm2-650m_L24_mean_198', 'ESM2_295', 'ESM2_535', 'ESM2_403', 'ESM2_402', 'ESM2_102', 'ESM2_172', 'ESM2_43', 'ESM2_40', 'ESM2_276')",0.24309426878686902,1.32,0.5661659881508083,3,1,57,57
10,"('InterPLM_esm2-650m_L24_mean_198', 'ESM2_295', 'ESM2_535', 'ESM2_403', 'ESM2_402', 'ESM2_102', 'ESM2_172', 'ESM2_43', 'InterPLM_esm2-650m_L24_mean_6997', 'InterPLM_esm2-650m_L24_mean_1774')",0.24304429154279455,1.32,0.5661310040799562,3,2,57,57
10,"('InterPLM_esm2-650m_L24_mean_198', 'ESM2_295', 'ESM2_535', 'ESM2_403', 'ESM2_402', 'ESM2_102', 'ESM2_172', 'ESM2_578', 'ESM2_1277', 'MOL_WEIGHT')",0.22143918502953355,1.37,0.5660074295206735,2,1,62,62
10,"('InterPLM_esm2-650m_L24_mean_198', 'ESM2_295', 'ESM2_535', 'ESM2_403', 'ESM2_402', 'ESM2_102', 'ESM2_172', 'ESM2_578', 'ESM2_521', 'ESM2_1271')",0.24285232821914593,1.32,0.5659966297534021,2,1,57,57
10,"('InterPLM_esm2-650m_L24_mean_198', 'ESM2_295', 'ESM2_535', 'ESM2_403', 'ESM2_402', 'ESM2_102', 'ESM2_172', 'ESM2_578', 'ESM2_917', 'ESM2_518')",0.23421649662016594,1.34,0.5659515476341161,2,0,59,61
10,"('InterPLM_esm2-650m_L24_mean_198', 'ESM2_295', 'ESM2_535', 'ESM2_403', 'ESM2_402', 'ESM2_102', 'ESM2_172', 'ESM2_803', 'ESM2_578', 'InterPLM_esm2-650m_L24_mean_1356')",0.21273926567523796,1.3900000000000001,0.5659174859726666,2,0,64,64
10,"('InterPLM_esm2-650m_L24_mean_198', 'ESM2_295', 'ESM2_535', 'ESM2_403', 'ESM2_402', 'ESM2_102', 'ESM2_172', 'ESM2_43', 'ESM2_803', 'InterPLM_esm2-650m_L24_mean_10015')",0.2511984028262121,1.3,0.5658388819783484,2,0,55,57
10,"('InterPLM_esm2-650m_L24_mean_198', 'ESM2_295', 'ESM2_535', 'ESM2_403', 'ESM2_402', 'ESM2_102', 'ESM2_172', 'ESM2_578', 'ESM2_746', 'MOL_WEIGHT')",0.21252634615426752,1.3900000000000001,0.5657684423079873,2,1,64,64
10,"('InterPLM_esm2-650m_L24_mean_198', 'ESM2_295', 'ESM2_535', 'ESM2_403', 'ESM2_402', 'ESM2_102', 'ESM2_172', 'ESM2_578', 'ESM2_34', 'MOL_WEIGHT')",0.23820152403449296,1.33,0.565741066824145,2,1,58,60
10,"('InterPLM_esm2-650m_L24_mean_198', 'ESM2_295', 'ESM2_535', 'ESM2_403', 'ESM2_402', 'ESM2_102', 'ESM2_172', 'ESM2_803', 'InterPLM_esm2-650m_L24_mean_7025', 'InterPLM_esm2-650m_L24_mean_10015')",0.23813835409570036,1.33,0.5656968478669903,5,1,58,58
10,"('InterPLM_esm2-650m_L24_mean_198', 'ESM2_295', 'ESM2_535', 'ESM2_403', 'ESM2_402', 'ESM2_102', 'ESM2_172', 'ESM2_578', 'ESM2_80', 'ESM2_776')",0.2208570612473858,1.37,0.5655999428731701,2,1,62,64
10,"('InterPLM_esm2-650m_L24_mean_198', 'ESM2_295', 'ESM2_535', 'ESM2_403', 'ESM2_402', 'ESM2_102', 'ESM2_172', 'ESM2_43', 'InterPLM_esm2-650m_L24_mean_6997', 'InterPLM_esm2-650m_L24_mean_10015')",0.25065720894004706,1.3,0.5654600462580329,2,1,55,57
10,"('InterPLM_esm2-650m_L24_mean_198', 'ESM2_295', 'ESM2_535', 'ESM2_403', 'ESM2_402', 'ESM2_102', 'ESM2_172', 'ESM2_43', 'ESM2_1277', 'ESM2_574')",0.24634354459767496,1.31,0.5654404812183724,2,0,56,58
10,"('InterPLM_esm2-650m_L24_mean_198', 'ESM2_295', 'ESM2_535', 'ESM2_403', 'ESM2_402', 'ESM2_102', 'ESM2_172', 'ESM2_578', 'ESM2_276', 'ESM2_521')",0.24617430903906617,1.31,0.5653220163273464,2,1,56,56
10,"('InterPLM_esm2-650m_L24_mean_198', 'ESM2_295', 'ESM2_535', 'ESM2_403', 'ESM2_402', 'ESM2_102', 'ESM2_172', 'ESM2_578', 'InterPLM_esm2-650m_L24_mean_949', 'ESM2_746')",0.21609236066761525,1.38,0.5652646524673306,2,0,63,63
10,"('InterPLM_esm2-650m_L24_mean_198', 'ESM2_295', 'ESM2_535', 'ESM2_403', 'ESM2_402', 'ESM2_102', 'ESM2_172', 'ESM2_43', 'InterPLM_esm2-650m_L24_mean_1774', 'InterPLM_esm2-650m_L24_mean_10015')",0.2589021790739954,1.28,0.5652315253517968,2,0,53,55
10,"('InterPLM_esm2-650m_L24_mean_198', 'ESM2_295', 'ESM2_535', 'ESM2_403', 'ESM2_402', 'ESM2_102', 'ESM2_172', 'ESM2_43', 'ESM2_560', 'ESM2_34')",0.23744954237274107,1.33,0.5652146796609188,2,0,58,60
10,"('InterPLM_esm2-650m_L24_mean_198', 'ESM2_295', 'ESM2_535', 'ESM2_403', 'ESM2_402', 'ESM2_102', 'ESM2_172', 'ESM2_803', 'ESM2_34', 'ESM2_521')",0.23739532343061254,1.33,0.5651767264014288,2,1,58,58
10,"('InterPLM_esm2-650m_L24_mean_198', 'ESM2_295', 'ESM2_535', 'ESM2_403', 'ESM2_402', 'ESM2_102', 'ESM2_172', 'ESM2_578', 'ESM2_3', 'ESM2_574')",0.25858873288225515,1.28,0.5650121130175786,2,1,53,55
10,"('InterPLM_esm2-650m_L24_mean_198', 'ESM2_295', 'ESM2_535', 'ESM2_403', 'ESM2_402', 'ESM2_102', 'ESM2_172', 'ESM2_43', 'ESM2_1048', 'ESM2_34')",0.2370741809270886,1.33,0.564951926648962,2,0,58,60
10,"('InterPLM_esm2-650m_L24_mean_198', 'ESM2_295', 'ESM2_535', 'ESM2_403', 'ESM2_402', 'ESM2_102', 'ESM2_172', 'ESM2_803', 'ESM2_578', 'ESM2_746')",0.21131940892728032,1.3900000000000001,0.5649235862490962,2,0,64,64
10,"('InterPLM_esm2-650m_L24_mean_198', 'ESM2_295', 'ESM2_535', 'ESM2_403', 'ESM2_402', 'ESM2_102', 'ESM2_172', 'ESM2_803', 'ESM2_917', 'InterPLM_esm2-650m_L24_mean_10015')",0.2368951639289994,1.33,0.5648266147502996,2,1,58,58
10,"('InterPLM_esm2-650m_L24_mean_198', 'ESM2_295', 'ESM2_535', 'ESM2_403', 'ESM2_402', 'ESM2_102', 'ESM2_172', 'ESM2_43', 'ESM2_1277', 'InterPLM_esm2-650m_L24_mean_10015')",0.24949187272760975,1.3,0.5646443109093269,2,0,55,57
10,"('InterPLM_esm2-650m_L24_mean_198', 'ESM2_295', 'ESM2_535', 'ESM2_403', 'ESM2_402', 'ESM2_102', 'ESM2_172', 'ESM2_43', 'InterPLM_esm2-650m_L24_mean_6997', 'ESM2_746')",0.22804982228921147,1.35,0.5646348756024481,3,2,60,60
10,"('InterPLM_esm2-650m_L24_mean_198', 'ESM2_295', 'ESM2_535', 'ESM2_403', 'ESM2_402', 'ESM2_102', 'ESM2_172', 'ESM2_803', 'InterPLM_esm2-650m_L24_mean_7025', 'MOL_WEIGHT')",0.2237533319508454,1.3599999999999999,0.5646273323655917,2,1,61,61
10,"('InterPLM_esm2-650m_L24_mean_198', 'ESM2_295', 'ESM2_535', 'ESM2_403', 'ESM2_402', 'ESM2_102', 'ESM2_172', 'ESM2_578', 'ESM2_746', 'ESM2_80')",0.2236536226794191,1.3599999999999999,0.5645575358755933,2,0,61,63
10,"('InterPLM_esm2-650m_L24_mean_198', 'ESM2_295', 'ESM2_535', 'ESM2_403', 'ESM2_402', 'ESM2_102', 'ESM2_172', 'ESM2_43', 'InterPLM_esm2-650m_L24_mean_10015', 'ESM2_2')",0.24931505493959144,1.3,0.564520538457714,2,1,55,57
10,"('InterPLM_esm2-650m_L24_mean_198', 'ESM2_295', 'ESM2_535', 'ESM2_403', 'ESM2_402', 'ESM2_102', 'ESM2_172', 'ESM2_43', 'ESM2_1048', 'ESM2_560')",0.23214768932148477,1.34,0.5645033825250394,2,0,59,61
10,"('InterPLM_esm2-650m_L24_mean_198', 'ESM2_295', 'ESM2_535', 'ESM2_403', 'ESM2_402', 'ESM2_102', 'ESM2_172', 'ESM2_43', 'InterPLM_esm2-650m_L24_mean_1774', 'ESM2_960')",0.2363917395563148,1.33,0.5644742176894204,3,1,58,58
10,"('InterPLM_esm2-650m_L24_mean_198', 'ESM2_295', 'ESM2_535', 'ESM2_403', 'ESM2_402', 'ESM2_102', 'ESM2_172', 'ESM2_578', 'ESM2_746', 'ESM2_518')",0.23201596621236587,1.34,0.5644111763486561,2,0,59,61
10,"('InterPLM_esm2-650m_L24_mean_198', 'ESM2_295', 'ESM2_535', 'ESM2_403', 'ESM2_402', 'ESM2_102', 'ESM2_172', 'ESM2_803', 'ESM2_1271', 'MOL_WEIGHT')",0.2275840447563182,1.35,0.5643088313294228,2,1,60,60
10,"('InterPLM_esm2-650m_L24_mean_198', 'ESM2_295', 'ESM2_535', 'ESM2_403', 'ESM2_402', 'ESM2_102', 'ESM2_172', 'ESM2_578', 'ESM2_2', 'ESM2_82')",0.24464130624499275,1.31,0.5642489143714949,2,0,56,58
10,"('InterPLM_esm2-650m_L24_mean_198', 'ESM2_295', 'ESM2_535', 'ESM2_403', 'ESM2_402', 'ESM2_102', 'ESM2_172', 'ESM2_803', 'ESM2_578', 'InterPLM_esm2-650m_L24_mean_949')",0.2188686868196653,1.37,0.5642080807737657,2,0,62,62
10,"('InterPLM_esm2-650m_L24_mean_198', 'ESM2_295', 'ESM2_535', 'ESM2_403', 'ESM2_402', 'ESM2_102', 'ESM2_172', 'ESM2_578', 'ESM2_3', 'ESM2_1277')",0.25730650128814775,1.28,0.5641145509017034,2,0,53,55
10,"('InterPLM_esm2-650m_L24_mean_198', 'ESM2_295', 'ESM2_535', 'ESM2_403', 'ESM2_402', 'ESM2_102', 'ESM2_172', 'ESM2_43', 'InterPLM_esm2-650m_L24_mean_1917', 'ESM2_34')",0.24864137606067682,1.3,0.5640489632424738,2,0,55,55
10,"('InterPLM_esm2-650m_L24_mean_198', 'ESM2_295', 'ESM2_535', 'ESM2_403', 'ESM2_402', 'ESM2_102', 'ESM2_172', 'ESM2_578', 'ESM2_574', 'ESM2_960')",0.23571608350925485,1.33,0.5640012584564784,2,1,58,58
10,"('InterPLM_esm2-650m_L24_mean_198', 'ESM2_295', 'ESM2_535', 'ESM2_403', 'ESM2_402', 'ESM2_102', 'ESM2_172', 'ESM2_43', 'InterPLM_esm2-650m_L24_mean_6997', 'ESM2_1048')",0.22698230007235984,1.35,0.5638876100506519,3,2,60,60
10,"('InterPLM_esm2-650m_L24_mean_198', 'ESM2_295', 'ESM2_535', 'ESM2_403', 'ESM2_402', 'ESM2_102', 'ESM2_172', 'ESM2_43', 'ESM2_917', 'ESM2_574')",0.2526103775459802,1.29,0.5638272642821861,2,1,54,56
10,"('InterPLM_esm2-650m_L24_mean_198', 'ESM2_295', 'ESM2_535', 'ESM2_403', 'ESM2_402', 'ESM2_102', 'ESM2_172', 'ESM2_578', 'ESM2_82', 'ESM2_80')",0.23107806057597183,1.34,0.5637546424031803,2,1,59,61
10,"('InterPLM_esm2-650m_L24_mean_198', 'ESM2_295', 'ESM2_535', 'ESM2_403', 'ESM2_402', 'ESM2_102', 'ESM2_172', 'InterPLM_esm2-650m_L24_mean_1917', 'InterPLM_esm2-650m_L24_mean_7025', 'ESM2_82')",0.24384525514498642,1.31,0.5636916786014905,2,0,56,58
10,"('InterPLM_esm2-650m_L24_mean_198', 'ESM2_295', 'ESM2_535', 'ESM2_403', 'ESM2_402', 'ESM2_102', 'ESM2_172', 'ESM2_578', 'InterPLM_esm2-650m_L24_mean_7025', 'ESM2_518')",0.23955103874358807,1.32,0.5636857271205117,2,1,57,59
10,"('InterPLM_esm2-650m_L24_mean_198', 'ESM2_295', 'ESM2_535', 'ESM2_403', 'ESM2_402', 'ESM2_102', 'ESM2_172', 'ESM2_578', 'InterPLM_esm2-650m_L24_mean_949', 'InterPLM_esm2-650m_L24_mean_1356')",0.21801520308504138,1.37,0.563610642159529,2,1,62,62
10,"('InterPLM_esm2-650m_L24_mean_198', 'ESM2_295', 'ESM2_535', 'ESM2_403', 'ESM2_402', 'ESM2_102', 'ESM2_172', 'ESM2_578', 'InterPLM_esm2-650m_L24_mean_7025', 'InterPLM_esm2-650m_L24_mean_10015')",0.24359247328022293,1.31,0.563514731296156,2,1,56,58
10,"('InterPLM_esm2-650m_L24_mean_198', 'ESM2_295', 'ESM2_535', 'ESM2_403', 'ESM2_402', 'ESM2_102', 'ESM2_172', 'ESM2_578', 'InterPLM_esm2-650m_L24_mean_6997', 'ESM2_518')",0.2259829360129765,1.35,0.5631880552090835,3,2,60,60
10,"('InterPLM_esm2-650m_L24_mean_198', 'ESM2_295', 'ESM2_535', 'ESM2_403', 'ESM2_402', 'ESM2_102', 'ESM2_172', 'ESM2_578', 'InterPLM_esm2-650m_L24_mean_6997', 'InterPLM_esm2-650m_L24_mean_10015')",0.23446406252689597,1.33,0.5631248437688272,2,0,58,60
10,"('InterPLM_esm2-650m_L24_mean_198', 'ESM2_295', 'ESM2_535', 'ESM2_403', 'ESM2_402', 'ESM2_102', 'ESM2_172', 'ESM2_578', 'InterPLM_esm2-650m_L24_mean_949', 'ESM2_521')",0.24300964336409384,1.31,0.5631067503548657,2,0,56,58
10,"('InterPLM_esm2-650m_L24_mean_198', 'ESM2_295', 'ESM2_535', 'ESM2_403', 'ESM2_402', 'ESM2_102', 'ESM2_172', 'ESM2_578', 'InterPLM_esm2-650m_L24_mean_6997', 'ESM2_82')",0.2258217905318604,1.35,0.5630752533723022,3,2,60,60
10,"('InterPLM_esm2-650m_L24_mean_198', 'ESM2_295', 'ESM2_535', 'ESM2_403', 'ESM2_402', 'ESM2_102', 'ESM2_172', 'ESM2_803', 'ESM2_746', 'ESM2_1271')",0.22147301269894967,1.3599999999999999,0.5630311088892648,2,0,61,61
10,"('InterPLM_esm2-650m_L24_mean_198', 'ESM2_295', 'ESM2_535', 'ESM2_403', 'ESM2_402', 'ESM2_102', 'ESM2_172', 'ESM2_803', 'ESM2_578', 'ESM2_1277')",0.2170539910064447,1.37,0.5629377937045114,2,1,62,62
10,"('InterPLM_esm2-650m_L24_mean_198', 'ESM2_295', 'ESM2_535', 'ESM2_403', 'ESM2_402', 'ESM2_102', 'ESM2_172', 'ESM2_803', 'ESM2_82', 'ESM2_960')",0.22537327068643173,1.35,0.5627612894805022,2,0,60,62
10,"('InterPLM_esm2-650m_L24_mean_198', 'ESM2_295', 'ESM2_535', 'ESM2_403', 'ESM2_402', 'ESM2_102', 'ESM2_172', 'ESM2_578', 'ESM2_82', 'MOL_WEIGHT')",0.22963863664648254,1.34,0.5627470456525379,2,1,59,59
10,"('InterPLM_esm2-650m_L24_mean_198', 'ESM2_295', 'ESM2_535', 'ESM2_403', 'ESM2_402', 'ESM2_102', 'ESM2_172', 'ESM2_578', 'ESM2_1277', 'ESM2_1048')",0.21665642717280598,1.37,0.5626594990209642,2,1,62,62
10,"('InterPLM_esm2-650m_L24_mean_198', 'ESM2_295', 'ESM2_535', 'ESM2_403', 'ESM2_402', 'ESM2_102', 'ESM2_172', 'ESM2_43', 'ESM2_578', 'ESM2_521')",0.23807352043955132,1.32,0.5626514643076859,2,0,57,59
10,"('InterPLM_esm2-650m_L24_mean_198', 'ESM2_295', 'ESM2_535', 'ESM2_403', 'ESM2_402', 'ESM2_102', 'ESM2_172', 'ESM2_43', 'ESM2_34', 'ESM2_521')",0.2380593209270362,1.32,0.5626415246489254,2,0,57,59
10,"('InterPLM_esm2-650m_L24_mean_198', 'ESM2_295', 'ESM2_535', 'ESM2_403', 'ESM2_402', 'ESM2_102', 'ESM2_172', 'ESM2_578', 'ESM2_560', 'ESM2_776')",0.22081798710766723,1.3599999999999999,0.562572590975367,2,1,61,63
10,"('InterPLM_esm2-650m_L24_mean_198', 'ESM2_295', 'ESM2_535', 'ESM2_403', 'ESM2_402', 'ESM2_102', 'ESM2_172', 'ESM2_43', 'ESM2_917', 'ESM2_560')",0.24132530232744676,1.31,0.5619277116292127,2,0,56,56
10,"('InterPLM_esm2-650m_L24_mean_198', 'ESM2_295', 'ESM2_535', 'ESM2_403', 'ESM2_402', 'ESM2_102', 'ESM2_172', 'ESM2_43', 'InterPLM_esm2-650m_L24_mean_1774', 'ESM2_34')",0.24988755511522917,1.29,0.5619212885806604,2,1,54,54
10,"('InterPLM_esm2-650m_L24_mean_198', 'ESM2_295', 'ESM2_535', 'ESM2_403', 'ESM2_402', 'ESM2_102', 'ESM2_172', 'ESM2_578', 'ESM2_776', 'ESM2_276')",0.21983988073767982,1.3599999999999999,0.5618879165163758,2,1,61,61
10,"('InterPLM_esm2-650m_L24_mean_198', 'ESM2_295', 'ESM2_535', 'ESM2_403', 'ESM2_402', 'ESM2_102', 'ESM2_172', 'ESM2_803', 'InterPLM_esm2-650m_L24_mean_949', 'ESM2_521')",0.245477012882445,1.3,0.5618339090177115,2,0,55,57
10,"('InterPLM_esm2-650m_L24_mean_198', 'ESM2_295', 'ESM2_535', 'ESM2_403', 'ESM2_402', 'ESM2_102', 'ESM2_172', 'ESM2_43', 'ESM2_2', 'ESM2_34')",0.23689368384671602,1.32,0.5618255786927012,2,1,57,59
10,"('InterPLM_esm2-650m_L24_mean_198', 'ESM2_295', 'ESM2_535', 'ESM2_403', 'ESM2_402', 'ESM2_102', 'ESM2_172', 'ESM2_578', 'InterPLM_esm2-650m_L24_mean_1356', 'ESM2_521')",0.23668726877304216,1.32,0.5616810881411295,2,0,57,57
10,"('InterPLM_esm2-650m_L24_mean_198', 'ESM2_295', 'ESM2_535', 'ESM2_403', 'ESM2_402', 'ESM2_102', 'ESM2_172', 'ESM2_578', 'InterPLM_esm2-650m_L24_mean_10015', 'ESM2_574')",0.24952671336822457,1.29,0.5616686993577572,2,0,54,54
10,"('InterPLM_esm2-650m_L24_mean_198', 'ESM2_295', 'ESM2_535', 'ESM2_403', 'ESM2_402', 'ESM2_102', 'ESM2_172', 'ESM2_578', 'InterPLM_esm2-650m_L24_mean_949', 'ESM2_80')",0.2279765784640847,1.34,0.5615836049248593,2,0,59,61
10,"('InterPLM_esm2-650m_L24_mean_198', 'ESM2_295', 'ESM2_535', 'ESM2_403', 'ESM2_402', 'ESM2_102', 'ESM2_172', 'ESM2_578', 'ESM2_2', 'ESM2_34')",0.2450577015291595,1.3,0.5615403910704116,2,1,55,57
10,"('InterPLM_esm2-650m_L24_mean_198', 'ESM2_295', 'ESM2_535', 'ESM2_403', 'ESM2_402', 'ESM2_102', 'ESM2_172', 'ESM2_803', 'InterPLM_esm2-650m_L24_mean_10015', 'ESM2_1048')",0.2236223631557224,1.35,0.5615356542090058,2,0,60,62
10,"('InterPLM_esm2-650m_L24_mean_198', 'ESM2_295', 'ESM2_535', 'ESM2_403', 'ESM2_402', 'ESM2_102', 'ESM2_172', 'ESM2_43', 'ESM2_578', 'ESM2_34')",0.24496644002225648,1.3,0.5614765080155796,2,0,55,57
10,"('InterPLM_esm2-650m_L24_mean_198', 'ESM2_295', 'ESM2_535', 'ESM2_403', 'ESM2_402', 'ESM2_102', 'ESM2_172', 'ESM2_578', 'ESM2_2', 'ESM2_521')",0.24495379821479846,1.3,0.5614676587503589,4,1,55,55
10,"('InterPLM_esm2-650m_L24_mean_198', 'ESM2_295', 'ESM2_535', 'ESM2_403', 'ESM2_402', 'ESM2_102', 'ESM2_172', 'ESM2_578', 'InterPLM_esm2-650m_L24_mean_1774', 'ESM2_518')",0.24483079183359172,1.3,0.5613815542835142,2,1,55,55
10,"('InterPLM_esm2-650m_L24_mean_198', 'ESM2_295', 'ESM2_535', 'ESM2_403', 'ESM2_402', 'ESM2_102', 'ESM2_172', 'ESM2_578', 'InterPLM_esm2-650m_L24_mean_949', 'ESM2_82')",0.23192650048504487,1.33,0.5613485503395315,2,1,58,58
10,"('InterPLM_esm2-650m_L24_mean_198', 'ESM2_295', 'ESM2_535', 'ESM2_403', 'ESM2_402', 'ESM2_102', 'ESM2_172', 'ESM2_803', 'ESM2_34', 'ESM2_1271')",0.22754552392252292,1.34,0.5612818667457661,2,0,59,61
10,"('InterPLM_esm2-650m_L24_mean_198', 'ESM2_295', 'ESM2_535', 'ESM2_403', 'ESM2_402', 'ESM2_102', 'ESM2_172', 'ESM2_803', 'InterPLM_esm2-650m_L24_mean_10015', 'ESM2_960')",0.22747853071766244,1.34,0.5612349715023637,2,0,59,61
10,"('InterPLM_esm2-650m_L24_mean_198', 'ESM2_295', 'ESM2_535', 'ESM2_403', 'ESM2_402', 'ESM2_102', 'ESM2_172', 'ESM2_578', 'ESM2_1277', 'ESM2_406')",0.2399567704325118,1.31,0.5609697393027583,2,0,56,58
10,"('InterPLM_esm2-650m_L24_mean_198', 'ESM2_295', 'ESM2_535', 'ESM2_403', 'ESM2_402', 'ESM2_102', 'ESM2_172', 'ESM2_578', 'ESM2_560', 'ESM2_521')",0.2356681558845656,1.32,0.5609677091191959,2,0,57,57
10,"('InterPLM_esm2-650m_L24_mean_198', 'ESM2_295', 'ESM2_535', 'ESM2_403', 'ESM2_402', 'ESM2_102', 'ESM2_172', 'ESM2_43', 'InterPLM_esm2-650m_L24_mean_1356', 'ESM2_521')",0.23980728541304383,1.31,0.5608650997891307,2,1,56,56
10,"('InterPLM_esm2-650m_L24_mean_198', 'ESM2_295', 'ESM2_535', 'ESM2_403', 'ESM2_402', 'ESM2_102', 'ESM2_172', 'ESM2_43', 'ESM2_803', 'ESM2_1048')",0.21405554320560963,1.37,0.5608388802439268,3,2,62,62
10,"('InterPLM_esm2-650m_L24_mean_198', 'ESM2_295', 'ESM2_535', 'ESM2_403', 'ESM2_402', 'ESM2_102', 'ESM2_172', 'ESM2_578', 'InterPLM_esm2-650m_L24_mean_949', 'ESM2_518')",0.23540742431072695,1.32,0.5607851970175088,2,1,57,59
10,"('InterPLM_esm2-650m_L24_mean_198', 'ESM2_295', 'ESM2_535', 'ESM2_403', 'ESM2_402', 'ESM2_102', 'ESM2_172', 'ESM2_578', 'InterPLM_esm2-650m_L24_mean_1356', 'ESM2_80')",0.22237280256712502,1.35,0.5606609617969875,2,0,60,62
10,"('InterPLM_esm2-650m_L24_mean_198', 'ESM2_295', 'ESM2_535', 'ESM2_403', 'ESM2_402', 'ESM2_102', 'ESM2_172', 'ESM2_578', 'InterPLM_esm2-650m_L24_mean_949', 'InterPLM_esm2-650m_L24_mean_10015')",0.23948694615255817,1.31,0.5606408623067907,2,0,56,58
10,"('InterPLM_esm2-650m_L24_mean_198', 'ESM2_295', 'ESM2_535', 'ESM2_403', 'ESM2_402', 'ESM2_102', 'ESM2_172', 'ESM2_578', 'InterPLM_esm2-650m_L24_mean_10015', 'ESM2_276')",0.23937075924311677,1.31,0.5605595314701818,2,0,56,58
10,"('InterPLM_esm2-650m_L24_mean_198', 'ESM2_295', 'ESM2_535', 'ESM2_403', 'ESM2_402', 'ESM2_102', 'ESM2_172', 'ESM2_43', 'InterPLM_esm2-650m_L24_mean_10015', 'ESM2_746')",0.25216764183487306,1.28,0.5605173492844111,2,0,53,55
10,"('InterPLM_esm2-650m_L24_mean_198', 'ESM2_295', 'ESM2_535', 'ESM2_403', 'ESM2_402', 'ESM2_102', 'ESM2_172', 'ESM2_578', 'ESM2_1277', 'ESM2_521')",0.2392388156781254,1.31,0.5604671709746878,2,1,56,56
10,"('InterPLM_esm2-650m_L24_mean_198', 'ESM2_295', 'ESM2_535', 'ESM2_403', 'ESM2_402', 'ESM2_102', 'ESM2_172', 'ESM2_43', 'InterPLM_esm2-650m_L24_mean_1774', 'ESM2_746')",0.2435233993654034,1.3,0.5604663795557824,2,1,55,55
10,"('InterPLM_esm2-650m_L24_mean_198', 'ESM2_295', 'ESM2_535', 'ESM2_403', 'ESM2_402', 'ESM2_102', 'ESM2_172', 'ESM2_578', 'ESM2_80', 'ESM2_276')",0.23064905423910428,1.33,0.560454337967373,2,1,58,60
10,"('InterPLM_esm2-650m_L24_mean_198', 'ESM2_295', 'ESM2_535', 'ESM2_403', 'ESM2_402', 'ESM2_102', 'ESM2_172', 'ESM2_578', 'ESM2_1277', 'InterPLM_esm2-650m_L24_mean_10015')",0.23491233467249997,1.32,0.56043863427075,2,1,57,59
10,"('InterPLM_esm2-650m_L24_mean_198', 'ESM2_295', 'ESM2_535', 'ESM2_403', 'ESM2_402', 'ESM2_102', 'ESM2_172', 'ESM2_43', 'InterPLM_esm2-650m_L24_mean_949', 'ESM2_521')",0.24329683796235022,1.3,0.5603077865736452,2,0,55,57
10,"('InterPLM_esm2-650m_L24_mean_198', 'ESM2_295', 'ESM2_535', 'ESM2_403', 'ESM2_402', 'ESM2_102', 'ESM2_172', 'ESM2_803', 'ESM2_578', 'ESM2_518')",0.21757110158028592,1.3599999999999999,0.5602997711062001,3,1,61,61
10,"('InterPLM_esm2-650m_L24_mean_198', 'ESM2_295', 'ESM2_535', 'ESM2_403', 'ESM2_402', 'ESM2_102', 'ESM2_172', 'ESM2_43', 'InterPLM_esm2-650m_L24_mean_10015', 'ESM2_1048')",0.24745051555626787,1.29,0.5602153608893875,2,1,54,56
10,"('InterPLM_esm2-650m_L24_mean_198', 'ESM2_295', 'ESM2_535', 'ESM2_403', 'ESM2_402', 'ESM2_102', 'ESM2_172', 'ESM2_578', 'ESM2_34', 'ESM2_521')",0.2345537078333655,1.32,0.5601875954833558,2,0,57,57
10,"('InterPLM_esm2-650m_L24_mean_198', 'ESM2_295', 'ESM2_535', 'ESM2_403', 'ESM2_402', 'ESM2_102', 'ESM2_172', 'ESM2_43', 'InterPLM_esm2-650m_L24_mean_949', 'ESM2_1048')",0.2387376119337257,1.31,0.560116328353608,2,0,56,58
10,"('InterPLM_esm2-650m_L24_mean_198', 'ESM2_295', 'ESM2_535', 'ESM2_403', 'ESM2_402', 'ESM2_102', 'ESM2_172', 'ESM2_578', 'ESM2_1277', 'ESM2_34')",0.2344496169550806,1.32,0.5601147318685564,2,1,57,57
10,"('InterPLM_esm2-650m_L24_mean_198', 'ESM2_295', 'ESM2_535', 'ESM2_403', 'ESM2_402', 'ESM2_102', 'ESM2_172', 'ESM2_578', 'ESM2_518', 'ESM2_521')",0.23438407549423226,1.32,0.5600688528459625,2,1,57,57
10,"('InterPLM_esm2-650m_L24_mean_198', 'ESM2_295', 'ESM2_535', 'ESM2_403', 'ESM2_402', 'ESM2_102', 'ESM2_172', 'ESM2_578', 'InterPLM_esm2-650m_L24_mean_1356', 'ESM2_2')",0.22981535816347426,1.33,0.559870750714432,2,0,58,60
10,"('InterPLM_esm2-650m_L24_mean_198', 'ESM2_295', 'ESM2_535', 'ESM2_403', 'ESM2_402', 'ESM2_102', 'ESM2_172', 'ESM2_578', 'InterPLM_esm2-650m_L24_mean_10015', 'MOL_WEIGHT')",0.23409324849630517,1.32,0.5598652739474136,2,0,57,59
10,"('InterPLM_esm2-650m_L24_mean_198', 'ESM2_295', 'ESM2_535', 'ESM2_403', 'ESM2_402', 'ESM2_102', 'ESM2_172', 'ESM2_578', 'ESM2_82', 'ESM2_521')",0.23834912024724378,1.31,0.5598443841730707,2,1,56,56
10,"('InterPLM_esm2-650m_L24_mean_198', 'ESM2_295', 'ESM2_535', 'ESM2_403', 'ESM2_402', 'ESM2_102', 'ESM2_172', 'ESM2_578', 'InterPLM_esm2-650m_L24_mean_1356', 'ESM2_518')",0.2297013440491121,1.33,0.5597909408343785,2,1,58,60
10,"('InterPLM_esm2-650m_L24_mean_198', 'ESM2_295', 'ESM2_535', 'ESM2_403', 'ESM2_402', 'ESM2_102', 'ESM2_172', 'ESM2_578', 'ESM2_1048', 'ESM2_521')",0.2339560576334486,1.32,0.559769240343414,2,1,57,57
10,"('InterPLM_esm2-650m_L24_mean_198', 'ESM2_295', 'ESM2_535', 'ESM2_403', 'ESM2_402', 'ESM2_102', 'ESM2_172', 'ESM2_43', 'ESM2_746', 'ESM2_34')",0.2380708329516021,1.31,0.5596495830661214,2,0,56,58
10,"('InterPLM_esm2-650m_L24_mean_198', 'ESM2_295', 'ESM2_535', 'ESM2_403', 'ESM2_402', 'ESM2_102', 'ESM2_172', 'ESM2_43', 'ESM2_1277', 'ESM2_560')",0.23371685368644302,1.32,0.5596017975805101,2,1,57,59
10,"('InterPLM_esm2-650m_L24_mean_198', 'ESM2_295', 'ESM2_535', 'ESM2_403', 'ESM2_402', 'ESM2_102', 'ESM2_172', 'ESM2_578', 'ESM2_1277', 'ESM2_82')",0.22512226124659898,1.34,0.5595855828726193,2,1,59,59
10,"('InterPLM_esm2-650m_L24_mean_198', 'ESM2_295', 'ESM2_535', 'ESM2_403', 'ESM2_402', 'ESM2_102', 'ESM2_172', 'ESM2_43', 'InterPLM_esm2-650m_L24_mean_949', 'ESM2_746')",0.24222505445139977,1.3,0.5595575381159799,2,0,55,57
10,"('InterPLM_esm2-650m_L24_mean_198', 'ESM2_295', 'ESM2_535', 'ESM2_403', 'ESM2_402', 'ESM2_102', 'ESM2_172', 'ESM2_803', 'ESM2_917', 'ESM2_776')",0.23355348268387674,1.32,0.5594874378787137,2,1,57,57
10,"('InterPLM_esm2-650m_L24_mean_198', 'ESM2_295', 'ESM2_535', 'ESM2_403', 'ESM2_402', 'ESM2_102', 'ESM2_172', 'ESM2_803', 'ESM2_34', 'MOL_WEIGHT')",0.23348409655045319,1.32,0.5594388675853172,2,0,57,59
10,"('InterPLM_esm2-650m_L24_mean_198', 'ESM2_295', 'ESM2_535', 'ESM2_403', 'ESM2_402', 'ESM2_102', 'ESM2_172', 'ESM2_578', 'ESM2_1277', 'ESM2_746')",0.2162552756886866,1.3599999999999999,0.5593786929820805,2,1,61,61
10,"('InterPLM_esm2-650m_L24_mean_198', 'ESM2_295', 'ESM2_535', 'ESM2_403', 'ESM2_402', 'ESM2_102', 'ESM2_172', 'ESM2_578', 'InterPLM_esm2-650m_L24_mean_7025', 'ESM2_521')",0.2376120489833129,1.31,0.559328434288319,2,1,56,56
10,"('InterPLM_esm2-650m_L24_mean_198', 'ESM2_295', 'ESM2_535', 'ESM2_403', 'ESM2_402', 'ESM2_102', 'ESM2_172', 'ESM2_578', 'InterPLM_esm2-650m_L24_mean_6997', 'ESM2_960')",0.21594219811290447,1.3599999999999999,0.5591595386790331,2,0,61,61
10,"('InterPLM_esm2-650m_L24_mean_198', 'ESM2_295', 'ESM2_535', 'ESM2_403', 'ESM2_402', 'ESM2_102', 'ESM2_172', 'ESM2_578', 'ESM2_776', 'MOL_WEIGHT')",0.2286394469979038,1.33,0.5590476128985327,4,2,58,58
10,"('InterPLM_esm2-650m_L24_mean_198', 'ESM2_295', 'ESM2_535', 'ESM2_403', 'ESM2_402', 'ESM2_102', 'ESM2_172', 'ESM2_578', 'InterPLM_esm2-650m_L24_mean_7025', 'ESM2_2')",0.25430456240591215,1.27,0.5590131936841385,5,4,52,52
10,"('InterPLM_esm2-650m_L24_mean_198', 'ESM2_295', 'ESM2_535', 'ESM2_403', 'ESM2_402', 'ESM2_102', 'ESM2_172', 'ESM2_578', 'ESM2_917', 'ESM2_776')",0.2328731002446481,1.32,0.5590111701712537,2,1,57,57
10,"('InterPLM_esm2-650m_L24_mean_198', 'ESM2_295', 'ESM2_535', 'ESM2_403', 'ESM2_402', 'ESM2_102', 'ESM2_172', 'ESM2_43', 'ESM2_746', 'ESM2_521')",0.24111809304629622,1.3,0.5587826651324074,2,0,55,55
10,"('InterPLM_esm2-650m_L24_mean_198', 'ESM2_295', 'ESM2_535', 'ESM2_403', 'ESM2_402', 'ESM2_102', 'ESM2_172', 'ESM2_578', 'InterPLM_esm2-650m_L24_mean_1356', 'ESM2_746')",0.2109924153830793,1.37,0.5586946907681556,2,1,62,62
10,"('InterPLM_esm2-650m_L24_mean_198', 'ESM2_295', 'ESM2_535', 'ESM2_403', 'ESM2_402', 'ESM2_102', 'ESM2_172', 'ESM2_578', 'ESM2_82', 'ESM2_560')",0.22383684745060783,1.34,0.5586857932154254,2,0,59,59
10,"('InterPLM_esm2-650m_L24_mean_198', 'ESM2_295', 'ESM2_535', 'ESM2_403', 'ESM2_402', 'ESM2_102', 'ESM2_172', 'ESM2_578', 'ESM2_1048', 'ESM2_276')",0.22363816017712185,1.34,0.5585467121239853,2,1,59,59
10,"('InterPLM_esm2-650m_L24_mean_198', 'ESM2_295', 'ESM2_535', 'ESM2_403', 'ESM2_402', 'ESM2_102', 'ESM2_172', 'ESM2_578', 'InterPLM_esm2-650m_L24_mean_6997', 'ESM2_776')",0.21931048391909036,1.35,0.5585173387433633,2,1,60,60
10,"('InterPLM_esm2-650m_L24_mean_198', 'ESM2_295', 'ESM2_535', 'ESM2_403', 'ESM2_402', 'ESM2_102', 'ESM2_172', 'ESM2_578', 'InterPLM_esm2-650m_L24_mean_1356', 'ESM2_776')",0.21065707576155135,1.37,0.5584599530330859,2,0,62,62
10,"('InterPLM_esm2-650m_L24_mean_198', 'ESM2_295', 'ESM2_535', 'ESM2_403', 'ESM2_402', 'ESM2_102', 'ESM2_172', 'ESM2_578', 'ESM2_917', 'ESM2_34')",0.2318833103059661,1.32,0.5583183172141762,2,1,57,57
10,"('InterPLM_esm2-650m_L24_mean_198', 'ESM2_295', 'ESM2_535', 'ESM2_403', 'ESM2_402', 'ESM2_102', 'ESM2_172', 'ESM2_578', 'InterPLM_esm2-650m_L24_mean_10015', 'ESM2_1048')",0.21468128763261662,1.3599999999999999,0.5582769013428316,5,2,61,61
10,"('InterPLM_esm2-650m_L24_mean_198', 'ESM2_295', 'ESM2_535', 'ESM2_403', 'ESM2_402', 'ESM2_102', 'ESM2_172', 'ESM2_578', 'InterPLM_esm2-650m_L24_mean_949', 'ESM2_2')",0.2359365191823916,1.31,0.5581555634276741,2,0,56,58
10,"('InterPLM_esm2-650m_L24_mean_198', 'ESM2_295', 'ESM2_535', 'ESM2_403', 'ESM2_402', 'ESM2_102', 'ESM2_172', 'ESM2_578', 'InterPLM_esm2-650m_L24_mean_7025', 'ESM2_34')",0.24021628193814504,1.3,0.5581513973567015,2,1,55,55
10,"('InterPLM_esm2-650m_L24_mean_198', 'ESM2_295', 'ESM2_535', 'ESM2_403', 'ESM2_402', 'ESM2_102', 'ESM2_172', 'ESM2_43', 'InterPLM_esm2-650m_L24_mean_1356', 'ESM2_746')",0.23591431603937116,1.31,0.5581400212275598,2,0,56,58
10,"('InterPLM_esm2-650m_L24_mean_198', 'ESM2_295', 'ESM2_535', 'ESM2_403', 'ESM2_402', 'ESM2_102', 'ESM2_172', 'ESM2_803', 'ESM2_578', 'ESM2_521')",0.23587798451632097,1.31,0.5581145891614246,2,0,56,56
10,"('InterPLM_esm2-650m_L24_mean_198', 'ESM2_295', 'ESM2_535', 'ESM2_403', 'ESM2_402', 'ESM2_102', 'ESM2_172', 'ESM2_578', 'ESM2_80', 'ESM2_34')",0.23585580124103883,1.31,0.5580990608687272,2,1,56,58
10,"('InterPLM_esm2-650m_L24_mean_198', 'ESM2_295', 'ESM2_535', 'ESM2_403', 'ESM2_402', 'ESM2_102', 'ESM2_172', 'ESM2_578', 'ESM2_917', 'ESM2_82')",0.23571835757813478,1.31,0.5580028503046943,2,0,56,56
10,"('InterPLM_esm2-650m_L24_mean_198', 'ESM2_295', 'ESM2_535', 'ESM2_403', 'ESM2_402', 'ESM2_102', 'ESM2_172', 'ESM2_578', 'InterPLM_esm2-650m_L24_mean_10015', 'ESM2_746')",0.23533547869377702,1.31,0.5577348350856439,2,1,56,58
10,"('InterPLM_esm2-650m_L24_mean_198', 'ESM2_295', 'ESM2_535', 'ESM2_403', 'ESM2_402', 'ESM2_102', 'ESM2_172', 'ESM2_578', 'ESM2_848', 'ESM2_34')",0.24378886421139362,1.29,0.5576522049479755,2,1,54,56
10,"('InterPLM_esm2-650m_L24_mean_198', 'ESM2_295', 'ESM2_535', 'ESM2_403', 'ESM2_402', 'ESM2_102', 'ESM2_172', 'ESM2_578', 'InterPLM_esm2-650m_L24_mean_10015', 'ESM2_560')",0.22223984921683915,1.34,0.5575678944517874,5,0,59,59
10,"('InterPLM_esm2-650m_L24_mean_198', 'ESM2_295', 'ESM2_535', 'ESM2_403', 'ESM2_402', 'ESM2_102', 'ESM2_172', 'ESM2_578', 'ESM2_574', 'ESM2_80')",0.22645482409676979,1.33,0.5575183768677389,3,1,58,59
10,"('InterPLM_esm2-650m_L24_mean_198', 'ESM2_295', 'ESM2_535', 'ESM2_403', 'ESM2_402', 'ESM2_102', 'ESM2_172', 'ESM2_578', 'InterPLM_esm2-650m_L24_mean_1356', 'ESM2_82')",0.22632695179321025,1.33,0.5574288662552471,2,1,58,58
10,"('InterPLM_esm2-650m_L24_mean_198', 'ESM2_295', 'ESM2_535', 'ESM2_403', 'ESM2_402', 'ESM2_102', 'ESM2_172', 'ESM2_803', 'InterPLM_esm2-650m_L24_mean_7025', 'ESM2_34')",0.23915193106477967,1.3,0.5574063517453458,2,1,55,55
10,"('InterPLM_esm2-650m_L24_mean_198', 'ESM2_295', 'ESM2_535', 'ESM2_403', 'ESM2_402', 'ESM2_102', 'ESM2_172', 'ESM2_803', 'ESM2_1048', 'ESM2_1271')",0.22629178601767605,1.33,0.5574042502123733,2,1,58,60
10,"('InterPLM_esm2-650m_L24_mean_198', 'ESM2_295', 'ESM2_535', 'ESM2_403', 'ESM2_402', 'ESM2_102', 'ESM2_172', 'ESM2_578', 'ESM2_82', 'ESM2_746')",0.22601296569367313,1.33,0.5572090759855712,2,1,58,58
10,"('InterPLM_esm2-650m_L24_mean_198', 'ESM2_295', 'ESM2_535', 'ESM2_403', 'ESM2_402', 'ESM2_102', 'ESM2_172', 'ESM2_578', 'InterPLM_esm2-650m_L24_mean_10015', 'ESM2_82')",0.23451868120421537,1.31,0.5571630768429507,2,0,56,58
10,"('InterPLM_esm2-650m_L24_mean_198', 'ESM2_295', 'ESM2_535', 'ESM2_403', 'ESM2_402', 'ESM2_102', 'ESM2_172', 'ESM2_43', 'ESM2_746', 'MOL_WEIGHT')",0.24303487794327217,1.29,0.5571244145602905,2,1,54,56
10,"('InterPLM_esm2-650m_L24_mean_198', 'ESM2_295', 'ESM2_535', 'ESM2_403', 'ESM2_402', 'ESM2_102', 'ESM2_172', 'ESM2_578', 'InterPLM_esm2-650m_L24_mean_10015', 'ESM2_521')",0.23853630141424492,1.3,0.5569754109899714,2,0,55,55
10,"('InterPLM_esm2-650m_L24_mean_198', 'ESM2_295', 'ESM2_535', 'ESM2_403', 'ESM2_402', 'ESM2_102', 'ESM2_172', 'ESM2_578', 'InterPLM_esm2-650m_L24_mean_949', 'ESM2_34')",0.23419466851158582,1.31,0.55693626795811,2,1,56,56
10,"('InterPLM_esm2-650m_L24_mean_198', 'ESM2_295', 'ESM2_535', 'ESM2_403', 'ESM2_402', 'ESM2_102', 'ESM2_172', 'ESM2_43', 'ESM2_2', 'ESM2_746')",0.23417445644536888,1.31,0.5569221195117582,2,1,56,58
10,"('InterPLM_esm2-650m_L24_mean_198', 'ESM2_295', 'ESM2_535', 'ESM2_403', 'ESM2_402', 'ESM2_102', 'ESM2_172', 'ESM2_578', 'ESM2_1277', 'ESM2_776')",0.21692289056252695,1.35,0.5568460233937689,2,1,60,60
10,"('InterPLM_esm2-650m_L24_mean_198', 'ESM2_295', 'ESM2_535', 'ESM2_403', 'ESM2_402', 'ESM2_102', 'ESM2_172', 'ESM2_43', 'ESM2_2', 'MOL_WEIGHT')",0.24620504542888816,1.28,0.5563435318002217,2,1,53,55
10,"('InterPLM_esm2-650m_L24_mean_198', 'ESM2_295', 'ESM2_535', 'ESM2_403', 'ESM2_402', 'ESM2_102', 'ESM2_172', 'ESM2_803', 'ESM2_917', 'InterPLM_esm2-650m_L24_mean_7025')",0.2375958965070847,1.3,0.5563171275549593,2,1,55,55
10,"('InterPLM_esm2-650m_L24_mean_198', 'ESM2_295', 'ESM2_535', 'ESM2_403', 'ESM2_402', 'ESM2_102', 'ESM2_172', 'ESM2_43', 'InterPLM_esm2-650m_L24_mean_949', 'ESM2_1277')",0.22011680316054302,1.34,0.5560817622123801,3,1,59,59
10,"('InterPLM_esm2-650m_L24_mean_198', 'ESM2_295', 'ESM2_535', 'ESM2_403', 'ESM2_402', 'ESM2_102', 'ESM2_172', 'ESM2_578', 'InterPLM_esm2-650m_L24_mean_6997', 'ESM2_34')",0.2284621059002613,1.32,0.555923474130183,2,1,57,57
10,"('InterPLM_esm2-650m_L24_mean_198', 'ESM2_295', 'ESM2_535', 'ESM2_403', 'ESM2_402', 'ESM2_102', 'ESM2_172', 'ESM2_578', 'ESM2_746', 'ESM2_521')",0.24119706351462344,1.29,0.5558379444602364,2,0,54,56
10,"('InterPLM_esm2-650m_L24_mean_198', 'ESM2_295', 'ESM2_535', 'ESM2_403', 'ESM2_402', 'ESM2_102', 'ESM2_172', 'ESM2_578', 'ESM2_746', 'ESM2_34')",0.23256646424695646,1.31,0.5557965249728696,2,0,56,56
10,"('InterPLM_esm2-650m_L24_mean_198', 'ESM2_295', 'ESM2_535', 'ESM2_403', 'ESM2_402', 'ESM2_102', 'ESM2_172', 'ESM2_578', 'ESM2_1277', 'ESM2_518')",0.22827109471036444,1.32,0.5557897662972551,2,0,57,59
10,"('InterPLM_esm2-650m_L24_mean_198', 'ESM2_295', 'ESM2_535', 'ESM2_403', 'ESM2_402', 'ESM2_102', 'ESM2_172', 'ESM2_43', 'ESM2_803', 'ESM2_746')",0.23682524124180418,1.3,0.5557776688692629,2,1,55,57
10,"('InterPLM_esm2-650m_L24_mean_198', 'ESM2_295', 'ESM2_535', 'ESM2_403', 'ESM2_402', 'ESM2_102', 'ESM2_172', 'ESM2_578', 'ESM2_521', 'MOL_WEIGHT')",0.24102400778237235,1.29,0.5557168054476607,2,1,54,54
10,"('InterPLM_esm2-650m_L24_mean_198', 'ESM2_295', 'ESM2_535', 'ESM2_403', 'ESM2_402', 'ESM2_102', 'ESM2_172', 'ESM2_578', 'InterPLM_esm2-650m_L24_mean_10015', 'ESM2_34')",0.24924260624157527,1.27,0.5554698243691027,2,0,52,54
10,"('InterPLM_esm2-650m_L24_mean_198', 'ESM2_295', 'ESM2_535', 'ESM2_403', 'ESM2_402', 'ESM2_102', 'ESM2_172', 'ESM2_43', 'ESM2_1277', 'ESM2_746')",0.23636531987970086,1.3,0.5554557239157906,2,0,55,57
10,"('InterPLM_esm2-650m_L24_mean_198', 'ESM2_295', 'ESM2_535', 'ESM2_403', 'ESM2_402', 'ESM2_102', 'ESM2_172', 'ESM2_578', 'ESM2_960', 'ESM2_34')",0.22755436377779015,1.32,0.5552880546444531,2,1,57,57
10,"('InterPLM_esm2-650m_L24_mean_198', 'ESM2_295', 'ESM2_535', 'ESM2_403', 'ESM2_402', 'ESM2_102', 'ESM2_172', 'ESM2_578', 'ESM2_1048', 'ESM2_1271')",0.22733891593537525,1.32,0.5551372411547627,2,1,57,59
10,"('InterPLM_esm2-650m_L24_mean_198', 'ESM2_295', 'ESM2_535', 'ESM2_403', 'ESM2_402', 'ESM2_102', 'ESM2_172', 'ESM2_578', 'ESM2_1048', 'MOL_WEIGHT')",0.21439645371510319,1.35,0.5550775176005722,2,0,60,62
10,"('InterPLM_esm2-650m_L24_mean_198', 'ESM2_295', 'ESM2_535', 'ESM2_403', 'ESM2_402', 'ESM2_102', 'ESM2_172', 'ESM2_578', 'ESM2_82', 'ESM2_1271')",0.2356897774888538,1.3,0.5549828442421977,2,0,55,55
10,"('InterPLM_esm2-650m_L24_mean_198', 'ESM2_295', 'ESM2_535', 'ESM2_403', 'ESM2_402', 'ESM2_102', 'ESM2_172', 'ESM2_43', 'ESM2_803', 'ESM2_1277')",0.23548990985456117,1.3,0.5548429368981929,2,0,55,57
10,"('InterPLM_esm2-650m_L24_mean_198', 'ESM2_295', 'ESM2_535', 'ESM2_403', 'ESM2_402', 'ESM2_102', 'ESM2_172', 'ESM2_578', 'ESM2_82', 'ESM2_34')",0.2353843996648924,1.3,0.5547690797654247,2,1,55,55
10,"('InterPLM_esm2-650m_L24_mean_198', 'ESM2_295', 'ESM2_535', 'ESM2_403', 'ESM2_402', 'ESM2_102', 'ESM2_172', 'ESM2_578', 'ESM2_2', 'ESM2_574')",0.23531424775049709,1.3,0.554719973425348,4,3,55,55
10,"('InterPLM_esm2-650m_L24_mean_198', 'ESM2_295', 'ESM2_535', 'ESM2_403', 'ESM2_402', 'ESM2_102', 'ESM2_172', 'ESM2_43', 'InterPLM_esm2-650m_L24_mean_949', 'ESM2_2')",0.2394906494869147,1.29,0.5546434546408403,2,1,54,56
10,"('InterPLM_esm2-650m_L24_mean_198', 'ESM2_295', 'ESM2_535', 'ESM2_403', 'ESM2_402', 'ESM2_102', 'ESM2_172', 'ESM2_578', 'InterPLM_esm2-650m_L24_mean_10015', 'InterPLM_esm2-650m_L24_mean_1356')",0.23500587008842508,1.3,0.5545041090618976,2,0,55,57
10,"('InterPLM_esm2-650m_L24_mean_198', 'ESM2_295', 'ESM2_535', 'ESM2_403', 'ESM2_402', 'ESM2_102', 'ESM2_172', 'ESM2_43', 'ESM2_803', 'ESM2_2')",0.23497494152512308,1.3,0.5544824590675862,2,0,55,57
10,"('InterPLM_esm2-650m_L24_mean_198', 'ESM2_295', 'ESM2_535', 'ESM2_403', 'ESM2_402', 'ESM2_102', 'ESM2_172', 'ESM2_43', 'ESM2_521', 'ESM2_1271')",0.2475820570675475,1.27,0.5543074399472833,2,0,52,52
10,"('InterPLM_esm2-650m_L24_mean_198', 'ESM2_295', 'ESM2_535', 'ESM2_403', 'ESM2_402', 'ESM2_102', 'ESM2_172', 'ESM2_578', 'InterPLM_esm2-650m_L24_mean_10015', 'ESM2_960')",0.23882465508000708,1.29,0.554177258556005,2,1,54,56
10,"('InterPLM_esm2-650m_L24_mean_198', 'ESM2_295', 'ESM2_535', 'ESM2_403', 'ESM2_402', 'ESM2_102', 'ESM2_172', 'ESM2_578', 'ESM2_82', 'ESM2_960')",0.2340863929923773,1.3,0.5538604750946641,2,0,55,57
10,"('InterPLM_esm2-650m_L24_mean_198', 'ESM2_295', 'ESM2_535', 'ESM2_403', 'ESM2_402', 'ESM2_102', 'ESM2_172', 'ESM2_803', 'ESM2_574', 'ESM2_34')",0.22502000207390682,1.32,0.5535140014517348,2,1,57,57
10,"('InterPLM_esm2-650m_L24_mean_198', 'ESM2_295', 'ESM2_535', 'ESM2_403', 'ESM2_402', 'ESM2_102', 'ESM2_172', 'ESM2_578', 'ESM2_34', 'ESM2_1271')",0.2332980532329469,1.3,0.5533086372630628,2,1,55,55
10,"('InterPLM_esm2-650m_L24_mean_198', 'ESM2_295', 'ESM2_535', 'ESM2_403', 'ESM2_402', 'ESM2_102', 'ESM2_172', 'ESM2_803', 'ESM2_578', 'ESM2_34')",0.22896489850082397,1.31,0.5532754289505768,2,1,56,56
10,"('InterPLM_esm2-650m_L24_mean_198', 'ESM2_295', 'ESM2_535', 'ESM2_403', 'ESM2_402', 'ESM2_102', 'ESM2_172', 'ESM2_578', 'InterPLM_esm2-650m_L24_mean_1356', 'ESM2_34')",0.22864195083300667,1.31,0.5530493655831047,2,1,56,56
10,"('InterPLM_esm2-650m_L24_mean_198', 'ESM2_295', 'ESM2_535', 'ESM2_403', 'ESM2_402', 'ESM2_102', 'ESM2_172', 'ESM2_43', 'ESM2_1277', 'ESM2_34')",0.24134881047800893,1.28,0.5529441673346063,2,0,53,55
10,"('InterPLM_esm2-650m_L24_mean_198', 'ESM2_295', 'ESM2_535', 'ESM2_403', 'ESM2_402', 'ESM2_102', 'ESM2_172', 'ESM2_43', 'ESM2_1277', 'ESM2_1048')",0.23276288279120974,1.3,0.5529340179538469,2,0,55,57
10,"('InterPLM_esm2-650m_L24_mean_198', 'ESM2_295', 'ESM2_535', 'ESM2_403', 'ESM2_402', 'ESM2_102', 'ESM2_172', 'ESM2_43', 'ESM2_1048', 'ESM2_746')",0.23263561632251542,1.3,0.5528449314257609,2,1,55,57
10,"('InterPLM_esm2-650m_L24_mean_198', 'ESM2_295', 'ESM2_535', 'ESM2_403', 'ESM2_402', 'ESM2_102', 'ESM2_172', 'ESM2_803', 'ESM2_578', 'ESM2_960')",0.21107229897987762,1.35,0.5527506092859144,4,3,60,60
10,"('InterPLM_esm2-650m_L24_mean_198', 'ESM2_295', 'ESM2_535', 'ESM2_403', 'ESM2_402', 'ESM2_102', 'ESM2_172', 'ESM2_43', 'ESM2_1048', 'ESM2_40')",0.23676291788721462,1.29,0.5527340425210503,2,0,54,54
10,"('InterPLM_esm2-650m_L24_mean_198', 'ESM2_295', 'ESM2_535', 'ESM2_403', 'ESM2_402', 'ESM2_102', 'ESM2_172', 'ESM2_803', 'InterPLM_esm2-650m_L24_mean_10015', 'ESM2_276')",0.2280709496883819,1.31,0.5526496647818673,2,1,56,58
10,"('InterPLM_esm2-650m_L24_mean_198', 'ESM2_295', 'ESM2_535', 'ESM2_403', 'ESM2_402', 'ESM2_102', 'ESM2_172', 'ESM2_803', 'ESM2_578', 'ESM2_1271')",0.2278481634286904,1.31,0.5524937144000833,2,0,56,58
10,"('InterPLM_esm2-650m_L24_mean_198', 'ESM2_295', 'ESM2_535', 'ESM2_403', 'ESM2_402', 'ESM2_102', 'ESM2_172', 'ESM2_803', 'ESM2_746', 'ESM2_960')",0.21056400557434785,1.35,0.5523948039020435,2,1,60,60
10,"('InterPLM_esm2-650m_L24_mean_198', 'ESM2_295', 'ESM2_535', 'ESM2_403', 'ESM2_402', 'ESM2_102', 'ESM2_172', 'ESM2_578', 'ESM2_82', 'ESM2_776')",0.22755512674515777,1.31,0.5522885887216105,2,0,56,56
10,"('InterPLM_esm2-650m_L24_mean_198', 'ESM2_295', 'ESM2_535', 'ESM2_403', 'ESM2_402', 'ESM2_102', 'ESM2_172', 'ESM2_578', 'ESM2_560', 'ESM2_34')",0.22738675370440162,1.31,0.5521707275930812,2,1,56,56
10,"('InterPLM_esm2-650m_L24_mean_198', 'ESM2_295', 'ESM2_535', 'ESM2_403', 'ESM2_402', 'ESM2_102', 'ESM2_172', 'ESM2_578', 'ESM2_917', 'InterPLM_esm2-650m_L24_mean_10015')",0.23984812793745122,1.28,0.5518936895562159,2,1,53,53
10,"('InterPLM_esm2-650m_L24_mean_198', 'ESM2_295', 'ESM2_535', 'ESM2_403', 'ESM2_402', 'ESM2_102', 'ESM2_172', 'ESM2_43', 'ESM2_1048', 'ESM2_521')",0.23546561782273553,1.29,0.5518259324759149,2,1,54,54
10,"('InterPLM_esm2-650m_L24_mean_198', 'ESM2_295', 'ESM2_535', 'ESM2_403', 'ESM2_402', 'ESM2_102', 'ESM2_172', 'ESM2_578', 'ESM2_960', 'MOL_WEIGHT')",0.21810260808560436,1.33,0.5516718256599231,2,0,58,58
10,"('InterPLM_esm2-650m_L24_mean_198', 'ESM2_295', 'ESM2_535', 'ESM2_403', 'ESM2_402', 'ESM2_102', 'ESM2_172', 'ESM2_43', 'ESM2_746', 'ESM2_40')",0.2392260066625756,1.28,0.5514582046638029,2,0,53,53
10,"('InterPLM_esm2-650m_L24_mean_198', 'ESM2_295', 'ESM2_535', 'ESM2_403', 'ESM2_402', 'ESM2_102', 'ESM2_172', 'ESM2_43', 'ESM2_1277', 'ESM2_2')",0.2347972887926225,1.29,0.5513581021548357,2,1,54,54
10,"('InterPLM_esm2-650m_L24_mean_198', 'ESM2_295', 'ESM2_535', 'ESM2_403', 'ESM2_402', 'ESM2_102', 'ESM2_172', 'ESM2_578', 'ESM2_1277', 'ESM2_960')",0.21748331261105258,1.33,0.5512383188277368,2,1,58,58
10,"('InterPLM_esm2-650m_L24_mean_198', 'ESM2_295', 'ESM2_535', 'ESM2_403', 'ESM2_402', 'ESM2_102', 'ESM2_172', 'ESM2_578', 'ESM2_1048', 'ESM2_82')",0.22578134777956593,1.31,0.5510469434456962,2,0,56,56
10,"('InterPLM_esm2-650m_L24_mean_198', 'ESM2_295', 'ESM2_535', 'ESM2_403', 'ESM2_402', 'ESM2_102', 'ESM2_172', 'ESM2_803', 'ESM2_917', 'ESM2_82')",0.22994472230353394,1.3,0.5509613056124738,3,0,55,55
10,"('InterPLM_esm2-650m_L24_mean_198', 'ESM2_295', 'ESM2_535', 'ESM2_403', 'ESM2_402', 'ESM2_102', 'ESM2_172', 'ESM2_578', 'InterPLM_esm2-650m_L24_mean_7025', 'ESM2_1271')",0.24685850170794674,1.26,0.5508009511955627,5,4,51,51
10,"('InterPLM_esm2-650m_L24_mean_198', 'ESM2_295', 'ESM2_535', 'ESM2_403', 'ESM2_402', 'ESM2_102', 'ESM2_172', 'ESM2_578', 'ESM2_960', 'ESM2_521')",0.2339995683584495,1.29,0.5507996978509146,2,0,54,54
10,"('InterPLM_esm2-650m_L24_mean_198', 'ESM2_295', 'ESM2_535', 'ESM2_403', 'ESM2_402', 'ESM2_102', 'ESM2_172', 'ESM2_803', 'InterPLM_esm2-650m_L24_mean_10015', 'InterPLM_esm2-650m_L24_mean_1356')",0.22491274177456283,1.31,0.550438919242194,2,1,56,58
10,"('InterPLM_esm2-650m_L24_mean_198', 'ESM2_295', 'ESM2_535', 'ESM2_403', 'ESM2_402', 'ESM2_102', 'ESM2_172', 'ESM2_578', 'ESM2_1277', 'ESM2_1271')",0.22899537717550406,1.3,0.5502967640228529,2,1,55,55
10,"('InterPLM_esm2-650m_L24_mean_198', 'ESM2_295', 'ESM2_535', 'ESM2_403', 'ESM2_402', 'ESM2_102', 'ESM2_172', 'ESM2_43', 'ESM2_917', 'InterPLM_esm2-650m_L24_mean_1356')",0.24173900972165033,1.27,0.5502173068051552,2,0,52,54
10,"('InterPLM_esm2-650m_L24_mean_198', 'ESM2_295', 'ESM2_535', 'ESM2_403', 'ESM2_402', 'ESM2_102', 'ESM2_172', 'ESM2_578', 'ESM2_40', 'ESM2_34')",0.2286868115734587,1.3,0.550080768101421,2,1,55,55
10,"('InterPLM_esm2-650m_L24_mean_198', 'ESM2_295', 'ESM2_535', 'ESM2_403', 'ESM2_402', 'ESM2_102', 'ESM2_172', 'ESM2_578', 'ESM2_960', 'ESM2_1271')",0.23185552143665153,1.29,0.5492988650056561,2,1,54,54
10,"('InterPLM_esm2-650m_L24_mean_198', 'ESM2_295', 'ESM2_535', 'ESM2_403', 'ESM2_402', 'ESM2_102', 'ESM2_172', 'ESM2_578', 'ESM2_776', 'ESM2_521')",0.2357883131471776,1.28,0.5490518192030243,2,0,53,55
10,"('InterPLM_esm2-650m_L24_mean_198', 'ESM2_295', 'ESM2_535', 'ESM2_403', 'ESM2_402', 'ESM2_102', 'ESM2_172', 'ESM2_578', 'InterPLM_esm2-650m_L24_mean_1356', 'ESM2_1271')",0.22718420665183803,1.3,0.5490289446562866,2,1,55,55
10,"('InterPLM_esm2-650m_L24_mean_198', 'ESM2_295', 'ESM2_535', 'ESM2_403', 'ESM2_402', 'ESM2_102', 'ESM2_172', 'ESM2_43', 'ESM2_803', 'ESM2_560')",0.23549027053001131,1.28,0.548843189371008,2,1,53,55
10,"('InterPLM_esm2-650m_L24_mean_198', 'ESM2_295', 'ESM2_535', 'ESM2_403', 'ESM2_402', 'ESM2_102', 'ESM2_172', 'ESM2_43', 'ESM2_1277', 'InterPLM_esm2-650m_L24_mean_1356')",0.2353508908968283,1.28,0.5487456236277798,2,0,53,55
10,"('InterPLM_esm2-650m_L24_mean_198', 'ESM2_295', 'ESM2_535', 'ESM2_403', 'ESM2_402', 'ESM2_102', 'ESM2_172', 'ESM2_43', 'ESM2_560', 'ESM2_746')",0.23521373206999177,1.28,0.5486496124489942,2,0,53,55
10,"('InterPLM_esm2-650m_L24_mean_198', 'ESM2_295', 'ESM2_535', 'ESM2_403', 'ESM2_402', 'ESM2_102', 'ESM2_172', 'ESM2_43', 'ESM2_560', 'ESM2_521')",0.23937773918709696,1.27,0.5485644174309678,2,0,52,54
10,"('InterPLM_esm2-650m_L24_mean_198', 'ESM2_295', 'ESM2_535', 'ESM2_403', 'ESM2_402', 'ESM2_102', 'ESM2_172', 'ESM2_578', 'ESM2_560', 'ESM2_518')",0.23072302260204192,1.29,0.5485061158214293,2,0,54,56
10,"('InterPLM_esm2-650m_L24_mean_198', 'ESM2_295', 'ESM2_535', 'ESM2_403', 'ESM2_402', 'ESM2_102', 'ESM2_172', 'ESM2_43', 'InterPLM_esm2-650m_L24_mean_1356', 'ESM2_2')",0.23493544351040166,1.28,0.5484548104572812,2,0,53,55
10,"('InterPLM_esm2-650m_L24_mean_198', 'ESM2_295', 'ESM2_535', 'ESM2_403', 'ESM2_402', 'ESM2_102', 'ESM2_172', 'ESM2_43', 'InterPLM_esm2-650m_L24_mean_6997', 'ESM2_2')",0.23487640712932994,1.28,0.548413484990531,2,1,53,55
10,"('InterPLM_esm2-650m_L24_mean_198', 'ESM2_295', 'ESM2_535', 'ESM2_403', 'ESM2_402', 'ESM2_102', 'ESM2_172', 'ESM2_803', 'InterPLM_esm2-650m_L24_mean_949', 'ESM2_34')",0.22610673267800374,1.3,0.5482747128746026,2,1,55,55
10,"('InterPLM_esm2-650m_L24_mean_198', 'ESM2_295', 'ESM2_535', 'ESM2_403', 'ESM2_402', 'ESM2_102', 'ESM2_172', 'ESM2_578', 'InterPLM_esm2-650m_L24_mean_949', 'ESM2_960')",0.2213424438154961,1.31,0.5479397106708472,2,1,56,56
10,"('InterPLM_esm2-650m_L24_mean_198', 'ESM2_295', 'ESM2_535', 'ESM2_403', 'ESM2_402', 'ESM2_102', 'ESM2_172', 'ESM2_803', 'ESM2_1277', 'ESM2_34')",0.22543992631056617,1.3,0.5478079484173963,2,1,55,55
10,"('InterPLM_esm2-650m_L24_mean_198', 'ESM2_295', 'ESM2_535', 'ESM2_403', 'ESM2_402', 'ESM2_102', 'ESM2_172', 'ESM2_803', 'ESM2_578', 'ESM2_1048')",0.21245227375717687,1.33,0.5477165916300238,2,1,58,58
10,"('InterPLM_esm2-650m_L24_mean_198', 'ESM2_295', 'ESM2_535', 'ESM2_403', 'ESM2_402', 'ESM2_102', 'ESM2_172', 'ESM2_43', 'InterPLM_esm2-650m_L24_mean_1356', 'ESM2_1048')",0.23353508550325908,1.28,0.5474745598522813,2,1,53,55
10,"('InterPLM_esm2-650m_L24_mean_198', 'ESM2_295', 'ESM2_535', 'ESM2_403', 'ESM2_402', 'ESM2_102', 'ESM2_172', 'ESM2_578', 'ESM2_34', 'ESM2_276')",0.2331606984755671,1.28,0.547212488932897,2,1,53,53
10,"('InterPLM_esm2-650m_L24_mean_198', 'ESM2_295', 'ESM2_535', 'ESM2_403', 'ESM2_402', 'ESM2_102', 'ESM2_172', 'ESM2_803', 'InterPLM_esm2-650m_L24_mean_10015', 'MOL_WEIGHT')",0.22385388663368114,1.3,0.5466977206435768,2,0,55,57
10,"('InterPLM_esm2-650m_L24_mean_198', 'ESM2_295', 'ESM2_535', 'ESM2_403', 'ESM2_402', 'ESM2_102', 'ESM2_172', 'ESM2_803', 'ESM2_776', 'ESM2_34')",0.22810955914434847,1.29,0.5466766914010439,2,1,54,54
10,"('InterPLM_esm2-650m_L24_mean_198', 'ESM2_295', 'ESM2_535', 'ESM2_403', 'ESM2_402', 'ESM2_102', 'ESM2_172', 'ESM2_578', 'ESM2_82', 'ESM2_276')",0.232365706258032,1.28,0.5466559943806224,2,0,53,55
10,"('InterPLM_esm2-650m_L24_mean_198', 'ESM2_295', 'ESM2_535', 'ESM2_403', 'ESM2_402', 'ESM2_102', 'ESM2_172', 'ESM2_803', 'ESM2_960', 'ESM2_34')",0.2194449264844644,1.31,0.5466114485391251,2,1,56,56
10,"('InterPLM_esm2-650m_L24_mean_198', 'ESM2_295', 'ESM2_535', 'ESM2_403', 'ESM2_402', 'ESM2_102', 'ESM2_172', 'ESM2_803', 'ESM2_746', 'ESM2_34')",0.2321607833988058,1.28,0.5465125483791641,2,0,53,55
10,"('InterPLM_esm2-650m_L24_mean_198', 'ESM2_295', 'ESM2_535', 'ESM2_403', 'ESM2_402', 'ESM2_102', 'ESM2_172', 'ESM2_578', 'InterPLM_esm2-650m_L24_mean_1356', 'ESM2_1048')",0.21054785985642602,1.33,0.5463835018994982,2,0,58,58
10,"('InterPLM_esm2-650m_L24_mean_198', 'ESM2_295', 'ESM2_535', 'ESM2_403', 'ESM2_402', 'ESM2_102', 'ESM2_172', 'ESM2_578', 'ESM2_1048', 'ESM2_960')",0.2144354144439801,1.32,0.546104790110786,2,0,57,57
10,"('InterPLM_esm2-650m_L24_mean_198', 'ESM2_295', 'ESM2_535', 'ESM2_403', 'ESM2_402', 'ESM2_102', 'ESM2_172', 'ESM2_578', 'ESM2_746', 'ESM2_776')",0.21307125475106006,1.32,0.545149878325742,2,0,57,59
10,"('InterPLM_esm2-650m_L24_mean_198', 'ESM2_295', 'ESM2_535', 'ESM2_403', 'ESM2_402', 'ESM2_102', 'ESM2_172', 'ESM2_803', 'InterPLM_esm2-650m_L24_mean_1356', 'ESM2_34')",0.22150936550782258,1.3,0.5450565558554759,2,1,55,55
10,"('InterPLM_esm2-650m_L24_mean_198', 'ESM2_295', 'ESM2_535', 'ESM2_403', 'ESM2_402', 'ESM2_102', 'ESM2_172', 'ESM2_803', 'InterPLM_esm2-650m_L24_mean_6997', 'ESM2_34')",0.220855688398716,1.3,0.5445989818791012,2,0,55,55
10,"('InterPLM_esm2-650m_L24_mean_198', 'ESM2_295', 'ESM2_535', 'ESM2_403', 'ESM2_402', 'ESM2_102', 'ESM2_172', 'ESM2_578', 'ESM2_1048', 'ESM2_34')",0.2293106325060002,1.28,0.5445174427542001,2,0,53,53
10,"('InterPLM_esm2-650m_L24_mean_198', 'ESM2_295', 'ESM2_535', 'ESM2_403', 'ESM2_402', 'ESM2_102', 'ESM2_172', 'ESM2_578', 'ESM2_746', 'ESM2_1271')",0.22488827685435436,1.29,0.544421793798048,2,0,54,56
10,"('InterPLM_esm2-650m_L24_mean_198', 'ESM2_295', 'ESM2_535', 'ESM2_403', 'ESM2_402', 'ESM2_102', 'ESM2_172', 'ESM2_803', 'ESM2_578', 'ESM2_82')",0.22861797606939394,1.28,0.5440325832485757,2,1,53,53
10,"('InterPLM_esm2-650m_L24_mean_198', 'ESM2_295', 'ESM2_535', 'ESM2_403', 'ESM2_402', 'ESM2_102', 'ESM2_172', 'ESM2_803', 'ESM2_560', 'ESM2_34')",0.21949465704059498,1.3,0.5436462599284165,2,1,55,55
10,"('InterPLM_esm2-650m_L24_mean_198', 'ESM2_295', 'ESM2_535', 'ESM2_403', 'ESM2_402', 'ESM2_102', 'ESM2_172', 'ESM2_578', 'ESM2_776', 'ESM2_34')",0.22805725212702607,1.28,0.5436400764889182,2,1,53,53
10,"('InterPLM_esm2-650m_L24_mean_198', 'ESM2_295', 'ESM2_535', 'ESM2_403', 'ESM2_402', 'ESM2_102', 'ESM2_172', 'ESM2_803', 'ESM2_776', 'MOL_WEIGHT')",0.22473626037205446,1.28,0.5413153822604382,4,1,53,53
10,"('InterPLM_esm2-650m_L24_mean_198', 'ESM2_295', 'ESM2_535', 'ESM2_403', 'ESM2_402', 'ESM2_102', 'ESM2_172', 'ESM2_578', 'ESM2_1271', 'MOL_WEIGHT')",0.22896147235893674,1.27,0.5412730306512556,2,0,52,54
10,"('InterPLM_esm2-650m_L24_mean_198', 'ESM2_295', 'ESM2_535', 'ESM2_403', 'ESM2_402', 'ESM2_102', 'ESM2_172', 'ESM2_803', 'ESM2_34', 'ESM2_276')",0.22883956806663738,1.27,0.5411876976466462,2,0,52,54
10,"('InterPLM_esm2-650m_L24_mean_198', 'ESM2_295', 'ESM2_535', 'ESM2_403', 'ESM2_402', 'ESM2_102', 'ESM2_172', 'ESM2_803', 'ESM2_82', 'ESM2_34')",0.22833140541687125,1.27,0.5408319837918099,2,0,52,54
10,"('InterPLM_esm2-650m_L24_mean_198', 'ESM2_295', 'ESM2_535', 'ESM2_403', 'ESM2_402', 'ESM2_102', 'ESM2_172', 'ESM2_578', 'ESM2_960', 'ESM2_276')",0.21962005728394526,1.29,0.5407340400987617,2,0,54,56
10,"('InterPLM_esm2-650m_L24_mean_198', 'ESM2_295', 'ESM2_535', 'ESM2_403', 'ESM2_402', 'ESM2_102', 'ESM2_172', 'ESM2_803', 'ESM2_1048', 'ESM2_34')",0.22723650825245725,1.27,0.5400655557767201,2,0,52,54
10,"('InterPLM_esm2-650m_L24_mean_198', 'ESM2_295', 'ESM2_535', 'ESM2_403', 'ESM2_402', 'ESM2_102', 'ESM2_172', 'ESM2_578', 'InterPLM_esm2-650m_L24_mean_949', 'ESM2_1048')",0.21333732640013284,1.3,0.539336128480093,2,0,55,55
10,"('InterPLM_esm2-650m_L24_mean_198', 'ESM2_295', 'ESM2_535', 'ESM2_403', 'ESM2_402', 'ESM2_102', 'ESM2_172', 'ESM2_803', 'InterPLM_esm2-650m_L24_mean_10015', 'ESM2_746')",0.2258914312229512,1.27,0.5391240018560658,2,0,52,54
10,"('InterPLM_esm2-650m_L24_mean_198', 'ESM2_295', 'ESM2_535', 'ESM2_403', 'ESM2_402', 'ESM2_102', 'ESM2_172', 'ESM2_578', 'ESM2_1048', 'ESM2_746')",0.2103163160073444,1.3,0.537221421205141,2,1,55,57
10,"('InterPLM_esm2-650m_L24_mean_198', 'ESM2_295', 'ESM2_535', 'ESM2_403', 'ESM2_402', 'ESM2_102', 'ESM2_172', 'ESM2_803', 'ESM2_40', 'ESM2_34')",0.22024094952102055,1.27,0.5351686646647144,2,0,52,54
10,"('InterPLM_esm2-650m_L24_mean_198', 'ESM2_295', 'ESM2_535', 'ESM2_403', 'ESM2_402', 'ESM2_102', 'ESM2_172', 'ESM2_578', 'InterPLM_esm2-650m_L24_mean_1356', 'ESM2_960')",0.21584326429608441,1.28,0.5350902850072591,2,1,53,55
10,"('InterPLM_esm2-650m_L24_mean_198', 'ESM2_295', 'ESM2_535', 'ESM2_403', 'ESM2_402', 'ESM2_102', 'ESM2_172', 'ESM2_578', 'ESM2_746', 'ESM2_960')",0.21503526835092243,1.28,0.5345246878456457,2,1,53,53
